Filename;q_flag;Avg Time;Avg Energy;File Size;Resolution;bpp;;ssim;psnr;mse;;min fs;max fs ;avg fs;median fs
bikes;62;0,011664925;0,55;217449;768x512;4,424;62;0,950953077;31,87066612;42,2681995;;60588;926368;273215,362;235203
bikes;63;0,009380098;0,48;221650;768x512;4,5094;63;0,952207099;32,00001711;41,02783966;;min bpp;max bpp;avg bpp;median bpp
bikes;64;0,009488428;0,46;224022;768x512;4,5577;64;0,953080373;32,10620313;40,03686354;;1,2326;19,5525;6,224246613;5,4028
bikes;65;0,009497299;0,42;228530;768x512;4,6494;65;0,954311915;32,2365833;38,85277388;;min time;max time ;avg time;median time
bikes;66;0,009593499;0,44;231767;768x512;4,7153;66;0,955445199;32,3755857;37,6289232;;0,006098469;0,018621056;0,009832481;0,009405448
bikes;67;0,009654579;0,41;235203;768x512;4,7852;67;0,956620264;32,510603;36,4770796;;min enrg;max nrg;avg nrg;median nrg
bikes;68;0,009551028;0,41;240084;768x512;4,8845;68;0,957809851;32,65039209;35,32166375;;0,25;1,38;0,46760364;0,45
bikes;69;0,009737869;0,43;243889;768x512;4,9619;69;0,958937137;32,7864978;34,23186662;;;;;
bikes;70;0,00994397;0,47;249381;768x512;5,0736;70;0,960435277;32,96377436;32,86267598;;;;;
bikes;71;0,009853789;0,47;253836;768x512;5,1643;71;0,961596277;33,13318148;31,60546705;;;;;
bikes;72;0,010257621;0,5;257619;768x512;5,2412;72;0,962801663;33,28779652;30,50006104;;;;;
bikes;73;0,00994666;0,45;263309;768x512;5,357;73;0,96386098;33,44811605;29,39468129;;;;;
bikes;74;0,01030244;0,49;270641;768x512;5,5062;74;0,965492962;33,66623694;27,95481788;;;;;
bikes;75;0,010216041;0,46;272737;768x512;5,5488;75;0,966426905;33,80873166;27,05248684;;;;;
bikes;76;0,010703612;0,53;278922;768x512;5,6746;76;0,967970662;34,05159209;25,58121406;;;;;
bikes;77;0,010451301;0,45;287663;768x512;5,8525;77;0,969625167;34,30255788;24,14485338;;;;;
bikes;78;0,010652581;0,5;294826;768x512;5,9982;78;0,970843814;34,51847032;22,97382609;;;;;
bikes;79;0,010567682;0,46;300453;768x512;6,1127;79;0,972067418;34,73961749;21,83326128;;;;;
bikes;80;0,010735572;0,52;307789;768x512;6,2619;80;0,973481597;35,00459738;20,54095459;;;;;
bikes;81;0,011256493;0,52;317657;768x512;6,4627;81;0,975012441;35,30728085;19,15809292;;;;;
bikes;82;0,011137143;0,58;325366;768x512;6,6195;82;0,97642028;35,59265723;17,93967777;;;;;
bikes;83;0,011145673;0,5;336755;768x512;6,8512;83;0,977784646;35,89784169;16,72230699;;;;;
bikes;84;0,011455964;0,59;346024;768x512;7,0398;84;0,979232066;36,23424125;15,47591146;;;;;
bikes;85;0,011816195;0,51;354949;768x512;7,2214;85;0,980648143;36,60080751;14,22327508;;;;;
bikes;86;0,012047716;0,63;369709;768x512;7,5217;86;0,982148284;37,01510755;12,92913903;;;;;
bikes;87;0,011889766;0,55;379481;768x512;7,7205;87;0,983465453;37,4075325;11,81209988;;;;;
bikes;88;0,012213727;0,58;396059;768x512;8,0578;88;0,985082457;37,91452652;10,51060486;;;;;
bikes;89;0,012598168;0,57;409693;768x512;8,3352;89;0,986501391;38,41363668;9,369505988;;;;;
bikes;90;0,013032209;0,7;430526;768x512;8,759;90;0,988002628;39,02434958;8,140393575;;;;;
bikes;91;0,012849748;0,58;448077;768x512;9,1161;91;0,98939131;39,65592999;7,038617452;;;;;
bikes;92;0,013383309;0,7;467000;768x512;9,5011;92;0,990942812;40,43833239;5,878237406;;;;;
bikes;93;0,013867281;0,62;497142;768x512;10,1143;93;0,99236043;41,3027287;4,817342122;;;;;
bikes;94;0,014247332;0,64;533865;768x512;10,8615;94;0,993821229;42,38428286;3,755364312;;;;;
bikes;95;0,014558714;0,67;574120;768x512;11,6805;95;0,995104639;43,57883351;2,852311876;;;;;
bikes;96;0,015294445;0,78;623816;768x512;12,6915;96;0,996483698;45,19777637;1,964729309;;;;;
bikes;97;0,015976538;0,75;680549;768x512;13,8458;97;0,997580604;47,15016461;1,253325568;;;;;
bikes;98;0,017135321;0,78;745953;768x512;15,1764;98;0,998599675;49,99418989;0,651120504;;;;;
bikes;99;0,017876303;0,85;839450;768x512;17,0786;99;0,999405606;54,53007639;0,229125129;;;;;
building2;63;0,009184887;0,44;240525;640x512;5,8721;63;0,950266542;29,80497618;68,01156108;;;;;
building2;64;0,009187388;0,47;243382;640x512;5,9419;64;0,951421039;29,91890531;66,25060221;;;;;
building2;65;0,009120017;0,41;247837;640x512;6,0507;65;0,952726639;30,05580134;64,19485575;;;;;
building2;66;0,009236548;0,43;251465;640x512;6,1392;66;0,954253891;30,20867347;61,97449748;;;;;
building2;67;0,009265288;0,45;255085;640x512;6,2276;67;0,955503555;30,35453984;59,92752991;;;;;
building2;68;0,009382768;0,43;260182;640x512;6,352;68;0,956921465;30,50483913;57,88905334;;;;;
building2;69;0,009475879;0,46;264114;640x512;6,448;69;0,958150098;30,6597154;55,86101481;;;;;
building2;70;0,009578409;0,45;269773;640x512;6,5862;70;0,959705956;30,84574548;53,51873169;;;;;
building2;71;0,009739869;0,48;274741;640x512;6,7075;71;0,96104087;31,03209011;51,27094828;;;;;
building2;72;0,009485278;0,45;278833;640x512;6,8074;72;0,962368869;31,20133661;49,31132813;;;;;
building2;73;0,009688189;0,41;284564;640x512;6,9473;73;0,963637132;31,38559072;47,26300049;;;;;
building2;74;0,0099024;0,49;291997;640x512;7,1288;74;0,965245176;31,61143765;44,86798808;;;;;
building2;75;0,010675342;0,52;294630;640x512;7,1931;75;0,966336991;31,77578565;43,20179545;;;;;
building2;76;0,00997084;0,46;301338;640x512;7,3568;76;0,968043247;32,04048764;40,64729004;;;;;
building2;77;0,010608482;0,54;310151;640x512;7,572;77;0,969690835;32,29706545;38,31543986;;;;;
building2;78;0,012127266;0,55;317438;640x512;7,7499;78;0,97112427;32,53673681;36,25823669;;;;;
building2;79;0,010358021;0,48;323382;640x512;7,895;79;0,972468585;32,77770991;34,30120443;;;;;
building2;80;0,010741352;0,44;331269;640x512;8,0876;80;0,974012989;33,07303304;32,0462382;;;;;
building2;81;0,012153767;0,6;341125;640x512;8,3282;81;0,97575159;33,4008614;29,71626485;;;;;
building2;82;0,010641302;0,51;349142;640x512;8,5239;82;0,977173405;33,71549253;27,63955892;;;;;
building2;83;0,010871552;0,53;360695;640x512;8,806;83;0,978676616;34,0549456;25,56146851;;;;;
building2;84;0,010919213;0,5;370317;640x512;9,0409;84;0,980250428;34,42781249;23,45843913;;;;;
building2;85;0,011180414;0,56;379735;640x512;9,2708;85;0,981800945;34,83122632;21,37754008;;;;;
building2;86;0,011441525;0,56;394372;640x512;9,6282;86;0,983462235;35,28986135;19,23509013;;;;;
building2;87;0,011540045;0,59;404855;640x512;9,8841;87;0,984924612;35,74421831;17,32441305;;;;;
building2;88;0,011788425;0,52;421087;640x512;10,2804;88;0,986600582;36,30682045;15,21942749;;;;;
building2;89;0,011849905;0,51;435077;640x512;10,6219;89;0,988078365;36,86583148;13,38126628;;;;;
building2;90;0,012042526;0,55;455439;640x512;11,1191;90;0,98966842;37,55416067;11,41995239;;;;;
building2;91;0,012351347;0,59;472650;640x512;11,5393;91;0,99110366;38,26384147;9,698313395;;;;;
building2;92;0,012493757;0,54;491345;640x512;11,9957;92;0,99269281;39,17984242;7,854094442;;;;;
building2;93;0,012941739;0,61;520151;640x512;12,6989;93;0,994030568;40,13685398;6,300789388;;;;;
building2;94;0,013077389;0,55;553727;640x512;13,5187;94;0,995430758;41,36233594;4,751675415;;;;;
building2;95;0,013823432;0,69;590559;640x512;14,4179;95;0,996605603;42,73242452;3,466074626;;;;;
building2;96;0,014053692;0,61;633693;640x512;15,471;96;0,997721877;44,52958795;2,291508993;;;;;
building2;97;0,014442543;0,65;681317;640x512;16,6337;97;0,998575856;46,72637625;1,381792196;;;;;
building2;98;0,015440836;0,69;730845;640x512;17,8428;98;0,999267852;49,87456019;0,66930542;;;;;
building2;99;0,016072728;0,78;800873;640x512;19,5525;99;0,999717539;54,53764453;0,228726196;;;;;
buildings;70;0,01005848;0,47;254787;768x512;5,1836;70;0,950581885;32,44744718;37,01141103;;;;;
buildings;71;0,010176991;0,46;259565;768x512;5,2808;71;0,951945834;32,61052172;35,64742703;;;;;
buildings;72;0,01028912;0,49;263620;768x512;5,3633;72;0,953134498;32,76014098;34,44024743;;;;;
buildings;73;0,012205286;0,62;268915;768x512;5,471;73;0,954403559;32,91893639;33,2037184;;;;;
buildings;74;0,010549112;0,45;276843;768x512;5,6323;74;0,956090819;33,1259817;31,65790643;;;;;
buildings;75;0,010526891;0,5;279337;768x512;5,6831;75;0,95708055;33,26358796;30,67055003;;;;;
buildings;76;0,010790623;0,52;285723;768x512;5,813;76;0,958654451;33,49479044;29,08046299;;;;;
buildings;77;0,010814802;0,54;294785;768x512;5,9974;77;0,960370935;33,73016295;27,54635027;;;;;
buildings;78;0,010675181;0,5;301952;768x512;6,1432;78;0,961667191;33,93702657;26,26501804;;;;;
buildings;79;0,010889732;0,56;307888;768x512;6,2639;79;0,963112591;34,15316617;24,98985545;;;;;
buildings;80;0,011068663;0,5;315841;768x512;6,4258;80;0,964668925;34,41188564;23,54462602;;;;;
buildings;81;0,011085703;0,49;326012;768x512;6,6327;81;0,966534952;34,70790571;21,99326918;;;;;
buildings;82;0,011209024;0,52;333861;768x512;6,7924;82;0,9681016;34,97966272;20,65922801;;;;;
buildings;83;0,011819246;0,55;345990;768x512;7,0391;83;0,969767911;35,28003053;19,27868059;;;;;
buildings;84;0,011644625;0,54;356041;768x512;7,2436;84;0,971486297;35,60430937;17,89161004;;;;;
buildings;85;0,012375137;0,53;366259;768x512;7,4515;85;0,973161408;35,95584569;16,50045013;;;;;
buildings;86;0,011775055;0,57;381573;768x512;7,7631;86;0,975061403;36,36801898;15,00646718;;;;;
buildings;87;0,012265316;0,63;392537;768x512;7,9861;87;0,976771362;36,76522689;13,69486237;;;;;
buildings;88;0,012505968;0,54;410776;768x512;8,3572;88;0,978894942;37,26267892;12,21272193;;;;;
buildings;89;0,012720338;0,59;425810;768x512;8,6631;89;0,980770097;37,76274707;10,88442908;;;;;
buildings;90;0,012854079;0,55;447930;768x512;9,1131;90;0,982865683;38,35548278;9,495811462;;;;;
buildings;91;0,01323316;0,68;467108;768x512;9,5033;91;0,984807722;38,96894513;8,244908651;;;;;
buildings;92;0,01361585;0,69;488350;768x512;9,9355;92;0,987061932;39,75324639;6,882650587;;;;;
buildings;93;0,013937341;0,68;521561;768x512;10,6111;93;0,98914693;40,61303143;5,646472507;;;;;
buildings;94;0,014679264;0,67;560279;768x512;11,3989;94;0,9913312;41,70469418;4,39148034;;;;;
buildings;95;0,015452696;0,69;604697;768x512;12,3025;95;0,993420259;42,9460027;3,299742805;;;;;
buildings;96;0,016017438;0,73;657478;768x512;13,3764;96;0,995526203;44,66029704;2,223569234;;;;;
buildings;97;0,017929333;0,83;717034;768x512;14,588;97;0,997198814;46,7555671;1,372535706;;;;;
buildings;98;0,017402671;0,77;783298;768x512;15,9362;98;0,99856725;49,85999055;0,671554565;;;;;
buildings;99;0,018248244;0,84;872143;768x512;17,7437;99;0,999434451;54,58275994;0,22636244;;;;;
caps;59;0,006931241;0,29;84526;768x512;1,7196;59;0,950227446;36,86684599;13,37814077;;;;;
caps;60;0,007070841;0,33;85592;768x512;1,7413;60;0,950980179;36,94689371;13,13381788;;;;;
caps;61;0,007045901;0,36;87825;768x512;1,7868;61;0,9519449;37,05136207;12,82165697;;;;;
caps;62;0,006959321;0,32;88880;768x512;1,8082;62;0,952610307;37,12892495;12,59470113;;;;;
caps;63;0,00696508;0,32;91099;768x512;1,8534;63;0,953732056;37,24102117;12,27377743;;;;;
caps;64;0,007405142;0,36;92236;768x512;1,8765;64;0,954416579;37,32081105;12,05033875;;;;;
caps;65;0,007172161;0,32;94751;768x512;1,9277;65;0,955506304;37,43675934;11,73287455;;;;;
caps;66;0,007861323;0,38;96214;768x512;1,9574;66;0,956397525;37,53777701;11,46311527;;;;;
caps;67;0,007201332;0,37;98028;768x512;1,9943;67;0,957455439;37,65290189;11,16323768;;;;;
caps;68;0,007280882;0,32;100902;768x512;2,0528;68;0,958467347;37,77339237;10,85778215;;;;;
caps;69;0,007320022;0,32;102731;768x512;2,09;69;0,959234943;37,88221785;10,58908844;;;;;
caps;70;0,007743173;0,37;105510;768x512;2,1466;70;0,960334336;38,03144633;10,23141564;;;;;
caps;71;0,007501943;0,37;107797;768x512;2,1931;71;0,961199506;38,17076208;9,908414205;;;;;
caps;72;0,007603932;0,35;109632;768x512;2,2304;72;0,962149833;38,28616428;9,648591783;;;;;
caps;73;0,007919844;0,38;112754;768x512;2,2939;73;0,963044576;38,41248751;9,371985541;;;;;
caps;74;0,007514242;0,36;116934;768x512;2,379;74;0,96441293;38,61098352;8,95327674;;;;;
caps;75;0,007626132;0,38;117547;768x512;2,3914;75;0,964867496;38,70144327;8,7687166;;;;;
caps;76;0,007557302;0,32;120656;768x512;2,4547;76;0,965892357;38,87860019;8,418221368;;;;;
caps;77;0,007942884;0,36;125779;768x512;2,5589;77;0,967357883;39,09975234;8,000278897;;;;;
caps;78;0,015110745;0,7;129960;768x512;2,644;78;0,968255418;39,26708016;7,697901408;;;;;
caps;79;0,010284641;0,46;132746;768x512;2,7007;79;0,96923411;39,43361963;7,408297221;;;;;
caps;80;0,008389275;0,38;136893;768x512;2,785;80;0,970322817;39,64492116;7,056482103;;;;;
caps;81;0,008101074;0,41;142550;768x512;2,9001;81;0,971712253;39,89750415;6,657787747;;;;;
caps;82;0,008276775;0,38;146626;768x512;2,9831;82;0,972652573;40,11559871;6,331702338;;;;;
caps;83;0,009230388;0,42;153883;768x512;3,1307;83;0,973918404;40,36586517;5,977145725;;;;;
caps;84;0,009250687;0,5;159279;768x512;3,2405;84;0,975087734;40,63866641;5,613241408;;;;;
caps;85;0,008956717;0,36;163639;768x512;3,3292;85;0,976151399;40,90260757;5,282257928;;;;;
caps;86;0,008625846;0,34;173092;768x512;3,5215;86;0,977521256;41,24505401;4,881743537;;;;;
caps;87;0,008701736;0,42;178645;768x512;3,6345;87;0,978503851;41,54765677;4,553178575;;;;;
caps;88;0,008928046;0,35;189474;768x512;3,8548;88;0,97995799;41,94817829;4,152049594;;;;;
caps;89;0,009554178;0,43;197182;768x512;4,0116;89;0,981115408;42,32331564;3,808454725;;;;;
caps;90;0,009331228;0,43;211534;768x512;4,3036;90;0,982431657;42,80856481;3,405837165;;;;;
caps;91;0,009425658;0,47;222683;768x512;4,5304;91;0,983701469;43,28523781;3,051803589;;;;;
caps;92;0,009881749;0,46;233470;768x512;4,7499;92;0,984974367;43,85385054;2,677289327;;;;;
caps;93;0,010321111;0,49;255856;768x512;5,2054;93;0,986392799;44,50735486;2,303270128;;;;;
caps;94;0,01030937;0,46;280652;768x512;5,7098;94;0,987912546;45,27116676;1,931806776;;;;;
caps;95;0,011483384;0,52;311564;768x512;6,3387;95;0,989395806;46,10522278;1,594256083;;;;;
caps;96;0,011387814;0,53;350132;768x512;7,1234;96;0,991255376;47,22959809;1,230610318;;;;;
caps;97;0,012365157;0,61;399303;768x512;8,1238;97;0,993118131;48,57885862;0,901974996;;;;;
caps;98;0,01352963;0,59;465276;768x512;9,466;98;0,99541959;50,6143813;0,564471775;;;;;
caps;99;0,015431706;0,71;566009;768x512;11,5154;99;0,997925839;54,5544231;0,227844238;;;;;
carnivaldolls;47;0,006098469;0,32;96030;610x488;2,5807;47;0,950353349;32,65571527;35,27839626;;;;;
carnivaldolls;48;0,006202699;0,25;97283;610x488;2,6144;48;0,951048438;32,71904564;34,76768678;;;;;
carnivaldolls;49;0,006184198;0,28;99289;610x488;2,6683;49;0,951989386;32,81820739;33,98283616;;;;;
carnivaldolls;50;0,006311839;0,27;99724;610x488;2,68;50;0,952475131;32,8804229;33,49948043;;;;;
carnivaldolls;51;0,006135978;0,27;100032;610x488;2,6883;51;0,95302579;32,94230275;33,02555205;;;;;
carnivaldolls;52;0,006418029;0,32;101887;610x488;2,7381;52;0,95413805;33,04328896;32,26647071;;;;;
carnivaldolls;53;0,006264158;0,27;103468;610x488;2,7806;53;0,954861919;33,11436938;31,74266774;;;;;
carnivaldolls;54;0,006180538;0,29;104390;610x488;2,8054;54;0,955689666;33,20743331;31,06969789;;;;;
carnivaldolls;55;0,006177039;0,27;105517;610x488;2,8357;55;0,956481749;33,29613356;30,44156701;;;;;
carnivaldolls;56;0,006417599;0,29;107107;610x488;2,8784;56;0,957365916;33,39633573;29,7472476;;;;;
carnivaldolls;57;0,006254978;0,27;108872;610x488;2,9258;57;0,958235836;33,4919419;29,09954313;;;;;
carnivaldolls;58;0,00662277;0,28;110656;610x488;2,9738;58;0,959162679;33,59441842;28,42094531;;;;;
carnivaldolls;59;0,006371769;0,27;111745;610x488;3,003;59;0,959808317;33,67814789;27,87825405;;;;;
carnivaldolls;60;0,006329399;0,27;112946;610x488;3,0353;60;0,960497533;33,77838457;27,24218288;;;;;
carnivaldolls;61;0,006337599;0,32;115122;610x488;3,0938;61;0,961431501;33,89111661;26,54414248;;;;;
carnivaldolls;62;0,00644419;0,31;116524;610x488;3,1315;62;0,962229528;33,9967777;25,90613298;;;;;
carnivaldolls;63;0,00667565;0,32;118597;610x488;3,1872;63;0,963006642;34,11715137;25,19795082;;;;;
carnivaldolls;64;0,006447059;0,27;119866;610x488;3,2213;64;0,963702235;34,21535363;24,63457068;;;;;
carnivaldolls;65;0,006555619;0,34;122342;610x488;3,2878;65;0,964620917;34,3426726;23,92286012;;;;;
carnivaldolls;66;0,006502589;0,32;124165;610x488;3,3368;66;0,965489843;34,47518199;23,20396287;;;;;
carnivaldolls;67;0,006788881;0,28;125912;610x488;3,3838;67;0,966295111;34,60044828;22,54423654;;;;;
carnivaldolls;68;0,00665877;0,33;128658;610x488;3,4576;68;0,967155274;34,73825892;21,84009227;;;;;
carnivaldolls;69;0,00664176;0,32;130565;610x488;3,5088;69;0,967927909;34,86620898;21,20603444;;;;;
carnivaldolls;70;0,006839311;0,32;133238;610x488;3,5807;70;0,96893193;35,02856419;20,42791028;;;;;
carnivaldolls;71;0,007088811;0,35;135839;610x488;3,6506;71;0,969883787;35,18450523;19,70742296;;;;;
carnivaldolls;72;0,00684871;0,32;137824;610x488;3,7039;72;0,97054283;35,32605285;19,07546247;;;;;
carnivaldolls;73;0,006894881;0,35;141091;610x488;3,7917;73;0,971245887;35,4799161;18,41148213;;;;;
carnivaldolls;74;0,006905581;0,33;145101;610x488;3,8995;74;0,972275209;35,69277867;17,53083065;;;;;
carnivaldolls;75;0,007003851;0,34;146158;610x488;3,9279;75;0,972869886;35,82566622;17,0025374;;;;;
carnivaldolls;76;0,007152572;0,32;149386;610x488;4,0146;76;0,974091562;36,0577427;16,11781219;;;;;
carnivaldolls;77;0,008000864;0,38;154101;610x488;4,1413;77;0,975298144;36,29580625;15,25807467;;;;;
carnivaldolls;78;0,007156851;0,32;158181;610x488;4,251;78;0,976208061;36,50385653;14,54436307;;;;;
carnivaldolls;79;0,007230801;0,32;160961;610x488;4,3257;79;0,977084399;36,71395151;13,8575103;;;;;
carnivaldolls;80;0,007372372;0,34;164954;610x488;4,433;80;0,978080994;36,97230375;13,05719789;;;;;
carnivaldolls;81;0,007329662;0,33;170291;610x488;4,5764;81;0,979259258;37,26353202;12,21032317;;;;;
carnivaldolls;82;0,007770633;0,33;174420;610x488;4,6874;82;0,980224894;37,52819447;11,48843613;;;;;
carnivaldolls;83;0,007553853;0,37;180888;610x488;4,8612;83;0,981244841;37,82320508;10,73395705;;;;;
carnivaldolls;84;0,007838554;0,38;186320;610x488;5,0072;84;0,982219876;38,13594695;9,988164024;;;;;
carnivaldolls;85;0,007958133;0,38;191052;610x488;5,1344;85;0,983166745;38,47586456;9,236212264;;;;;
carnivaldolls;86;0,007810124;0,4;199919;610x488;5,3727;86;0,98440775;38,88389007;8,407973887;;;;;
carnivaldolls;87;0,008096394;0,36;205464;610x488;5,5217;87;0,985426054;39,25471741;7,719845696;;;;;
carnivaldolls;88;0,007961514;0,35;215504;610x488;5,7915;88;0,986671528;39,7356828;6,910541521;;;;;
carnivaldolls;89;0,008172214;0,37;223157;610x488;5,9972;89;0,987639685;40,20624985;6,200909254;;;;;
carnivaldolls;90;0,009325238;0,44;235638;610x488;6,3326;90;0,988873161;40,7922464;5,418208591;;;;;
carnivaldolls;91;0,008608246;0,49;245601;610x488;6,6004;91;0,989917429;41,37192726;4,741193004;;;;;
carnivaldolls;92;0,008715906;0,37;256650;610x488;6,8973;92;0,991115897;42,09478831;4,014223327;;;;;
carnivaldolls;93;0,009105747;0,45;275545;610x488;7,4051;93;0,992273326;42,91145694;3,326095136;;;;;
carnivaldolls;94;0,009553469;0,48;297353;610x488;7,9912;94;0,993500664;43,9196073;2,637057691;;;;;
carnivaldolls;95;0,0099111;0,45;323412;610x488;8,6915;95;0,994683645;45,0501387;2,03266819;;;;;
carnivaldolls;96;0,01008996;0,56;353286;610x488;9,4943;96;0,995914161;46,60816607;1,4199196;;;;;
carnivaldolls;97;0,010817712;0,54;389165;610x488;10,4586;97;0,997063298;48,50911365;0,916577085;;;;;
carnivaldolls;98;0,011297034;0,53;429657;610x488;11,5468;98;0,998098154;51,25766628;0,486758712;;;;;
carnivaldolls;99;0,012432777;0,57;494733;610x488;13,2957;99;0,999102432;55,57357442;0,180186778;;;;;
cemetry;66;0,007815703;0,4;174447;627x482;4,6178;66;0,950745682;32,62910802;35,49519435;;;;;
cemetry;67;0,007903713;0,4;177091;627x482;4,6878;67;0,951958892;32,75825912;34,45517415;;;;;
cemetry;68;0,007892273;0,4;180921;627x482;4,7892;68;0,953165386;32,89545311;33,38374463;;;;;
cemetry;69;0,008162604;0,4;183542;627x482;4,8585;69;0,954270719;33,02168155;32,42740575;;;;;
cemetry;70;0,008088714;0,41;187665;627x482;4,9677;70;0,955687709;33,19099066;31,18755253;;;;;
cemetry;71;0,008003723;0,4;191129;627x482;5,0594;71;0,956883092;33,34912222;30,07240344;;;;;
cemetry;72;0,008044914;0,37;194127;627x482;5,1387;72;0,958112642;33,49483527;29,08016284;;;;;
cemetry;73;0,008283215;0,45;198201;627x482;5,2466;73;0,959234138;33,64810217;28,07179239;;;;;
cemetry;74;0,008401145;0,42;204103;627x482;5,4028;74;0,960777046;33,85820516;26,74606184;;;;;
cemetry;75;0,008316365;0,45;205669;627x482;5,4443;75;0,961555669;33,99003639;25,94637685;;;;;
cemetry;76;0,008419465;0,43;210392;627x482;5,5693;76;0,963109859;34,21974696;24,60966291;;;;;
cemetry;77;0,008454195;0,43;217210;627x482;5,7498;77;0,964803987;34,45922517;23,28937552;;;;;
cemetry;78;0,008443215;0,39;222623;627x482;5,8931;78;0,9660503;34,65755114;22,24975569;;;;;
cemetry;79;0,008664856;0,46;226909;627x482;6,0065;79;0,967379249;34,8653149;21,21040058;;;;;
cemetry;80;0,008834437;0,46;232666;627x482;6,1589;80;0,968808258;35,12040857;20,00043788;;;;;
cemetry;81;0,008867697;0,44;240052;627x482;6,3544;81;0,970513316;35,41411039;18,69258318;;;;;
cemetry;82;0,009180308;0,48;246048;627x482;6,5132;82;0,971900383;35,67685073;17,59524377;;;;;
cemetry;83;0,009151957;0,44;254864;627x482;6,7465;83;0,973365126;35,96744344;16,45644477;;;;;
cemetry;84;0,008977017;0,42;262226;627x482;6,9414;84;0,974978961;36,2820934;15,30632819;;;;;
cemetry;85;0,009597319;0,51;269561;627x482;7,1356;85;0,97649764;36,62057559;14,15868116;;;;;
cemetry;86;0,009557938;0,48;281508;627x482;7,4518;86;0,978188668;37,02158282;12,90987622;;;;;
cemetry;87;0,009886509;0,51;289554;627x482;7,6648;87;0,979603829;37,39971846;11,83337194;;;;;
cemetry;88;0,00989427;0,47;303356;627x482;8,0302;88;0,981554905;37,88268713;10,5879443;;;;;
cemetry;89;0,009934449;0,51;314699;627x482;8,3304;89;0,983267813;38,36762338;9,469303209;;;;;
cemetry;90;0,011104763;0,55;331267;627x482;8,769;90;0,985074248;38,95516605;8,271109214;;;;;
cemetry;91;0,010557932;0,47;345950;627x482;9,1577;91;0,986843047;39,55745563;7,200038163;;;;;
cemetry;92;0,010699462;0,54;361468;627x482;9,5685;92;0,988644743;40,31455496;6,048182193;;;;;
cemetry;93;0,011261664;0,59;385535;627x482;10,2056;93;0,990467172;41,15283705;4,986509559;;;;;
cemetry;94;0,011354634;0,62;414690;627x482;10,9773;94;0,992337301;42,20245515;3,91592933;;;;;
cemetry;95;0,011739025;0,64;448158;627x482;11,8633;95;0,994015998;43,3871996;2,980989189;;;;;
cemetry;96;0,012350087;0,59;487914;627x482;12,9157;96;0,995773435;45,03087487;2,041704443;;;;;
cemetry;97;0,012864708;0,72;533388;627x482;14,1194;97;0,997210343;47,0312913;1,288104897;;;;;
cemetry;98;0,01351135;0,7;583819;627x482;15,4544;98;0,998471708;49,99687739;0,650717703;;;;;
cemetry;99;0,014445943;0,72;655304;627x482;17,3467;99;0,999365238;54,55106388;0,228020542;;;;;
churchandcapitol;57;0,007194652;0,33;133750;634x505;3,3419;57;0,950627068;32,36814431;37,69345348;;;;;
churchandcapitol;58;0,007157291;0,33;136008;634x505;3,3983;58;0,951719076;32,47499491;36,77738701;;;;;
churchandcapitol;59;0,007714013;0,39;137466;634x505;3,4348;59;0,952523992;32,57147964;35,969334;;;;;
churchandcapitol;60;0,007406202;0,33;139046;634x505;3,4743;60;0,953511246;32,67612317;35,11300871;;;;;
churchandcapitol;61;0,007352732;0,4;141626;634x505;3,5387;61;0,954559322;32,79287465;34,18163996;;;;;
churchandcapitol;62;0,007427523;0,37;143306;634x505;3,5807;62;0,955394232;32,90056323;33,34448678;;;;;
churchandcapitol;63;0,007372742;0,34;146157;634x505;3,6519;63;0,956486804;33,0301298;32,36438663;;;;;
churchandcapitol;64;0,007389722;0,38;147680;634x505;3,69;64;0,957353047;33,13700291;31,57766915;;;;;
churchandcapitol;65;0,007537032;0,33;150618;634x505;3,7634;65;0,958322137;33,26811749;30,63857846;;;;;
churchandcapitol;66;0,007584543;0,39;152734;634x505;3,8163;66;0,959368262;33,40144048;29,71230284;;;;;
churchandcapitol;67;0,007503422;0,38;155138;634x505;3,8763;67;0,960442387;33,538822;28,78711622;;;;;
churchandcapitol;68;0,007654503;0,42;158571;634x505;3,9621;68;0,961490116;33,68084701;27,86093325;;;;;
churchandcapitol;69;0,007661143;0,38;160992;634x505;4,0226;69;0,962330936;33,81404424;27,01941469;;;;;
churchandcapitol;70;0,007686443;0,39;164731;634x505;4,116;70;0,963649096;33,98871;25,9543024;;;;;
churchandcapitol;71;0,007772963;0,4;167854;634x505;4,1941;71;0,964599089;34,15255847;24,99335249;;;;;
churchandcapitol;72;0,007824934;0,38;170334;634x505;4,256;72;0,965491663;34,30155484;24,1504305;;;;;
churchandcapitol;73;0,007831134;0,38;174248;634x505;4,3538;73;0,966501686;34,46165267;23,27636152;;;;;
churchandcapitol;74;0,008045123;0,38;179500;634x505;4,4851;74;0,967925887;34,67820581;22,14418902;;;;;
churchandcapitol;75;0,008581375;0,45;180859;634x505;4,519;75;0,968555741;34,81260946;21,46937564;;;;;
churchandcapitol;76;0,008113255;0,37;184921;634x505;4,6205;76;0,96969131;35,04024737;20,37302995;;;;;
churchandcapitol;77;0,008311465;0,38;191000;634x505;4,7724;77;0,971110668;35,28571571;19,25346014;;;;;
churchandcapitol;78;0,008143094;0,37;196061;634x505;4,8989;78;0,972168035;35,49820479;18,33411209;;;;;
churchandcapitol;79;0,008218365;0,37;199827;634x505;4,993;79;0,973141905;35,71143232;17,45569437;;;;;
churchandcapitol;80;0,008383815;0,44;204921;634x505;5,1203;80;0,974333999;35,97541448;16,42626834;;;;;
churchandcapitol;81;0,010497022;0,46;211952;634x505;5,2959;81;0,975699119;36,27653052;15,32594663;;;;;
churchandcapitol;82;0,008518236;0,44;217099;634x505;5,4245;82;0,976779406;36,55298044;14,38077584;;;;;
churchandcapitol;83;0,008875607;0,46;225396;634x505;5,6319;83;0,978044436;36,85902617;13,40225089;;;;;
churchandcapitol;84;0,008762016;0,42;231923;634x505;5,7949;84;0,979301161;37,19224136;12,4124132;;;;;
churchandcapitol;85;0,008775126;0,43;238174;634x505;5,9511;85;0,980401697;37,53557575;11,46892692;;;;;
churchandcapitol;86;0,009041537;0,43;248269;634x505;6,2034;86;0,981815658;37,94536428;10,436237;;;;;
churchandcapitol;87;0,009310528;0,42;255305;634x505;6,3792;87;0,982964115;38,33755341;9,535094898;;;;;
churchandcapitol;88;0,009489448;0,45;267436;634x505;6,6823;88;0,984328026;38,83088753;8,511215917;;;;;
churchandcapitol;89;0,009786979;0,5;277140;634x505;6,9248;89;0,985711737;39,31997347;7,604716244;;;;;
churchandcapitol;90;0,009732889;0,46;292719;634x505;7,314;90;0,987097176;39,9146075;6,63161966;;;;;
churchandcapitol;91;0,010360891;0,58;305469;634x505;7,6326;91;0,988400021;40,52330553;5,764342901;;;;;
churchandcapitol;92;0,010506132;0,47;318775;634x505;7,9651;92;0,989735692;41,28489586;4,83716359;;;;;
churchandcapitol;93;0,010368491;0,5;341724;634x505;8,5385;93;0,991140123;42,13241915;3,979591051;;;;;
churchandcapitol;94;0,010760452;0,54;367110;634x505;9,1728;94;0,992518726;43,18600862;3,12233501;;;;;
churchandcapitol;95;0,011541045;0,58;397603;634x505;9,9347;95;0,993811634;44,35998885;2,382766447;;;;;
churchandcapitol;96;0,011777275;0,51;434490;634x505;10,8564;96;0,995179329;45,94693194;1,653435154;;;;;
churchandcapitol;97;0,012634688;0,65;477496;634x505;11,931;97;0,996455732;47,8738548;1,060949912;;;;;
churchandcapitol;98;0,013226289;0,63;528334;634x505;13,2013;98;0,997631739;50,59745513;0,566676037;;;;;
churchandcapitol;99;0,014510343;0,73;607986;634x505;15,1915;99;0,998863558;54,8018715;0,215225245;;;;;
coinsinfountain;68;0,007927073;0,37;167891;640x512;4,0989;68;0,950886486;33,83848371;26,86779277;;;;;
coinsinfountain;69;0,007861763;0,41;170633;640x512;4,1658;69;0,951906145;33,94984009;26,18763936;;;;;
coinsinfountain;70;0,008123814;0,36;174885;640x512;4,2696;70;0,953288065;34,10448927;25,27152405;;;;;
coinsinfountain;71;0,007983834;0,4;178369;640x512;4,3547;71;0,954668615;34,24640695;24,45905457;;;;;
coinsinfountain;72;0,008095314;0,36;181208;640x512;4,424;72;0,955848561;34,37655564;23,73694356;;;;;
coinsinfountain;73;0,008173654;0,45;185297;640x512;4,5238;73;0,956982323;34,51009008;23,01819967;;;;;
coinsinfountain;74;0,008248685;0,41;190863;640x512;4,6597;74;0,958546255;34,7030002;22,01812541;;;;;
coinsinfountain;75;0,008223934;0,37;192307;640x512;4,6949;75;0,95931822;34,8113789;21,4754598;;;;;
coinsinfountain;76;0,008412485;0,38;197049;640x512;4,8107;76;0,96082844;35,01414435;20,49584961;;;;;
coinsinfountain;77;0,008443695;0,42;203787;640x512;4,9752;77;0,96262766;35,23372523;19,48533325;;;;;
coinsinfountain;78;0,009164167;0,44;209208;640x512;5,1076;78;0,96385391;35,40746641;18,72120158;;;;;
coinsinfountain;79;0,008580616;0,36;213559;640x512;5,2138;79;0,965239063;35,59568949;17,92715658;;;;;
coinsinfountain;80;0,008954347;0,41;219344;640x512;5,355;80;0,96674998;35,82709201;16,99695638;;;;;
coinsinfountain;81;0,009065337;0,44;227047;640x512;5,5431;81;0,968361344;36,0990664;15,96517639;;;;;
coinsinfountain;82;0,008883726;0,42;233084;640x512;5,6905;82;0,969783609;36,34200676;15,09661865;;;;;
coinsinfountain;83;0,009044407;0,39;242106;640x512;5,9107;83;0,971332843;36,61205876;14,18647461;;;;;
coinsinfountain;84;0,009094387;0,43;249382;640x512;6,0884;84;0,97292407;36,90957118;13,24717407;;;;;
coinsinfountain;85;0,009728669;0,45;256429;640x512;6,2604;85;0,97459341;37,23129026;12,3013092;;;;;
coinsinfountain;86;0,009491168;0,49;268230;640x512;6,5485;86;0,976304717;37,60452892;11,28827209;;;;;
coinsinfountain;87;0,009455228;0,44;276061;640x512;6,7397;87;0,97779325;37,9538387;10,41589254;;;;;
coinsinfountain;88;0,009750179;0,47;289954;640x512;7,0789;88;0,979687186;38,4126448;9,371646118;;;;;
coinsinfountain;89;0,01018212;0,51;300862;640x512;7,3452;89;0,981400092;38,8614121;8,451604207;;;;;
coinsinfountain;90;0,01026959;0,59;318351;640x512;7,7722;90;0,98327993;39,41582167;7,438719686;;;;;
coinsinfountain;91;0,010308041;0,5;332636;640x512;8,1209;91;0,98509247;39,99021704;6,517164103;;;;;
coinsinfountain;92;0,010651112;0,53;348195;640x512;8,5008;92;0,987024304;40,71022673;5,521507772;;;;;
coinsinfountain;93;0,011096483;0,53;372902;640x512;9,104;93;0,988941406;41,51095768;4,59181722;;;;;
coinsinfountain;94;0,011546994;0,62;403662;640x512;9,855;94;0,990951194;42,54035552;3,622803752;;;;;
coinsinfountain;95;0,011879045;0,54;437623;640x512;10,6841;95;0,992795312;43,70354855;2,77156779;;;;;
coinsinfountain;96;0,012255967;0,65;479218;640x512;11,6996;96;0,994777794;45,30317848;1,917619832;;;;;
coinsinfountain;97;0,013007669;0,6;525734;640x512;12,8353;97;0,996450748;47,26480438;1,220674642;;;;;
coinsinfountain;98;0,013939542;0,72;579535;640x512;14,1488;98;0,997954566;50,1548043;0,627480062;;;;;
coinsinfountain;99;0,015065315;0,7;655554;640x512;16,0047;99;0,999143758;54,65413725;0,222672526;;;;;
dancers;62;0,007561873;0,38;156929;618x453;4,4844;62;0,950719034;31,28577531;48,36184159;;;;;
dancers;63;0,007330732;0,32;159756;618x453;4,5652;63;0,951859011;31,42425401;46,84410653;;;;;
dancers;64;0,007274782;0,33;161498;618x453;4,6149;64;0,952861236;31,54390534;45,57113311;;;;;
dancers;65;0,007197771;0,32;164479;618x453;4,7001;65;0,954022678;31,6861205;44,10301811;;;;;
dancers;66;0,007364942;0,33;166819;618x453;4,767;66;0,955170156;31,83834338;42,58395784;;;;;
dancers;67;0,007251182;0,37;169400;618x453;4,8407;67;0,956196161;31,98476391;41,17219019;;;;;
dancers;68;0,007340602;0,36;172754;618x453;4,9366;68;0,957387752;32,14232344;39,70525753;;;;;
dancers;69;0,007453572;0,38;175257;618x453;5,0081;69;0,958423215;32,29390895;38,34329807;;;;;
dancers;70;0,007476292;0,37;179136;618x453;5,119;70;0,959751361;32,48229988;36,71557827;;;;;
dancers;71;0,007480592;0,38;182371;618x453;5,2114;71;0,960882692;32,66308138;35,21861091;;;;;
dancers;72;0,008836416;0,39;185023;618x453;5,2872;72;0,961986005;32,83224814;33,87314702;;;;;
dancers;73;0,007708313;0,37;188959;618x453;5,3997;73;0,963131866;33,01379933;32,48631323;;;;;
dancers;74;0,007732183;0,41;194263;618x453;5,5512;74;0,964605613;33,24497018;30,80231395;;;;;
dancers;75;0,007676993;0,36;195863;618x453;5,597;75;0,965414398;33,4054302;29,68501968;;;;;
dancers;76;0,007716723;0,32;200081;618x453;5,7175;76;0,966961559;33,66257356;27,97840836;;;;;
dancers;77;0,007751773;0,32;206468;618x453;5,9;77;0,968548431;33,93213799;26,29459959;;;;;
dancers;78;0,007929744;0,39;211333;618x453;6,039;78;0,96984208;34,17167836;24,88356063;;;;;
dancers;79;0,008137994;0,36;215267;618x453;6,1514;79;0,971125941;34,41341093;23,53635835;;;;;
dancers;80;0,008173455;0,42;220225;618x453;6,2931;80;0,972535039;34,70179765;22,02422303;;;;;
dancers;81;0,008140584;0,37;227258;618x453;6,4941;81;0,974142233;35,03471709;20,39898936;;;;;
dancers;82;0,008221934;0,41;232487;618x453;6,6435;82;0,975440425;35,34944347;18,97300033;;;;;
dancers;83;0,008427385;0,43;240461;618x453;6,8714;83;0,976813546;35,68656711;17,55592228;;;;;
dancers;84;0,008537486;0,42;246985;618x453;7,0578;84;0,978180696;36,05230809;16,1379941;;;;;
dancers;85;0,008806237;0,44;253263;618x453;7,2372;85;0,979586111;36,43558158;14,77482015;;;;;
dancers;86;0,008911117;0,41;263465;618x453;7,5288;86;0,981201905;36,88578226;13,31993589;;;;;
dancers;87;0,008854836;0,42;270163;618x453;7,7202;87;0,982599581;37,32471805;12,03950292;;;;;
dancers;88;0,009247028;0,46;282098;618x453;8,0612;88;0,984181713;37,8568241;10,65118555;;;;;
dancers;89;0,009150707;0,41;291508;618x453;8,3301;89;0,985697336;38,39391308;9,412154616;;;;;
dancers;90;0,009579568;0,49;305754;618x453;8,7372;90;0,987268928;39,04358319;8,104421917;;;;;
dancers;91;0,009524268;0,41;318679;618x453;9,1066;91;0,988705349;39,698953;6,969234231;;;;;
dancers;92;0,009809259;0,45;331934;618x453;9,4853;92;0,990249042;40,5296835;5,755883705;;;;;
dancers;93;0,010383961;0,44;352572;618x453;10,0751;93;0,991785144;41,43856894;4,668995621;;;;;
dancers;94;0,010330751;0,48;377462;618x453;10,7864;94;0,993283904;42,56285485;3,604083766;;;;;
dancers;95;0,010735202;0,51;405924;618x453;11,5997;95;0,994681319;43,81045151;2,704177591;;;;;
dancers;96;0,011437364;0,58;439798;618x453;12,5677;96;0,996112622;45,46435474;1,847757132;;;;;
dancers;97;0,011697935;0,49;479594;618x453;13,7049;97;0,997333602;47,48192819;1,161147903;;;;;
dancers;98;0,012311517;0,57;523851;618x453;14,9696;98;0,998431113;50,39789562;0,593322474;;;;;
dancers;99;0,013007999;0,62;589200;618x453;16,837;99;0,99931968;54,8616618;0,212282494;;;;;
flowersonih35;50;0,007796353;0,31;174722;640x512;4,2656;50;0,950622379;28,63547442;89,02929179;;;;;
flowersonih35;51;0,007944673;0,37;175821;640x512;4,2925;51;0,951470873;28,72038472;87,30555725;;;;;
flowersonih35;52;0,007830783;0,36;179121;640x512;4,373;52;0,952582328;28,82658874;85,19644775;;;;;
flowersonih35;53;0,007997304;0,34;181639;640x512;4,4345;53;0,953464352;28,9203007;83,37777303;;;;;
flowersonih35;54;0,007974724;0,37;183299;640x512;4,475;54;0,954424496;29,02576856;81,37734273;;;;;
flowersonih35;55;0,008113994;0,36;185336;640x512;4,5248;55;0,955237581;29,13305776;79,39160563;;;;;
flowersonih35;56;0,008202084;0,41;188192;640x512;4,5945;56;0,956297437;29,25136907;77,25799866;;;;;
flowersonih35;57;0,008128934;0,37;191101;640x512;4,6655;57;0,957436988;29,36726733;75,22351583;;;;;
flowersonih35;58;0,008587705;0,41;193987;640x512;4,736;58;0,958371468;29,48349685;73,23702189;;;;;
flowersonih35;59;0,008358225;0,41;196186;640x512;4,7896;59;0,959242557;29,60031845;71,29326681;;;;;
flowersonih35;60;0,008218894;0,37;198440;640x512;4,8447;60;0,960236905;29,71943044;69,36450907;;;;;
flowersonih35;61;0,008365655;0,4;201856;640x512;4,9281;61;0,96126337;29,85044901;67,3031606;;;;;
flowersonih35;62;0,008396245;0,36;204178;640x512;4,9848;62;0,962133174;29,97454991;65,40717163;;;;;
flowersonih35;63;0,008414845;0,4;207874;640x512;5,075;63;0,963230229;30,12591345;63,16682027;;;;;
flowersonih35;64;0,008785567;0,45;210241;640x512;5,1328;64;0,964085924;30,25199887;61,35931091;;;;;
flowersonih35;65;0,008720636;0,37;214030;640x512;5,2253;65;0,965301115;30,39828994;59,32686056;;;;;
flowersonih35;66;0,008673996;0,42;217000;640x512;5,2978;66;0,966338678;30,55904123;57,17105916;;;;;
flowersonih35;67;0,008939607;0,43;220425;640x512;5,3814;67;0,967311567;30,71698637;55,12920431;;;;;
flowersonih35;68;0,008681666;0,41;224770;640x512;5,4875;68;0,968303792;30,8804167;53,09317424;;;;;
flowersonih35;69;0,008812936;0,42;228280;640x512;5,5732;69;0,969356728;31,04768426;51,08718058;;;;;
flowersonih35;70;0,008894987;0,4;233510;640x512;5,7009;70;0,970520465;31,24755208;48,78936361;;;;;
flowersonih35;71;0,008993757;0,41;237544;640x512;5,7994;71;0,971615438;31,44795318;46,58917745;;;;;
flowersonih35;72;0,009128747;0,43;240857;640x512;5,8802;72;0,972491154;31,62648681;44,71278076;;;;;
flowersonih35;73;0,008997537;0,38;246024;640x512;6,0064;73;0,973569371;31,82493606;42,71562398;;;;;
flowersonih35;74;0,009239437;0,43;252554;640x512;6,1658;74;0,974943985;32,06648795;40,40467021;;;;;
flowersonih35;75;0,009053846;0,41;254726;640x512;6,2188;75;0,975722722;32,24726016;38,75737406;;;;;
flowersonih35;76;0,009346218;0,41;260093;640x512;6,3499;76;0,976993654;32,53210906;36,29689331;;;;;
flowersonih35;77;0,009496788;0,47;267562;640x512;6,5322;77;0,978264303;32,81259726;34,0267629;;;;;
flowersonih35;78;0,009443118;0,42;273876;640x512;6,6864;78;0,979261161;33,08002566;31,9946818;;;;;
flowersonih35;79;0,009541979;0,4;278827;640x512;6,8072;79;0,98023574;33,3429115;30,11543986;;;;;
flowersonih35;80;0,009970309;0,46;285193;640x512;6,9627;80;0,981421249;33,66353712;27,97220154;;;;;
flowersonih35;81;0,009816639;0,45;293596;640x512;7,1678;81;0,98270401;34,01418413;25,80250956;;;;;
flowersonih35;82;0,00991758;0,49;300424;640x512;7,3345;82;0,983784133;34,36093923;23,82245076;;;;;
flowersonih35;83;0,01031267;0,47;309918;640x512;7,5663;83;0,984855485;34,73410487;21,86099243;;;;;
flowersonih35;84;0,010243641;0,49;318149;640x512;7,7673;84;0,98597671;35,13409395;19,93751221;;;;;
flowersonih35;85;0,01012932;0,46;325801;640x512;7,9541;85;0,987091255;35,56344817;18,06074015;;;;;
flowersonih35;86;0,010616642;0,54;337897;640x512;8,2494;86;0,988266741;36,0555861;16,12581787;;;;;
flowersonih35;87;0,010458231;0,5;346601;640x512;8,4619;87;0,989296345;36,55175513;14,38483378;;;;;
flowersonih35;88;0,010674022;0,5;360634;640x512;8,8045;88;0,990458037;37,13485037;12,57752889;;;;;
flowersonih35;89;0,010854652;0,52;371662;640x512;9,0737;89;0,991406586;37,73464559;10,95508626;;;;;
flowersonih35;90;0,011038713;0,54;388908;640x512;9,4948;90;0,992559532;38,4651763;9,258971151;;;;;
flowersonih35;91;0,011095473;0,52;403065;640x512;9,8404;91;0,993491983;39,20104664;7,815840658;;;;;
flowersonih35;92;0,011362714;0,55;418834;640x512;10,2254;92;0,994484267;40,15603589;6,273021444;;;;;
flowersonih35;93;0,011967545;0,57;442938;640x512;10,8139;93;0,995467323;41,17008498;4,966744995;;;;;
flowersonih35;94;0,012021286;0,57;470540;640x512;11,4877;94;0,996372265;42,41660646;3,7275177;;;;;
flowersonih35;95;0,012438087;0,58;502529;640x512;12,2687;95;0,997184172;43,78793968;2,718231201;;;;;
flowersonih35;96;0,012681598;0,57;538916;640x512;13,1571;96;0,997942264;45,58989278;1,795110067;;;;;
flowersonih35;97;0,01341713;0,66;579081;640x512;14,1377;97;0,998594636;47,77280005;1,08592631;;;;;
flowersonih35;98;0,01357418;0,66;622358;640x512;15,1942;98;0,999115688;50,83753591;0,536199951;;;;;
flowersonih35;99;0,014326902;0,63;691157;640x512;16,8739;99;0,999583559;55,34158448;0,190073649;;;;;
house;77;0,009279688;0,45;192943;768x512;3,9254;77;0,950089015;36,00426452;16,31751082;;;;;
house;78;0,009236368;0,41;198476;768x512;4,038;78;0,951569593;36,16712315;15,71694183;;;;;
house;79;0,009421218;0,5;203262;768x512;4,1353;79;0,953437858;36,34414697;15,08918084;;;;;
house;80;0,009761939;0,47;209267;768x512;4,2575;80;0,955180187;36,56000412;14,35753716;;;;;
house;81;0,009510918;0,47;217307;768x512;4,4211;81;0,957429152;36,81356916;13,54326714;;;;;
house;82;0,009679399;0,43;223567;768x512;4,5484;82;0,959091143;37,03725018;12,86338721;;;;;
house;83;0,01002013;0,51;233502;768x512;4,7506;83;0,960883002;37,29104007;12,13322788;;;;;
house;84;0,009835659;0,45;241199;768x512;4,9072;84;0,962771811;37,56266273;11,39761776;;;;;
house;85;0,010769522;0,54;248836;768x512;5,0625;85;0,964785056;37,86052852;10,64210425;;;;;
house;86;0,010361471;0,54;261730;768x512;5,3249;86;0,967025867;38,21428688;9,809608459;;;;;
house;87;0,010581771;0,51;270179;768x512;5,4968;87;0,968919853;38,5413109;9,098069933;;;;;
house;88;0,010503092;0,5;285565;768x512;5,8098;88;0,971355757;38,97181411;8,239463806;;;;;
house;89;0,010946772;0,53;297506;768x512;6,0527;89;0,973591192;39,39807891;7,46917216;;;;;
house;90;0,011385064;0,53;316721;768x512;6,4437;90;0,976021239;39,92900973;6,609664069;;;;;
house;91;0,011914895;0,6;332918;768x512;6,7732;91;0,978369685;40,48272732;5,818454319;;;;;
house;92;0,011833345;0,54;349962;768x512;7,1199;92;0,980870692;41,16511913;4,972427368;;;;;
house;93;0,012524898;0,59;378696;768x512;7,7045;93;0,98341373;41,9189339;4,180102878;;;;;
house;94;0,012528557;0,58;413255;768x512;8,4076;94;0,98614807;42,86703533;3,360290527;;;;;
house;95;0,013904551;0,69;453119;768x512;9,2187;95;0,988739396;43,92959497;2,631000095;;;;;
house;96;0,013858222;0,67;502651;768x512;10,2264;96;0,991694451;45,39545934;1,877303229;;;;;
house;97;0,014818854;0,73;559787;768x512;11,3888;97;0,994309484;47,20534975;1,237500509;;;;;
house;98;0,016612769;0,73;627025;768x512;12,7568;98;0,99682664;49,9741525;0,654131571;;;;;
house;99;0,017047951;0,67;717833;768x512;14,6043;99;0,998706514;54,54383622;0,228400336;;;;;
lighthouse2;78;0,009149917;0,4;200136;768x512;4,0717;78;0,950544475;35,84867325;16,91270351;;;;;
lighthouse2;79;0,009093027;0,43;204784;768x512;4,1663;79;0,952072681;36,02176501;16,25188947;;;;;
lighthouse2;80;0,009405448;0,42;210615;768x512;4,2849;80;0,953919854;36,23375813;15,4776331;;;;;
lighthouse2;81;0,009638468;0,43;219351;768x512;4,4627;81;0,956089428;36,47911314;14,62746431;;;;;
lighthouse2;82;0,009639759;0,42;225566;768x512;4,5891;82;0,957878985;36,70257142;13,8938696;;;;;
lighthouse2;83;0,00983105;0,41;235748;768x512;4,7963;83;0,959873731;36,96175916;13,08893904;;;;;
lighthouse2;84;0,009754719;0,46;243736;768x512;4,9588;84;0,96184322;37,23827625;12,28153742;;;;;
lighthouse2;85;0,009983389;0,49;251032;768x512;5,1072;85;0,963829278;37,5339137;11,47331694;;;;;
lighthouse2;86;0,010385321;0,58;264328;768x512;5,3777;86;0,966139616;37,88984014;10,57051987;;;;;
lighthouse2;87;0,01019947;0,5;272907;768x512;5,5523;87;0,968150044;38,2253537;9,784643133;;;;;
lighthouse2;88;0,010426181;0,5;288063;768x512;5,8606;88;0,97050464;38,65526712;8,862446952;;;;;
lighthouse2;89;0,010644912;0,56;300116;768x512;6,1058;89;0,972724414;39,08536418;8,026827739;;;;;
lighthouse2;90;0,011087963;0,5;319179;768x512;6,4937;90;0,975232127;39,6223448;7,093260031;;;;;
lighthouse2;91;0,011400334;0,54;335369;768x512;6,823;91;0,977463047;40,17383416;6,247365934;;;;;
lighthouse2;92;0,012520018;0,53;352645;768x512;7,1745;92;0,980100321;40,86351737;5,330017361;;;;;
lighthouse2;93;0,012084786;0,63;381189;768x512;7,7553;93;0,982529071;41,64461663;4,452651427;;;;;
lighthouse2;94;0,012459527;0,56;415485;768x512;8,453;94;0,985269494;42,61188411;3,563624614;;;;;
lighthouse2;95;0,013182209;0,67;457355;768x512;9,3049;95;0,987908337;43,70595299;2,770033758;;;;;
lighthouse2;96;0,013677321;0,59;508899;768x512;10,3535;96;0,990989491;45,19133899;1,967643711;;;;;
lighthouse2;97;0,014783324;0,74;567790;768x512;11,5517;97;0,993781279;47,02766419;1,289181134;;;;;
lighthouse2;98;0,015740447;0,72;636478;768x512;12,9491;98;0,996539083;49,86571266;0,670670332;;;;;
lighthouse2;99;0,01691227;0,78;729815;768x512;14,8481;99;0,998575961;54,5055011;0,230425347;;;;;
lighthouse;73;0,007910914;0,37;153169;480x720;3,5455;73;0,950478362;34,54606248;22,82832845;;;;;
lighthouse;74;0,008186714;0,43;158520;480x720;3,6694;74;0,952114899;34,74365802;21,81295776;;;;;
lighthouse;75;0,008136044;0,37;159666;480x720;3,6959;75;0,9527492;34,8637592;21,21799978;;;;;
lighthouse;76;0,00998411;0,53;163921;480x720;3,7944;76;0,954009285;35,06836886;20,24153646;;;;;
lighthouse;77;0,008086124;0,37;170386;480x720;3,9441;77;0,955678902;35,29241489;19,2237837;;;;;
lighthouse;78;0,008263895;0,38;175345;480x720;4,0589;78;0,956836694;35,48187957;18,4031601;;;;;
lighthouse;79;0,008481795;0,36;179463;480x720;4,1542;79;0,95805129;35,67515062;17,60213301;;;;;
lighthouse;80;0,008583805;0,37;184717;480x720;4,2758;80;0,959357453;35,91261521;16,66551887;;;;;
lighthouse;81;0,008779746;0,44;192176;480x720;4,4485;81;0,961087374;36,18724748;15,64428118;;;;;
lighthouse;82;0,008599666;0,4;197664;480x720;4,5755;82;0,962372992;36,44085415;14,75689358;;;;;
lighthouse;83;0,008724506;0,43;206650;480x720;4,7835;83;0,963859558;36,72040213;13,83694288;;;;;
lighthouse;84;0,008907886;0,41;213504;480x720;4,9422;84;0,965284733;37,02934268;12,8868298;;;;;
lighthouse;85;0,008938097;0,37;220093;480x720;5,0947;85;0,966727705;37,35140868;11,96573808;;;;;
lighthouse;86;0,009394198;0,43;231791;480x720;5,3655;86;0,968465871;37,73834772;10,94575161;;;;;
lighthouse;87;0,009277478;0,41;239140;480x720;5,5356;87;0,9698878;38,11289702;10,04131656;;;;;
lighthouse;88;0,009835749;0,41;252399;480x720;5,8425;88;0,971650053;38,58123031;9,014825609;;;;;
lighthouse;89;0,00991862;0,47;263074;480x720;6,0896;89;0,97332923;39,04699293;8,098061456;;;;;
lighthouse;90;0,009969229;0,48;279789;480x720;6,4765;90;0,975271618;39,62457925;7,089611477;;;;;
lighthouse;91;0,01012007;0,45;293800;480x720;6,8009;91;0,977106192;40,19943593;6,210645888;;;;;
lighthouse;92;0,010451681;0,51;308963;480x720;7,1519;92;0,979095243;40,92056437;5,260462443;;;;;
lighthouse;93;0,010827432;0,58;334219;480x720;7,7365;93;0,981260499;41,69497946;4,401314629;;;;;
lighthouse;94;0,011483855;0,62;364756;480x720;8,4434;94;0,983758288;42,65686435;3,526906331;;;;;
lighthouse;95;0,011810296;0,64;401285;480x720;9,289;95;0,986411508;43,7275211;2,756311205;;;;;
lighthouse;96;0,012483967;0,64;445791;480x720;10,3192;96;0,989752195;45,18832011;1,969011943;;;;;
lighthouse;97;0,01328133;0,64;497687;480x720;11,5205;97;0,992887014;47,00653454;1,295468648;;;;;
lighthouse;98;0,014366192;0,71;557528;480x720;12,9057;98;0,996145573;49,86008375;0,671540154;;;;;
lighthouse;99;0,015435926;0,71;638510;480x720;14,7803;99;0,998499977;54,53501204;0,228864882;;;;;
manfishing;55;0,006118418;0,28;107733;634x438;3,1036;55;0,950255423;33,18491592;31,231207;;;;;
manfishing;56;0,006203458;0,33;109539;634x438;3,1556;56;0,951413176;33,29761392;30,43119235;;;;;
manfishing;57;0,006466249;0,26;111134;634x438;3,2016;57;0,952206911;33,38900482;29,79750347;;;;;
manfishing;58;0,006240768;0,27;112981;634x438;3,2548;58;0,953204853;33,5043118;29,01677758;;;;;
manfishing;59;0,006175459;0,27;114345;634x438;3,2941;59;0,953949776;33,59034303;28,44762783;;;;;
manfishing;60;0,006335369;0,27;115691;634x438;3,3329;60;0,954784638;33,68801483;27,81498807;;;;;
manfishing;61;0,006422759;0,27;117812;634x438;3,394;61;0,955796357;33,80802228;27,05690597;;;;;
manfishing;62;0,006251709;0,28;119069;634x438;3,4302;62;0,95660525;33,90422022;26,46417374;;;;;
manfishing;63;0,00660147;0,28;121433;634x438;3,4983;63;0,957627935;34,03386707;25,68583299;;;;;
manfishing;64;0,0065919;0,27;122710;634x438;3,5351;64;0,958496859;34,13006753;25,12312202;;;;;
manfishing;65;0,00658366;0,3;125208;634x438;3,6071;65;0,959638619;34,25778171;24,3950768;;;;;
manfishing;66;0,006496789;0,31;126968;634x438;3,6578;66;0,960567672;34,37245768;23,75935209;;;;;
manfishing;67;0,006616219;0,33;129073;634x438;3,7184;67;0,961472056;34,49534568;23,09647979;;;;;
manfishing;68;0,006720581;0,31;131774;634x438;3,7962;68;0,962553717;34,63423235;22,36954372;;;;;
manfishing;69;0,00684913;0,33;133670;634x438;3,8508;69;0,963296773;34,74621208;21,80013348;;;;;
manfishing;70;0,00686063;0,31;136823;634x438;3,9417;70;0,964632111;34,91550816;20,96667411;;;;;
manfishing;71;0,006971601;0,31;139221;634x438;4,0108;71;0,965556791;35,05777812;20,29095785;;;;;
manfishing;72;0,00677554;0,28;141303;634x438;4,0707;72;0,966361328;35,19813733;19,64566018;;;;;
manfishing;73;0,00684701;0,32;144285;634x438;4,1566;73;0,967221473;35,33607366;19,03149893;;;;;
manfishing;74;0,006938611;0,32;148712;634x438;4,2842;74;0,968533572;35,5488575;18,12151953;;;;;
manfishing;75;0,006911581;0,32;149642;634x438;4,311;75;0,969051027;35,6584077;17,67012373;;;;;
manfishing;76;0,007265192;0,33;152692;634x438;4,3988;76;0,970291655;35,85297944;16,89594227;;;;;
manfishing;77;0,007108571;0,33;158217;634x438;4,558;77;0,971835573;36,09378087;15,98461845;;;;;
manfishing;78;0,007134822;0,34;161906;634x438;4,6643;78;0,972787391;36,2777533;15,32163212;;;;;
manfishing;79;0,007293322;0,36;165085;634x438;4,7559;79;0,973798123;36,46615882;14,67116085;;;;;
manfishing;80;0,007399782;0,41;169042;634x438;4,8699;80;0,974987766;36,69438501;13,92008412;;;;;
manfishing;81;0,007550323;0,36;174986;634x438;5,0411;81;0,976376626;36,97452624;13,0505176;;;;;
manfishing;82;0,007621933;0,34;179561;634x438;5,1729;82;0,977463576;37,21174492;12,35679578;;;;;
manfishing;83;0,007596363;0,38;186080;634x438;5,3607;83;0,978635118;37,48124694;11,61330059;;;;;
manfishing;84;0,007534693;0,33;191775;634x438;5,5248;84;0,979817376;37,78313924;10,83344137;;;;;
manfishing;85;0,008190165;0,37;196822;634x438;5,6702;85;0,980939134;38,07645351;10,12593209;;;;;
manfishing;86;0,007852413;0,36;205541;634x438;5,9214;86;0,982356155;38,45203052;9,287039838;;;;;
manfishing;87;0,008148155;0,37;211434;634x438;6,0911;87;0,983498409;38,79611488;8,579636192;;;;;
manfishing;88;0,008151514;0,36;222298;634x438;6,4041;88;0,984899064;39,24827395;7,731307828;;;;;
manfishing;89;0,008186434;0,39;230273;634x438;6,6339;89;0,986109874;39,67787095;7,003147372;;;;;
manfishing;90;0,008423345;0,33;243729;634x438;7,0215;90;0,987493781;40,21507166;6,188326155;;;;;
manfishing;91;0,008745245;0,36;254635;634x438;7,3357;91;0,988733388;40,75144571;5,469350936;;;;;
manfishing;92;0,008849246;0,46;266794;634x438;7,686;92;0,990120163;41,4289797;4,679316173;;;;;
manfishing;93;0,009180517;0,47;286131;634x438;8,2431;93;0,991557741;42,20620394;3,912550596;;;;;
manfishing;94;0,009332748;0,41;309597;634x438;8,9191;94;0,992977519;43,16365873;3,138444752;;;;;
manfishing;95;0,009789389;0,49;337464;634x438;9,7219;95;0,994357372;44,27196073;2,431556065;;;;;
manfishing;96;0,010460581;0,44;370325;634x438;10,6686;96;0,995827064;45,81445751;1,704647595;;;;;
manfishing;97;0,011148094;0,54;408730;634x438;11,775;97;0,997092076;47,71131931;1,101408515;;;;;
manfishing;98;0,011801915;0,57;453337;634x438;13,0601;98;0,998250256;50,50063393;0,579451335;;;;;
manfishing;99;0,013204379;0,66;517732;634x438;14,9152;99;0,999230381;54,88919075;0,210941139;;;;;
monarch;32;0,006849271;0,33;73252;768x512;1,4903;32;0,950280182;33,77029839;27,29295264;;;;;
monarch;33;0,006799321;0,36;74880;768x512;1,5234;33;0,95112225;33,88859164;26,55957964;;;;;
monarch;34;0,00678193;0,35;75751;768x512;1,5411;34;0,951522141;33,96523082;26,09499868;;;;;
monarch;35;0,007551843;0,33;77598;768x512;1,5787;35;0,952678937;34,08710743;25,3728714;;;;;
monarch;36;0,006757381;0,27;78962;768x512;1,6064;36;0,953356757;34,19969371;24,72355906;;;;;
monarch;37;0,00675063;0,33;79783;768x512;1,6231;37;0,953646468;34,25648428;24,40236579;;;;;
monarch;38;0,006804791;0,32;81641;768x512;1,6609;38;0,954536881;34,3759784;23,74009874;;;;;
monarch;39;0,00678923;0,27;82943;768x512;1,6874;39;0,955225118;34,46014264;23,28445604;;;;;
monarch;40;0,006931561;0,31;83434;768x512;1,6974;40;0,955413557;34,51504168;22,99197049;;;;;
monarch;41;0,00685583;0,32;85361;768x512;1,7366;41;0,956223023;34,6463746;22,30708906;;;;;
monarch;42;0,00677294;0,3;86377;768x512;1,7573;42;0,956560017;34,6986152;22,04036797;;;;;
monarch;43;0,006978531;0,34;87282;768x512;1,7757;43;0,957018252;34,78071268;21,62763808;;;;;
monarch;44;0,00687567;0,32;89001;768x512;1,8107;44;0,957669961;34,88838227;21,09804111;;;;;
monarch;45;0,006894191;0,32;90102;768x512;1,8331;45;0,958089646;34,94937533;20,80380758;;;;;
monarch;46;0,007124511;0,32;91525;768x512;1,862;46;0,958664434;35,05692814;20,2949295;;;;;
monarch;47;0,00695812;0,32;92091;768x512;1,8735;47;0,958969745;35,11981949;20,00315094;;;;;
monarch;48;0,007034081;0,35;93807;768x512;1,9085;48;0,959402873;35,17997017;19,72801293;;;;;
monarch;49;0,006990821;0,32;95588;768x512;1,9447;49;0,960037143;35,2814013;19,27259657;;;;;
monarch;50;0,007207752;0,39;95855;768x512;1,9501;50;0,960141987;35,32838205;19,06523471;;;;;
monarch;51;0,00699896;0,32;96172;768x512;1,9566;51;0,960286686;35,3769487;18,85321808;;;;;
monarch;52;0,007112272;0,38;98082;768x512;1,9954;52;0,960889533;35,47791977;18,41994731;;;;;
monarch;53;0,007072471;0,32;99971;768x512;2,0339;53;0,961228826;35,54446015;18,13987732;;;;;
monarch;54;0,007052091;0,32;100621;768x512;2,0471;54;0,961626589;35,61988113;17,82757399;;;;;
monarch;55;0,007090311;0,3;101678;768x512;2,0686;55;0,961942912;35,70155424;17,49544271;;;;;
monarch;56;0,007256372;0,33;103203;768x512;2,0996;56;0,96248219;35,79061869;17,14030287;;;;;
monarch;57;0,007158481;0,34;105045;768x512;2,1371;57;0,962890947;35,87788378;16,79933082;;;;;
monarch;58;0,007161931;0,31;106785;768x512;2,1725;58;0,963387079;35,9767172;16,42134179;;;;;
monarch;59;0,007218981;0,35;107910;768x512;2,1954;59;0,963774403;36,0508126;16,14355214;;;;;
monarch;60;0,007174632;0,37;109034;768x512;2,2183;60;0,964112622;36,14030978;15,8142785;;;;;
monarch;61;0,007237912;0,35;111217;768x512;2,2627;61;0,964665243;36,24929838;15,42234887;;;;;
monarch;62;0,007531902;0,33;112496;768x512;2,2887;62;0,964983384;36,33493551;15,12121921;;;;;
monarch;63;0,007280142;0,36;114812;768x512;2,3358;63;0,965514764;36,44598551;14,73946804;;;;;
monarch;64;0,007406102;0,32;116012;768x512;2,3602;64;0,965853424;36,52955991;14,45853763;;;;;
monarch;65;0,007507712;0,33;118674;768x512;2,4144;65;0,966447768;36,64955443;14,06452009;;;;;
monarch;66;0,007610283;0,31;120122;768x512;2,4438;66;0,966864844;36,75999086;13,7113834;;;;;
monarch;67;0,007544992;0,38;121989;768x512;2,4818;67;0,967280735;36,87127527;13,36450365;;;;;
monarch;68;0,007483053;0,32;125162;768x512;2,5464;68;0,967868628;36,99812704;12,97978973;;;;;
monarch;69;0,007565752;0,31;127111;768x512;2,586;69;0,968269915;37,10747333;12,6570655;;;;;
monarch;70;0,007580752;0,39;130149;768x512;2,6478;70;0,968863803;37,25819622;12,22533417;;;;;
monarch;71;0,007959214;0,37;132706;768x512;2,6999;71;0,969375368;37,39664806;11,84174093;;;;;
monarch;72;0,008026714;0,38;134578;768x512;2,7379;72;0,969764416;37,51605606;11,52059089;;;;;
monarch;73;0,007802023;0,37;138149;768x512;2,8106;73;0,970285843;37,64953206;11,17190297;;;;;
monarch;74;0,007920824;0,37;142827;768x512;2,9058;74;0,971097963;37,84206954;10,68743303;;;;;
monarch;75;0,008392605;0,41;143465;768x512;2,9188;75;0,971354017;37,9434887;10,44074504;;;;;
monarch;76;0,008014344;0,37;147032;768x512;2,9913;76;0,972007603;38,12737265;10,00790321;;;;;
monarch;77;0,008780436;0,42;152811;768x512;3,1089;77;0,972889223;38,34368471;9,521642897;;;;;
monarch;78;0,008283805;0,36;157491;768x512;3,2041;78;0,973400574;38,51190662;9,159878201;;;;;
monarch;79;0,008286934;0,36;160912;768x512;3,2737;79;0,973910694;38,68307712;8,805877686;;;;;
monarch;80;0,008118254;0,35;165598;768x512;3,369;80;0,974536141;38,89894128;8,378885057;;;;;
monarch;81;0,008421965;0,42;172319;768x512;3,5058;81;0,975406288;39,15112705;7,906197442;;;;;
monarch;82;0,008464715;0,44;176610;768x512;3,5931;82;0,976004465;39,37344767;7,511654324;;;;;
monarch;83;0,008594635;0,42;185037;768x512;3,7645;83;0,976936583;39,63227674;7,077056885;;;;;
monarch;84;0,008726736;0,39;190808;768x512;3,8819;84;0,977636062;39,9055385;6,645482381;;;;;
monarch;85;0,008774056;0,44;196030;768x512;3,9882;85;0,978390266;40,18696453;6,2285063;;;;;
monarch;86;0,009134727;0,4;206747;768x512;4,2062;86;0,979343664;40,53507095;5,748747932;;;;;
monarch;87;0,009288508;0,49;213126;768x512;4,336;87;0,980038101;40,85073734;5,345725165;;;;;
monarch;88;0,009512559;0,41;225037;768x512;4,5783;88;0,981013975;41,25682184;4,868533664;;;;;
monarch;89;0,009523088;0,47;234350;768x512;4,7678;89;0,981895344;41,64705177;4,45015547;;;;;
monarch;90;0,009851909;0,49;249439;768x512;5,0748;90;0,982929593;42,13428793;3,977878994;;;;;
monarch;91;0,00994641;0,51;261927;768x512;5,3289;91;0,983959201;42,61445278;3,561517504;;;;;
monarch;92;0,01011061;0,5;274242;768x512;5,5794;92;0,984971376;43,16121955;3,140207926;;;;;
monarch;93;0,010755212;0,54;298524;768x512;6,0734;93;0,98618053;43,79985573;2,710783217;;;;;
monarch;94;0,010859552;0,53;326522;768x512;6,6431;94;0,987505509;44,54137717;2,28529697;;;;;
monarch;95;0,011422794;0,6;361171;768x512;7,348;95;0,988964685;45,37523472;1,886066013;;;;;
monarch;96;0,011991796;0,55;407577;768x512;8,2921;96;0,991033465;46,53796953;1,443056742;;;;;
monarch;97;0,012965489;0,61;461670;768x512;9,3927;97;0,993098088;47,99521521;1,03171285;;;;;
monarch;98;0,014413743;0,66;530467;768x512;10,7923;98;0,995687463;50,26865006;0,611245049;;;;;
monarch;99;0,016437899;0,77;628267;768x512;12,7821;99;0,998194983;54,50275069;0,230571323;;;;;
ocean;73;0,008218354;0,38;149318;768x512;3,0378;73;0,950793595;36,28766596;15,28670078;;;;;
ocean;74;0,008426205;0,43;154781;768x512;3,149;74;0,952749103;36,4858906;14,60465495;;;;;
ocean;75;0,008307895;0,36;155712;768x512;3,1679;75;0,953488923;36,5742889;14,31039005;;;;;
ocean;76;0,008618105;0,38;159524;768x512;3,2455;76;0,954929693;36,74393237;13,76217651;;;;;
ocean;77;0,008675796;0,38;166271;768x512;3,3827;77;0,957028524;36,96736904;13,07204268;;;;;
ocean;78;0,008590375;0,41;170998;768x512;3,4789;78;0,958329024;37,12909127;12,59421878;;;;;
ocean;79;0,009169297;0,44;174675;768x512;3,5537;79;0,959625531;37,30132935;12,10451592;;;;;
ocean;80;0,008890686;0,42;179527;768x512;3,6524;80;0,961232713;37,50923778;11,53869205;;;;;
ocean;81;0,008969167;0,42;186853;768x512;3,8015;81;0,963185615;37,76948091;10,86756558;;;;;
ocean;82;0,009108918;0,41;192432;768x512;3,915;82;0,964675294;37,9867147;10,33734216;;;;;
ocean;83;0,009092037;0,43;200676;768x512;4,0827;83;0,966351705;38,23505195;9,762817383;;;;;
ocean;84;0,009217387;0,41;207889;768x512;4,2295;84;0,968158308;38,514427;9,154563904;;;;;
ocean;85;0,009220468;0,42;213758;768x512;4,3489;85;0,969636068;38,77496428;8,621521844;;;;;
ocean;86;0,009683919;0,44;225192;768x512;4,5815;86;0,97158517;39,11886692;7,965144687;;;;;
ocean;87;0,009839499;0,41;232632;768x512;4,7329;87;0,973141862;39,4206725;7,430415683;;;;;
ocean;88;0,00992944;0,43;246252;768x512;5,01;88;0,975235858;39,83617574;6,752471924;;;;;
ocean;89;0,01001556;0,47;256131;768x512;5,2109;89;0,977017028;40,23102191;6,165640089;;;;;
ocean;90;0,010362831;0,47;273536;768x512;5,5651;90;0,979125435;40,72151749;5,507171631;;;;;
ocean;91;0,010621732;0,45;287777;768x512;5,8548;91;0,980978394;41,22053584;4,909381443;;;;;
ocean;92;0,010735482;0,5;303080;768x512;6,1661;92;0,983063664;41,84437954;4,252481249;;;;;
ocean;93;0,011194704;0,54;329522;768x512;6,7041;93;0,985178859;42,57213812;3,596388075;;;;;
ocean;94;0,011672325;0,53;360570;768x512;7,3358;94;0,987437326;43,46849204;2,925709195;;;;;
ocean;95;0,012163847;0,57;398212;768x512;8,1016;95;0,989610969;44,48600159;2,314622667;;;;;
ocean;96;0,012944738;0,64;443635;768x512;9,0257;96;0,992020959;45,89353224;1,673890856;;;;;
ocean;97;0,013809091;0,64;498113;768x512;10,1341;97;0,994238644;47,6012484;1,12968021;;;;;
ocean;98;0,015012365;0,75;564903;768x512;11,4929;98;0,996493868;50,1591811;0,626848009;;;;;
ocean;99;0,016439119;0,71;662071;768x512;13,4698;99;0,998528893;54,52452045;0,229418437;;;;;
paintedhouse;70;0,010827762;0,51;200801;768x512;4,0853;70;0,951309085;33,55628272;28,67161051;;;;;
paintedhouse;71;0,009258268;0,47;204866;768x512;4,168;71;0,952617489;33,72461883;27,58153788;;;;;
paintedhouse;72;0,009258327;0,45;208379;768x512;4,2394;72;0,953934814;33,88333535;26,59174432;;;;;
paintedhouse;73;0,009778039;0,46;213243;768x512;4,3384;73;0,955124362;34,04936455;25,59433831;;;;;
paintedhouse;74;0,009469519;0,47;219863;768x512;4,4731;74;0,95686379;34,2673414;24,34143745;;;;;
paintedhouse;75;0,009548668;0,41;221691;768x512;4,5103;75;0,957817217;34,41103541;23,54923587;;;;;
paintedhouse;76;0,009695569;0,49;227144;768x512;4,6212;76;0,959527411;34,65518924;22,26185947;;;;;
paintedhouse;77;0,009707589;0,45;234747;768x512;4,7759;77;0,961365181;34,90713215;21,00715044;;;;;
paintedhouse;78;0,01034846;0,52;241256;768x512;4,9083;78;0,96268577;35,124907;19,97973209;;;;;
paintedhouse;79;0,0098722;0,45;246129;768x512;5,0075;79;0,964123667;35,34923233;18,97392273;;;;;
paintedhouse;80;0,00999306;0,48;252815;768x512;5,1435;80;0,96569264;35,6181276;17,83477359;;;;;
paintedhouse;81;0,0100964;0,46;261578;768x512;5,3218;81;0,967562419;35,92449247;16,62000359;;;;;
paintedhouse;82;0,01025027;0,54;268323;768x512;5,459;82;0,969005995;36,20808474;15,56940036;;;;;
paintedhouse;83;0,010416281;0,45;278815;768x512;5,6725;83;0,970794938;36,51823734;14,49628194;;;;;
paintedhouse;84;0,010587922;0,5;287352;768x512;5,8461;84;0,972391897;36,85074165;13,42784119;;;;;
paintedhouse;85;0,010992173;0,54;295312;768x512;6,0081;85;0,974047566;37,20813821;12,36706204;;;;;
paintedhouse;86;0,011124143;0,53;308772;768x512;6,2819;86;0,9759145;37,62479965;11,23570675;;;;;
paintedhouse;87;0,011151203;0,5;317727;768x512;6,4641;87;0,977531047;38,02817096;10,23913489;;;;;
paintedhouse;88;0,011243853;0,55;333517;768x512;6,7854;88;0,979458462;38,5256161;9,131008572;;;;;
paintedhouse;89;0,011881335;0,57;346106;768x512;7,0415;89;0,981215458;39,02735633;8,134759691;;;;;
paintedhouse;90;0,012189546;0,59;365858;768x512;7,4434;90;0,983148266;39,63197711;7,077545166;;;;;
paintedhouse;91;0,011924956;0,54;381812;768x512;7,7679;91;0,984983705;40,25026752;6,138377719;;;;;
paintedhouse;92;0,012554957;0,58;399097;768x512;8,1196;92;0,986918209;41,02029131;5,141042921;;;;;
paintedhouse;93;0,012779068;0,59;428061;768x512;8,7089;93;0,988751677;41,87130784;4,226195441;;;;;
paintedhouse;94;0,013312019;0,63;461900;768x512;9,3973;94;0,990757999;42,92324835;3,317076789;;;;;
paintedhouse;95;0,013541501;0,66;499259;768x512;10,1574;95;0,992534957;44,08295626;2,539713542;;;;;
paintedhouse;96;0,014346613;0,66;546139;768x512;11,1112;96;0,994499837;45,64119596;1,774029202;;;;;
paintedhouse;97;0,014732894;0,62;601146;768x512;12,2303;97;0,996170654;47,54487447;1,144439697;;;;;
paintedhouse;98;0,016068158;0,72;666341;768x512;13,5567;98;0,997743732;50,28224728;0,60933431;;;;;
paintedhouse;99;0,017352691;0,76;762384;768x512;15,5107;99;0,999044057;54,71927262;0,219357808;;;;;
parrots;44;0,006358639;0,27;60588;768x512;1,2326;44;0,950681347;37,31707163;12,06071896;;;;;
parrots;45;0,006590299;0,34;61417;768x512;1,2495;45;0,951104231;37,37006211;11,91445414;;;;;
parrots;46;0,006429249;0,27;62496;768x512;1,2714;46;0,951819666;37,47321614;11,63479529;;;;;
parrots;47;0,00661873;0,33;62810;768x512;1,2778;47;0,95216449;37,52058504;11,50858307;;;;;
parrots;48;0,006528929;0,27;64333;768x512;1,3088;48;0,952726552;37,58408364;11,34153917;;;;;
parrots;49;0,006477249;0,34;65743;768x512;1,3375;49;0,953624029;37,68781392;11,07385847;;;;;
parrots;50;0,00658605;0,33;65929;768x512;1,3413;50;0,953736239;37,72132133;10,98874834;;;;;
parrots;51;0,00672502;0,31;66057;768x512;1,3439;51;0,953873169;37,75599663;10,90136041;;;;;
parrots;52;0,00656187;0,27;67677;768x512;1,3768;52;0,954694054;37,85733145;10,64994134;;;;;
parrots;53;0,00659682;0,35;69383;768x512;1,4116;53;0,955202276;37,92783336;10,4784495;;;;;
parrots;54;0,006560419;0,32;69813;768x512;1,4203;54;0,955454302;37,97975841;10,3539132;;;;;
parrots;55;0,00660497;0,34;70603;768x512;1,4364;55;0,955943554;38,05666606;10,17217339;;;;;
parrots;56;0,006863521;0,34;71707;768x512;1,4588;56;0,956436804;38,13291108;9,995148553;;;;;
parrots;57;0,006660769;0,34;73360;768x512;1,4925;57;0,956915975;38,21048036;9,818210178;;;;;
parrots;58;0,00667208;0,32;75006;768x512;1,526;58;0,957602062;38,30121864;9,615203857;;;;;
parrots;59;0,00666567;0,33;75696;768x512;1,54;59;0,957943832;38,35742871;9,491557651;;;;;
parrots;60;0,006652259;0,3;76532;768x512;1,557;60;0,958348592;38,42648483;9,34182824;;;;;
parrots;61;0,00669326;0,27;78427;768x512;1,5956;61;0,958967231;38,53093748;9,119827271;;;;;
parrots;62;0,006833711;0,32;79484;768x512;1,6171;62;0,959390899;38,60183581;8,972155253;;;;;
parrots;63;0,006795691;0,28;81302;768x512;1,654;63;0,959916857;38,69109283;8,789639791;;;;;
parrots;64;0,006808991;0,32;82103;768x512;1,6703;64;0,960243503;38,75622061;8,658811781;;;;;
parrots;65;0,00683382;0,33;84379;768x512;1,7166;65;0,961003809;38,87285919;8,429356893;;;;;
parrots;66;0,006997601;0,32;85515;768x512;1,7398;66;0,96142408;38,95803995;8,265637716;;;;;
parrots;67;0,006954021;0,32;87010;768x512;1,7702;67;0,96192379;39,05198027;8,088767158;;;;;
parrots;68;0,007011631;0,29;89776;768x512;1,8264;68;0,962693969;39,16909655;7,87355211;;;;;
parrots;69;0,008013313;0,36;91381;768x512;1,8591;69;0,963108258;39,25510683;7,71915351;;;;;
parrots;70;0,007200521;0,34;93665;768x512;1,9056;70;0,963872864;39,38270498;7,495659722;;;;;
parrots;71;0,007047751;0,31;95841;768x512;1,9498;71;0,964461443;39,50383787;7,289480421;;;;;
parrots;72;0,007052871;0,34;97359;768x512;1,9807;72;0,964950456;39,60207764;7,126439412;;;;;
parrots;73;0,007227501;0,38;100549;768x512;2,0456;73;0,965518234;39,70939984;6,952490065;;;;;
parrots;74;0,007273132;0,39;104348;768x512;2,1229;74;0,966413822;39,88381595;6,678805033;;;;;
parrots;75;0,007304952;0,32;104822;768x512;2,1326;75;0,966651977;39,95008686;6,577663845;;;;;
parrots;76;0,007554913;0,33;107492;768x512;2,1869;76;0,967360358;40,09272844;6,365133497;;;;;
parrots;77;0,007547933;0,32;112604;768x512;2,2909;77;0,968316419;40,28402216;6,090853373;;;;;
parrots;78;0,007705943;0,31;116568;768x512;2,3715;78;0,968920936;40,41793407;5,905911764;;;;;
parrots;79;0,007547752;0,34;119155;768x512;2,4242;79;0,9695219;40,55511266;5,722279867;;;;;
parrots;80;0,007602032;0,36;123061;768x512;2,5036;80;0,970195874;40,72707765;5,500125461;;;;;
parrots;81;0,007611432;0,35;128614;768x512;2,6166;81;0,97117807;40,93874892;5,238482157;;;;;
parrots;82;0,007989644;0,37;132317;768x512;2,6919;82;0,971846945;41,10250071;5,044641283;;;;;
parrots;83;0,007919914;0,32;139972;768x512;2,8477;83;0,972778104;41,3128796;4,806095547;;;;;
parrots;84;0,008463816;0,38;144823;768x512;2,9464;84;0,97354076;41,51584559;4,58665212;;;;;
parrots;85;0,008108694;0,36;149280;768x512;3,0371;85;0,974299944;41,71706222;4,378991869;;;;;
parrots;86;0,008445025;0,42;158944;768x512;3,2337;86;0,975339704;41,99273948;4,109664917;;;;;
parrots;87;0,008571216;0,43;164271;768x512;3,3421;87;0,976101256;42,2180154;3,901924133;;;;;
parrots;88;0,008847726;0,41;174913;768x512;3,5586;88;0,977179224;42,52512698;3,635529412;;;;;
parrots;89;0,008771747;0,47;183316;768x512;3,7295;89;0,978212316;42,81276743;3,402542962;;;;;
parrots;90;0,009129937;0,46;197565;768x512;4,0194;90;0,979436722;43,1801586;3,126543681;;;;;
parrots;91;0,010751132;0,5;208948;768x512;4,251;91;0,980696919;43,55221267;2,869849311;;;;;
parrots;92;0,00987059;0,56;219996;768x512;4,4758;92;0,981834547;43,94932368;2,619075351;;;;;
parrots;93;0,00999492;0,53;243290;768x512;4,9497;93;0,983344925;44,46248682;2,327189128;;;;;
parrots;94;0,010504321;0,53;270413;768x512;5,5015;94;0,985022173;45,06072711;2,027718438;;;;;
parrots;95;0,010717562;0,56;303172;768x512;6,168;95;0,986883711;45,73865615;1,734661526;;;;;
parrots;96;0,011483264;0,67;346309;768x512;7,0456;96;0,989413488;46,76118211;1,370762295;;;;;
parrots;97;0,015865817;0,91;398740;768x512;8,1123;97;0,992069258;48,09104126;1,009197659;;;;;
parrots;98;0,018316364;1,38;466535;768x512;9,4916;98;0,995077332;50,31934569;0,604151408;;;;;
parrots;99;0,015840837;0,78;559358;768x512;11,3801;99;0,997882977;54,56589443;0,227243212;;;;;
plane;67;0,007141282;0,32;104756;768x512;2,1312;67;0,95008865;36,06677196;16,08433702;;;;;
plane;68;0,007268572;0,34;107741;768x512;2,1919;68;0,951092305;36,18390191;15,65633731;;;;;
plane;69;0,007205262;0,32;109713;768x512;2,2321;69;0,951896718;36,28677882;15,28982374;;;;;
plane;70;0,007568723;0,34;112928;768x512;2,2975;70;0,953114272;36,43146239;14,7888404;;;;;
plane;71;0,007332652;0,29;115333;768x512;2,3464;71;0,954131063;36,56543284;14,3396013;;;;;
plane;72;0,007600202;0,35;117380;768x512;2,3881;72;0,955131627;36,68449854;13,95180851;;;;;
plane;73;0,007558473;0,32;120468;768x512;2,4509;73;0,955981354;36,81156917;13,54950545;;;;;
plane;74;0,007498562;0,37;124941;768x512;2,5419;74;0,9573788;36,99065337;13,00214556;;;;;
plane;75;0,007690553;0,38;125843;768x512;2,5602;75;0,958117209;37,09250076;12,70077684;;;;;
plane;76;0,007966974;0,36;129251;768x512;2,6296;76;0,95928077;37,27941886;12,16573842;;;;;
plane;77;0,007986194;0,38;134671;768x512;2,7398;77;0,960793667;37,48161114;11,61232673;;;;;
plane;78;0,008117024;0,36;138826;768x512;2,8244;78;0,961812369;37,64811033;11,17556085;;;;;
plane;79;0,007865323;0,38;142067;768x512;2,8903;79;0,963033013;37,81939997;10,74336582;;;;;
plane;80;0,008328554;0,35;146313;768x512;2,9767;80;0,964290654;38,02912282;10,236891;;;;;
plane;81;0,008031044;0,38;151966;768x512;3,0917;81;0,96583652;38,27561807;9,672050476;;;;;
plane;82;0,008242754;0,36;156244;768x512;3,1787;82;0,967087943;38,49116519;9,203729418;;;;;
plane;83;0,008305815;0,36;163282;768x512;3,3219;83;0,968563608;38,74117787;8,688855489;;;;;
plane;84;0,008694136;0,45;168811;768x512;3,4344;84;0,969909909;39,00648689;8,173944261;;;;;
plane;85;0,008426466;0,37;173915;768x512;3,5383;85;0,97137283;39,29250723;7,652963426;;;;;
plane;86;0,008693646;0,36;183129;768x512;3,7257;86;0,973066189;39,6393803;7,065490723;;;;;
plane;87;0,008878206;0,43;189181;768x512;3,8488;87;0,97456945;39,96546624;6,554411994;;;;;
plane;88;0,008803426;0,4;199795;768x512;4,0648;88;0,976373846;40,38852237;5,946044074;;;;;
plane;89;0,009732279;0,42;208148;768x512;4,2347;89;0,977929358;40,79956711;5,409083049;;;;;
plane;90;0,009533778;0,47;221750;768x512;4,5115;90;0,979809027;41,3098679;4,809429593;;;;;
plane;91;0,009415648;0,43;233283;768x512;4,7461;91;0,981561816;41,83056003;4,266034444;;;;;
plane;92;0,009621988;0,49;246007;768x512;5,005;92;0,983567273;42,47283531;3,679567973;;;;;
plane;93;0,010231751;0,46;266494;768x512;5,4218;93;0,985666192;43,20522242;3,108551873;;;;;
plane;94;0,01017436;0,42;291289;768x512;5,9262;94;0,987927164;44,13687098;2,508379618;;;;;
plane;95;0,010886163;0,54;320967;768x512;6,53;95;0,99018258;45,21478274;1,957050747;;;;;
plane;96;0,011207443;0,46;356363;768x512;7,2502;96;0,992714781;46,74029679;1,377370199;;;;;
plane;97;0,011934015;0,58;397378;768x512;8,0846;97;0,99499329;48,65950548;0,885380215;;;;;
plane;98;0,012578638;0,56;443501;768x512;9,023;98;0,99712971;51,59231485;0,450659858;;;;;
plane;99;0,01353414;0,7;508199;768x512;10,3393;99;0,998847926;56,1963749;0,156114366;;;;;
rapids;76;0,010334261;0,53;233412;768x512;4,7487;76;0,950173131;34,67204404;22,17562951;;;;;
rapids;77;0,00998856;0,48;241836;768x512;4,9201;77;0,952373775;34,89237434;21,07865651;;;;;
rapids;78;0,010191801;0,46;248422;768x512;5,0541;78;0,953934656;35,06424193;20,26078033;;;;;
rapids;79;0,010141041;0,5;253744;768x512;5,1624;79;0,955613769;35,24945316;19,41489495;;;;;
rapids;80;0,010212171;0,49;260534;768x512;5,3005;80;0,957495455;35,47563948;18,42962138;;;;;
rapids;81;0,010498511;0,48;269946;768x512;5,492;81;0,959775711;35,74344596;17,3274943;;;;;
rapids;82;0,01037864;0,45;277339;768x512;5,6424;82;0,961498943;35,98465553;16,39135318;;;;;
rapids;83;0,010499082;0,48;287908;768x512;5,8575;83;0,963281106;36,24666375;15,43170759;;;;;
rapids;84;0,010653002;0,49;297233;768x512;6,0472;84;0,965476874;36,54526679;14,40634071;;;;;
rapids;85;0,011038383;0,53;305570;768x512;6,2168;85;0,967476341;36,85594007;13,41177792;;;;;
rapids;86;0,011021652;0,51;319832;768x512;6,5069;86;0,969834753;37,22950415;12,30636936;;;;;
rapids;87;0,011263354;0,52;329745;768x512;6,7086;87;0,971877234;37,58522057;11,33857049;;;;;
rapids;88;0,011450315;0,5;346828;768x512;7,0562;88;0,974384169;38,04492194;10,19971805;;;;;
rapids;89;0,012403007;0,6;360187;768x512;7,328;89;0,976594077;38,49935626;9,186386956;;;;;
rapids;90;0,011923506;0,55;381560;768x512;7,7628;90;0,979110341;39,05597099;8,081337823;;;;;
rapids;91;0,013053989;0,62;399478;768x512;8,1274;91;0,981459526;39,62941133;7,08172777;;;;;
rapids;92;0,012437707;0,59;419325;768x512;8,5311;92;0,984089398;40,3712919;5,969681634;;;;;
rapids;93;0,013211029;0,69;449502;768x512;9,1451;93;0,986573665;41,19343286;4,940115187;;;;;
rapids;94;0,013542731;0,61;486330;768x512;9,8944;94;0,989230311;42,22889369;3,892162747;;;;;
rapids;95;0,014297102;0,71;528591;768x512;10,7542;95;0,991567975;43,39917836;2,97277832;;;;;
rapids;96;0,014867265;0,7;578516;768x512;11,7699;96;0,994082926;44,99054984;2,060750326;;;;;
rapids;97;0,015623737;0,71;636740;768x512;12,9545;97;0,996140828;46,96370622;1,308307224;;;;;
rapids;98;0,01658795;0,76;702280;768x512;14,2879;98;0,997921966;49,89631875;0,665960524;;;;;
rapids;99;0,018090774;0,86;793198;768x512;16,1376;99;0,999161474;54,51740126;0,22979482;;;;;
sailing1;74;0,0099048;0,49;202545;768x512;4,1207;74;0,951484655;34,55830782;22,7640525;;;;;
sailing1;75;0,009310987;0,46;204094;768x512;4,1523;75;0,952444788;34,67869717;22,14168379;;;;;
sailing1;76;0,009297028;0,43;208892;768x512;4,2499;76;0,954196044;34,8855844;21,11163754;;;;;
sailing1;77;0,009413788;0,44;216570;768x512;4,4061;77;0,956248252;35,123577;19,98585171;;;;;
sailing1;78;0,009640819;0,47;222477;768x512;4,5263;78;0,957794048;35,31632174;19,11825222;;;;;
sailing1;79;0,009974549;0,46;227206;768x512;4,6225;79;0,959357879;35,51311527;18,27127414;;;;;
sailing1;80;0,00987447;0,49;233234;768x512;4,7451;80;0,960950833;35,75790389;17,26990594;;;;;
sailing1;81;0,00991446;0,47;241929;768x512;4,922;81;0,963065026;36,04498342;16,16523488;;;;;
sailing1;82;0,0100523;0,47;248425;768x512;5,0542;82;0,964735089;36,30166338;15,23751068;;;;;
sailing1;83;0,010389751;0,5;258149;768x512;5,252;83;0,966510222;36,57764029;14,29935116;;;;;
sailing1;84;0,010381441;0,55;266624;768x512;5,4244;84;0,96839858;36,8892136;13,30941603;;;;;
sailing1;85;0,010331761;0,45;274023;768x512;5,575;85;0,970088302;37,2031164;12,38137054;;;;;
sailing1;86;0,010628712;0,57;286972;768x512;5,8384;86;0,972197034;37,58834589;11,33041382;;;;;
sailing1;87;0,010805043;0,53;295969;768x512;6,0215;87;0,973969999;37,95548287;10,41195001;;;;;
sailing1;88;0,011165323;0,59;311724;768x512;6,342;88;0,97615201;38,42667952;9,341409471;;;;;
sailing1;89;0,011938415;0,56;323383;768x512;6,5792;89;0,978086864;38,89576437;8,385016547;;;;;
sailing1;90;0,011413494;0,63;342452;768x512;6,9672;90;0,980147638;39,47019574;7,346166823;;;;;
sailing1;91;0,011611265;0,56;358898;768x512;7,3017;91;0,982173711;40,04460123;6,436062283;;;;;
sailing1;92;0,011965666;0,58;376487;768x512;7,6596;92;0,984376859;40,78289931;5,429882473;;;;;
sailing1;93;0,012320516;0,62;404805;768x512;8,2357;93;0,986564765;41,59510065;4,503708733;;;;;
sailing1;94;0,012971469;0,68;437974;768x512;8,9106;94;0,988847763;42,60811459;3,566719055;;;;;
sailing1;95;0,013793401;0,69;478000;768x512;9,7249;95;0,991004686;43,74898507;2,742722405;;;;;
sailing1;96;0,014855584;0,74;526235;768x512;10,7062;96;0,993368747;45,31617501;1,911889818;;;;;
sailing1;97;0,014835924;0,73;582140;768x512;11,8436;97;0,995424097;47,26202874;1,221455044;;;;;
sailing1;98;0,015828357;0,81;647216;768x512;13,1676;98;0,997402335;50,12499345;0,631802029;;;;;
sailing1;99;0,017404402;0,81;737315;768x512;15,0007;99;0,998958936;54,71333538;0,219657898;;;;;
sailing2;74;0,006891311;0,3;113276;480x720;2,6221;74;0,95028206;37,67352691;11,11034819;;;;;
sailing2;75;0,006928561;0,34;113853;480x720;2,6354;75;0,950754446;37,76535904;10,87788484;;;;;
sailing2;76;0,007012181;0,36;116969;480x720;2,7076;76;0,951740298;37,93554843;10,45985147;;;;;
sailing2;77;0,006975801;0,34;122290;480x720;2,8307;77;0,953236171;38,13906087;9,981005015;;;;;
sailing2;78;0,007133451;0,35;126422;480x720;2,9264;78;0,954067854;38,29049997;9,63896412;;;;;
sailing2;79;0,007109461;0,4;129493;480x720;2,9975;79;0,955065428;38,44711155;9,297564622;;;;;
sailing2;80;0,007454062;0,38;133635;480x720;3,0934;80;0,956070736;38,63380023;8,906361883;;;;;
sailing2;81;0,007572422;0,38;139675;480x720;3,2332;81;0,957643182;38,86352904;8,447485532;;;;;
sailing2;82;0,007667023;0,4;143634;480x720;3,3248;82;0,958492914;39,05080997;8,090947145;;;;;
sailing2;83;0,007648663;0,38;151338;480x720;3,5031;83;0,959900353;39,28299524;7,669743441;;;;;
sailing2;84;0,008179144;0,41;156585;480x720;3,6246;84;0,961040622;39,51480732;7,271091821;;;;;
sailing2;85;0,008085094;0,39;161363;480x720;3,7352;85;0,962163844;39,74750566;6,891754437;;;;;
sailing2;86;0,008189615;0,41;170779;480x720;3,9532;86;0,963658492;40,04349845;6,437696759;;;;;
sailing2;87;0,008257315;0,4;176661;480x720;4,0893;87;0,964843643;40,29303566;6,078225309;;;;;
sailing2;88;0,008715266;0,45;187446;480x720;4,339;88;0,966437147;40,62656345;5,62890625;;;;;
sailing2;89;0,009144088;0,46;195857;480x720;4,5337;89;0,967902587;40,9459413;5,22981385;;;;;
sailing2;90;0,008677276;0,44;209938;480x720;4,8596;90;0,969653068;41,34210336;4,773863812;;;;;
sailing2;91;0,009207217;0,48;222134;480x720;5,1419;91;0,971518427;41,74638483;4,349525463;;;;;
sailing2;92;0,009338938;0,47;235059;480x720;5,4411;92;0,973494269;42,21113201;3,908113426;;;;;
sailing2;93;0,009572309;0,52;258732;480x720;5,9891;93;0,975924453;42,76631523;3,439131944;;;;;
sailing2;94;0,01006002;0,49;287456;480x720;6,654;94;0,978941441;43,45848197;2,932460455;;;;;
sailing2;95;0,010530651;0,51;322744;480x720;7,4709;95;0,982121461;44,26436059;2,435815008;;;;;
sailing2;96;0,011039803;0,52;367290;480x720;8,502;96;0,986532142;45,47221823;1,844414545;;;;;
sailing2;97;0,012329657;0,61;419486;480x720;9,7103;97;0,990825329;47,086715;1,271770833;;;;;
sailing2;98;0,01345955;0,7;479615;480x720;11,1021;98;0,995129189;49,84749478;0,673489583;;;;;
sailing2;99;0,014747764;0,77;556132;480x720;12,8734;99;0,998119684;54,51033929;0,230168789;;;;;
sailing3;74;0,007133672;0,34;126094;480x720;2,9188;74;0,951161605;37,43227019;11,74500868;;;;;
sailing3;75;0,007146171;0,33;126930;480x720;2,9381;75;0,951775097;37,52571057;11,49500868;;;;;
sailing3;76;0,007574222;0,4;130321;480x720;3,0166;76;0,952969032;37,70269762;11,03597222;;;;;
sailing3;77;0,007414052;0,34;135760;480x720;3,1425;77;0,954507699;37,90678961;10,52934606;;;;;
sailing3;78;0,008325595;0,41;139992;480x720;3,2405;78;0,955498294;38,06399897;10,15501254;;;;;
sailing3;79;0,007549033;0,38;143344;480x720;3,3181;79;0,956774474;38,2266823;9,78165027;;;;;
sailing3;80;0,007668333;0,34;147599;480x720;3,4166;80;0,958049497;38,42478778;9,34547936;;;;;
sailing3;81;0,007757213;0,38;153787;480x720;3,5598;81;0,959721608;38,67032237;8,831777585;;;;;
sailing3;82;0,008905207;0,42;158018;480x720;3,6578;82;0,960884018;38,86184889;8,450754244;;;;;
sailing3;83;0,008800216;0,4;165914;480x720;3,8406;83;0,962386304;39,11009709;7,981245177;;;;;
sailing3;84;0,008203614;0,38;171393;480x720;3,9674;84;0,963778283;39,34662799;7,558185764;;;;;
sailing3;85;0,008214244;0,38;176635;480x720;4,0887;85;0,965198332;39,59906065;7,131391782;;;;;
sailing3;86;0,008343505;0,4;186625;480x720;4,32;86;0,966872103;39,91370831;6,632992863;;;;;
sailing3;87;0,008444525;0,42;192582;480x720;4,4579;87;0,96820742;40,18734138;6,227965856;;;;;
sailing3;88;0,009000127;0,45;203774;480x720;4,7169;88;0,97002632;40,54460834;5,736137153;;;;;
sailing3;89;0,008808446;0,37;212779;480x720;4,9254;89;0,971670186;40,88781256;5,300283565;;;;;
sailing3;90;0,009192327;0,42;227385;480x720;5,2635;90;0,973534655;41,30969075;4,809625772;;;;;
sailing3;91;0,009685329;0,51;239745;480x720;5,5496;91;0,975422473;41,74347259;4,352443094;;;;;
sailing3;92;0,009680719;0,57;252567;480x720;5,8464;92;0,977372442;42,23329477;3,888220486;;;;;
sailing3;93;0,01004335;0,53;275608;480x720;6,3798;93;0,979620074;42,80495901;3,408666088;;;;;
sailing3;94;0,010938732;0,61;304173;480x720;7,041;94;0,982282548;43,51705634;2,893175154;;;;;
sailing3;95;0,011714935;0,62;338423;480x720;7,8338;95;0,985066673;44,33485659;2,396595293;;;;;
sailing3;96;0,011975855;0,59;382877;480x720;8,8628;96;0,988656213;45,56511962;1,805379051;;;;;
sailing3;97;0,012495257;0,5;434938;480x720;10,068;97;0,992245537;47,15275204;1,25257909;;;;;
sailing3;98;0,015058035;0,65;495179;480x720;11,4624;98;0,995775274;49,86767425;0,670367477;;;;;
sailing3;99;0,014725364;0,8;573711;480x720;13,2803;99;0,998349557;54,51707807;0,229811921;;;;;
sailing4;77;0,009291478;0,47;197622;768x512;4,0206;77;0,951003545;35,74946982;17,30347697;;;;;
sailing4;78;0,009356027;0,5;203305;768x512;4,1362;78;0,952503779;35,9349783;16,57992384;;;;;
sailing4;79;0,009506198;0,49;207800;768x512;4,2277;79;0,954220467;36,12851727;15,85727776;;;;;
sailing4;80;0,010376061;0,44;213668;768x512;4,347;80;0,956086352;36,36024378;15,03335741;;;;;
sailing4;81;0,009411528;0,42;221869;768x512;4,5139;81;0,958282883;36,63851582;14,10031382;;;;;
sailing4;82;0,009917999;0,52;227746;768x512;4,6335;82;0,960000251;36,8817799;13,3322169;;;;;
sailing4;83;0,009798029;0,5;237117;768x512;4,8241;83;0,961929179;37,15755502;12,51194594;;;;;
sailing4;84;0,01012863;0,5;245030;768x512;4,9851;84;0,964058366;37,45699322;11,67833794;;;;;
sailing4;85;0,010259801;0,49;252468;768x512;5,1364;85;0,965861382;37,75969653;10,89207713;;;;;
sailing4;86;0,01023019;0,54;264812;768x512;5,3876;86;0,968177748;38,13113423;9,999238756;;;;;
sailing4;87;0,010410821;0,45;273010;768x512;5,5544;87;0,970025334;38,47961953;9,228229947;;;;;
sailing4;88;0,010664192;0,51;288008;768x512;5,8595;88;0,972536728;38,93560015;8,308456421;;;;;
sailing4;89;0,010806422;0,52;299060;768x512;6,0843;89;0,974710349;39,38300705;7,49513838;;;;;
sailing4;90;0,011430054;0,62;317684;768x512;6,4632;90;0,977141992;39,91354722;6,633238898;;;;;
sailing4;91;0,011568515;0,51;333411;768x512;6,7832;91;0,979405609;40,45384227;5,857282003;;;;;
sailing4;92;0,011849765;0,61;350556;768x512;7,132;92;0,981918067;41,13790694;5,003681607;;;;;
sailing4;93;0,011877466;0,58;379595;768x512;7,7228;93;0,984448632;41,91095738;4,187787374;;;;;
sailing4;94;0,012424987;0,66;412768;768x512;8,3977;94;0,987109098;42,86622685;3,360916138;;;;;
sailing4;95;0,013117029;0,6;451872;768x512;9,1933;95;0,989541151;43,94616487;2,620981005;;;;;
sailing4;96;0,014546963;0,7;500357;768x512;10,1797;96;0,992315902;45,45049749;1,853662279;;;;;
sailing4;97;0,014763003;0,66;556795;768x512;11,328;97;0,994680072;47,30466956;1,209520976;;;;;
sailing4;98;0,016349478;0,85;624943;768x512;12,7144;98;0,996907554;50,0626677;0,640934414;;;;;
sailing4;99;0,017295112;0,81;719886;768x512;14,6461;99;0,998700984;54,51829853;0,229747348;;;;;
statue;68;0,00699665;0,33;122938;480x720;2,8457;68;0,950595977;35,7917584;17,13580536;;;;;
statue;69;0,007172141;0,39;124980;480x720;2,893;69;0,951430542;35,89676944;16,72643615;;;;;
statue;70;0,007279631;0,32;128138;480x720;2,9661;70;0,952572548;36,0443376;16,16763889;;;;;
statue;71;0,007258081;0,34;130698;480x720;3,0254;71;0,953556805;36,17886093;15,67452064;;;;;
statue;72;0,007585273;0,31;132919;480x720;3,0768;72;0,954538795;36,29793268;15,25060571;;;;;
statue;73;0,007766853;0,37;136248;480x720;3,1538;73;0,955410195;36,42465063;14,8120544;;;;;
statue;74;0,007554602;0,33;140981;480x720;3,2634;74;0,956849011;36,60872201;14,19737847;;;;;
statue;75;0,007538313;0,37;141803;480x720;3,2824;75;0,957400759;36,70694124;13,8798968;;;;;
statue;76;0,007648313;0,38;145405;480x720;3,3658;76;0,958464843;36,88312027;13,32810282;;;;;
statue;77;0,007747433;0,37;151170;480x720;3,4993;77;0,959989615;37,09402157;12,69633005;;;;;
statue;78;0,007933053;0,36;155720;480x720;3,6046;78;0,960950677;37,26003842;12,2201495;;;;;
statue;79;0,007809763;0,36;159211;480x720;3,6854;79;0,962005691;37,43541087;11,73651813;;;;;
statue;80;0,007936044;0,37;163766;480x720;3,7908;80;0,963183596;37,64379401;11,18667342;;;;;
statue;81;0,008047674;0,39;170053;480x720;3,9364;81;0,964759525;37,89544704;10,55688175;;;;;
statue;82;0,008476735;0,36;174857;480x720;4,0476;82;0,965894999;38,10993039;10,04817805;;;;;
statue;83;0,008233054;0,43;182598;480x720;4,2268;83;0,967230841;38,36135909;9,482971644;;;;;
statue;84;0,008297985;0,37;188552;480x720;4,3646;84;0,968537119;38,6183553;8,938092207;;;;;
statue;85;0,008631905;0,43;194216;480x720;4,4957;85;0,969834764;38,88768762;8,400625;;;;;
statue;86;0,009057117;0,46;204442;480x720;4,7324;86;0,971495105;39,22650177;7,770163966;;;;;
statue;87;0,008865556;0,42;210852;480x720;4,8808;87;0,972801093;39,53028327;7,245227623;;;;;
statue;88;0,009110357;0,43;222396;480x720;5,148;88;0,974483886;39,92669955;6,613180941;;;;;
statue;89;0,009477828;0,49;231937;480x720;5,3689;89;0,976043353;40,31389381;6,049103009;;;;;
statue;90;0,009383178;0,44;247163;480x720;5,7213;90;0,977774543;40,78934028;5,421835455;;;;;
statue;91;0,009519639;0,46;259796;480x720;6,0137;91;0,979600034;41,2770359;4,845925926;;;;;
statue;92;0,01008034;0,51;272972;480x720;6,3187;92;0,981429307;41,85442417;4,242657215;;;;;
statue;93;0,010132381;0,45;296467;480x720;6,8626;93;0,983428307;42,52015803;3,639691358;;;;;
statue;94;0,010676562;0,53;325418;480x720;7,5328;94;0,9856844;43,33778735;3,015099344;;;;;
statue;95;0,011095373;0,52;359091;480x720;8,3122;95;0,988032992;44,26744677;2,434084684;;;;;
statue;96;0,012519167;0,64;402835;480x720;9,3248;96;0,990872903;45,58282846;1,798032407;;;;;
statue;97;0,012814679;0,61;454045;480x720;10,5103;97;0,993600667;47,27076037;1,219001736;;;;;
statue;98;0,013864051;0,69;514179;480x720;11,9022;98;0,996409995;49,94862361;0,65798804;;;;;
statue;99;0,014929214;0,71;594878;480x720;13,7703;99;0,998582191;54,50602831;0,230397377;;;;;
stream;78;0,011898775;0,59;346046;768x512;7,0403;78;0,950017082;31,99081566;41,11485799;;;;;
stream;79;0,012125166;0,62;353387;768x512;7,1896;79;0,9524101;32,23296653;38,8851437;;;;;
stream;80;0,011888925;0,56;363031;768x512;7,3858;80;0,954986959;32,52484709;36,35763719;;;;;
stream;81;0,012240846;0,59;375223;768x512;7,6339;81;0,957851081;32,85075492;33,72910902;;;;;
stream;82;0,012056376;0,58;385399;768x512;7,8409;82;0,960562182;33,17945156;31,27052731;;;;;
stream;83;0,012651747;0,69;399385;768x512;8,1255;83;0,96317185;33,52714724;28,86460622;;;;;
stream;84;0,012516418;0,55;411928;768x512;8,3806;84;0,9660382;33,91039416;26,42657895;;;;;
stream;85;0,012795998;0,6;423530;768x512;8,6167;85;0,968802683;34,31795968;24,05937788;;;;;
stream;86;0,012997259;0,6;441215;768x512;8,9765;86;0,971667315;34,78971071;21,58287472;;;;;
stream;87;0,01338626;0,67;454329;768x512;9,2433;87;0,974354738;35,27016235;19,32253604;;;;;
stream;88;0,013577401;0,62;474828;768x512;9,6604;88;0,977324228;35,84567789;16,92437236;;;;;
stream;89;0,014469233;0,73;491354;768x512;9,9966;89;0,979979482;36,4326129;14,78492313;;;;;
stream;90;0,013996592;0,63;516769;768x512;10,5136;90;0,982905171;37,14635174;12,54426405;;;;;
stream;91;0,014456423;0,67;538166;768x512;10,949;91;0,985364382;37,87302047;10,61153751;;;;;
stream;92;0,014974755;0,68;561129;768x512;11,4161;92;0,988196786;38,81864917;8,535234239;;;;;
stream;93;0,015247976;0,71;596481;768x512;12,1354;93;0,990575261;39,83079016;6,760850694;;;;;
stream;94;0,015528416;0,68;636639;768x512;12,9524;94;0,99297178;41,1071447;5,039249844;;;;;
stream;95;0,016218539;0,83;681029;768x512;13,8555;95;0,99495388;42,52529509;3,635388692;;;;;
stream;96;0,01683831;0,78;731980;768x512;14,8921;96;0,996717217;44,39362794;2,364381578;;;;;
stream;97;0,017330961;0,8;787785;768x512;16,0275;97;0,998024626;46,63792761;1,410222371;;;;;
stream;98;0,017939483;0,82;846595;768x512;17,224;98;0,998996673;49,82591598;0,676844279;;;;;
stream;99;0,018621056;0,86;926368;768x512;18,847;99;0,999600986;54,56484149;0,227298313;;;;;
studentsculpture;59;0,008254395;0,37;197025;632x505;4,9385;59;0,950217759;30,29731758;60,72235451;;;;;
studentsculpture;60;0,008576696;0,41;199478;632x505;5;60;0,951359359;30,40221876;59,27321511;;;;;
studentsculpture;61;0,008475175;0,44;202966;632x505;5,0875;61;0,952508807;30,51619813;57,73784204;;;;;
studentsculpture;62;0,008405005;0,41;205568;632x505;5,1527;62;0,953540072;30,6208182;56,36357626;;;;;
studentsculpture;63;0,008470306;0,41;209457;632x505;5,2502;63;0,9547242;30,75168475;54,69049902;;;;;
studentsculpture;64;0,008525406;0,42;211698;632x505;5,3063;64;0,955726752;30,85597725;53,39279254;;;;;
studentsculpture;65;0,008453585;0,37;215758;632x505;5,4081;65;0,956951506;30,98267964;51,85759807;;;;;
studentsculpture;66;0,008859446;0,45;218963;632x505;5,4884;66;0,958039578;31,12067542;50,23574174;;;;;
studentsculpture;67;0,008614006;0,37;222380;632x505;5,5741;67;0,9590915;31,25502337;48,70550194;;;;;
studentsculpture;68;0,008871697;0,44;227206;632x505;5,695;68;0,960339613;31,39336965;47,17842044;;;;;
studentsculpture;69;0,008800266;0,43;230849;632x505;5,7864;69;0,961439743;31,530368;45,71340394;;;;;
studentsculpture;70;0,008976507;0,44;235942;632x505;5,914;70;0,962760724;31,7035052;43,92682771;;;;;
studentsculpture;71;0,008970466;0,42;240239;632x505;6,0217;71;0,964000539;31,8704592;42,27021348;;;;;
studentsculpture;72;0,008981897;0,41;243961;632x505;6,115;72;0,965077312;32,023801;40,80376718;;;;;
studentsculpture;73;0,009268808;0,41;249154;632x505;6,2452;73;0,966229532;32,18596608;39,30825396;;;;;
studentsculpture;74;0,009161838;0,44;256073;632x505;6,4186;74;0,967642413;32,39967433;37,4207879;;;;;
studentsculpture;75;0,009221697;0,41;258345;632x505;6,4756;75;0,968517405;32,54204123;36,21397836;;;;;
studentsculpture;76;0,009314348;0,41;264179;632x505;6,6218;76;0,97003959;32,78285321;34,26060597;;;;;
studentsculpture;77;0,009458649;0,47;272368;632x505;6,8271;77;0,971485569;33,02638791;32,39228391;;;;;
studentsculpture;78;0,009527448;0,46;279191;632x505;6,9981;78;0,972752126;33,24363044;30,81181748;;;;;
studentsculpture;79;0,009931929;0,48;284658;632x505;7,1351;79;0,973973847;33,46479289;29,2820226;;;;;
studentsculpture;80;0,009701359;0,41;291769;632x505;7,3134;80;0,975305383;33,73845685;27,49379413;;;;;
studentsculpture;81;0,00997472;0,49;300909;632x505;7,5425;81;0,976818261;34,04872076;25,5981326;;;;;
studentsculpture;82;0,01002773;0,48;308075;632x505;7,7221;82;0,978130357;34,33693055;23,9545108;;;;;
studentsculpture;83;0,01017374;0,5;318472;632x505;7,9827;83;0,979484493;34,64923984;22,29237686;;;;;
studentsculpture;84;0,01031066;0,46;327468;632x505;8,2082;84;0,980949635;34,99512783;20,58579187;;;;;
studentsculpture;85;0,010506771;0,52;336288;632x505;8,4293;85;0,982397567;35,37140128;18,87731545;;;;;
studentsculpture;86;0,011487134;0,59;349540;632x505;8,7614;86;0,983831279;35,80566056;17,08103981;;;;;
studentsculpture;87;0,010721992;0,49;359079;632x505;9,0006;87;0,9851708;36,22571276;15,50633225;;;;;
studentsculpture;88;0,010831332;0,5;374918;632x505;9,3976;88;0,986728193;36,76364661;13,69984647;;;;;
studentsculpture;89;0,011162723;0,56;387625;632x505;9,7161;89;0,988118468;37,29982769;12,10870201;;;;;
studentsculpture;90;0,011395263;0,51;406656;632x505;10,1931;90;0,989582946;37,94902716;10,42743869;;;;;
studentsculpture;91;0,011833415;0,59;422762;632x505;10,5968;91;0,990965623;38,6110045;8,953233488;;;;;
studentsculpture;92;0,012016665;0,57;440698;632x505;11,0464;92;0,992419182;39,466033;7,353211555;;;;;
studentsculpture;93;0,012179176;0,59;467524;632x505;11,7188;93;0,993708406;40,38892919;5,945487112;;;;;
studentsculpture;94;0,012589937;0,53;500280;632x505;12,5399;94;0,995073366;41,56226788;4,537885909;;;;;
studentsculpture;95;0,012892788;0,63;536540;632x505;13,4488;95;0,996280344;42,87604392;3,353327485;;;;;
studentsculpture;96;0,013582861;0,6;578678;632x505;14,505;96;0,99744704;44,63847443;2,234770439;;;;;
studentsculpture;97;0,014172183;0,68;625369;632x505;15,6753;97;0,998368938;46,76735269;1,368816059;;;;;
studentsculpture;98;0,014678474;0,64;675375;632x505;16,9288;98;0,999129015;49,87093982;0,6698636;;;;;
studentsculpture;99;0,015513577;0,79;744091;632x505;18,6512;99;0,999655618;54,55727681;0,227694573;;;;;
woman;79;0,009120397;0,45;225346;480x720;5,2163;79;0,950922218;34,70739712;21,99584491;;;;;
woman;80;0,009507638;0,41;231706;480x720;5,3635;80;0,952749477;34,95553523;20,77432099;;;;;
woman;81;0,009254198;0,49;240127;480x720;5,5584;81;0,955093195;35,24019371;19,45633295;;;;;
woman;82;0,009561118;0,45;246610;480x720;5,7085;82;0,957035084;35,50817968;18,29205054;;;;;
woman;83;0,01001412;0,43;256553;480x720;5,9387;83;0,958965275;35,79984784;17,10391686;;;;;
woman;84;0,009625948;0,42;264740;480x720;6,1282;84;0,960932057;36,1132078;15,91327546;;;;;
woman;85;0,01030019;0,47;272681;480x720;6,312;85;0,963064397;36,45139656;14,72111497;;;;;
woman;86;0,01005922;0,45;285809;480x720;6,6159;86;0,965404052;36,84746329;13,43798129;;;;;
woman;87;0,010415421;0,54;294568;480x720;6,8187;87;0,96751892;37,22675776;12,31415413;;;;;
woman;88;0,010372671;0,45;309848;480x720;7,1724;88;0,970042744;37,70006884;11,04265432;;;;;
woman;89;0,010670812;0,51;321923;480x720;7,4519;89;0,972174559;38,17228207;9,904946952;;;;;
woman;90;0,010865192;0,53;340821;480x720;7,8893;90;0,974804297;38,74885968;8,673500193;;;;;
woman;91;0,011116253;0,52;356980;480x720;8,2634;91;0,977301214;39,33428452;7,57969811;;;;;
woman;92;0,011323954;0,5;374766;480x720;8,6751;92;0,980138454;40,06961063;6,399105903;;;;;
woman;93;0,011718425;0,6;403787;480x720;9,3469;93;0,982838497;40,86913382;5,323128858;;;;;
woman;94;0,012296276;0,63;438422;480x720;10,1486;94;0,9860036;41,88178547;4,216011767;;;;;
woman;95;0,012905138;0,63;477657;480x720;11,0568;95;0,98909071;43,03636563;3,231794946;;;;;
woman;96;0,0133591;0,59;524617;480x720;12,1439;96;0,992417867;44,65397689;2,226807485;;;;;
woman;97;0,014358492;0,74;577383;480x720;13,3653;97;0,995197388;46,68071577;1,396396605;;;;;
woman;98;0,015008975;0,7;635273;480x720;14,7053;98;0,997574777;49,79074687;0,682347608;;;;;
woman;99;0,015821937;0,8;711540;480x720;16,4708;99;0,999049662;54,51930234;0,229694252;;;;;
womanhat;79;0,007974654;0,37;154109;480x720;3,5673;79;0,950769815;37,38577947;11,871413;;;;;
womanhat;80;0,008073054;0,39;158841;480x720;3,6768;80;0,952386933;37,57495552;11,3654022;;;;;
womanhat;81;0,008098474;0,38;165553;480x720;3,8322;81;0,954651698;37,80701959;10,77403549;;;;;
womanhat;82;0,008006334;0,39;170419;480x720;3,9448;82;0,956289671;38,004095;10,29605517;;;;;
womanhat;83;0,008522475;0,45;178674;480x720;4,1359;83;0,958078673;38,23609385;9,760475502;;;;;
womanhat;84;0,008491805;0,42;184676;480x720;4,2749;84;0,959986419;38,48558657;9,215559414;;;;;
womanhat;85;0,008459886;0,44;190554;480x720;4,4109;85;0,961866337;38,74692835;8,677358218;;;;;
womanhat;86;0,008541786;0,42;201101;480x720;4,6551;86;0,964047607;39,06738043;8,060135031;;;;;
womanhat;87;0,008659326;0,43;207761;480x720;4,8092;87;0,965958773;39,35366047;7,54595679;;;;;
womanhat;88;0,010601342;0,46;219825;480x720;5,0885;88;0,968421284;39,7447441;6,896138117;;;;;
womanhat;89;0,009220728;0,42;229799;480x720;5,3194;89;0,970690606;40,12905381;6,312116127;;;;;
womanhat;90;0,009495268;0,4;245688;480x720;5,6872;90;0,973231937;40,60271552;5,659900656;;;;;
womanhat;91;0,00980174;0,52;258830;480x720;5,9914;91;0,975668141;41,09393011;5,054606481;;;;;
womanhat;92;0,009996889;0,46;272524;480x720;6,3084;92;0,978296803;41,6905011;4,405855517;;;;;
womanhat;93;0,010406741;0,48;296570;480x720;6,865;93;0,981059499;42,38055642;3,758587963;;;;;
womanhat;94;0,010756742;0,49;325491;480x720;7,5345;94;0,984138274;43,25208542;3,075189043;;;;;
womanhat;95;0,011204043;0,54;359809;480x720;8,3289;95;0,98708605;44,25272543;2,442349537;;;;;
womanhat;96;0,011813995;0,51;401170;480x720;9,2863;96;0,990490298;45,65823804;1,767081404;;;;;
womanhat;97;0,012733148;0,67;449676;480x720;10,4091;97;0,99347932;47,4117386;1,180066551;;;;;
womanhat;98;0,013810501;0,65;507778;480x720;11,7541;98;0,996325501;50,06689689;0,640310571;;;;;
womanhat;99;0,014922635;0,73;590134;480x720;13,6605;99;0,9984801;54,50302952;0,23055652;;;;;
