Filename,q_flag,Avg Time,Avg Energy,File Size,Resolution,bpp
artificial,0,0.112693582,7.12,80808,3072x2048,.1027
artificial,1,0.055197958,2.83,80808,3072x2048,.1027
artificial,2,0.056485491,2.95,97454,3072x2048,.1239
artificial,3,0.056743672,3.01,116375,3072x2048,.1479
artificial,4,0.056897852,2.98,136178,3072x2048,.1731
artificial,5,0.058346685,3.02,156182,3072x2048,.1985
artificial,6,0.057610024,3.58,176886,3072x2048,.2249
artificial,7,0.058160165,2.99,196338,3072x2048,.2496
artificial,8,0.058063005,3.01,214478,3072x2048,.2727
artificial,9,0.058196325,2.89,233227,3072x2048,.2965
artificial,10,0.060445990,3.02,251291,3072x2048,.3195
artificial,11,0.062201775,3.17,268514,3072x2048,.3414
artificial,12,0.060693342,2.99,284138,3072x2048,.3613
artificial,13,0.059790509,3.03,302057,3072x2048,.3840
artificial,14,0.066282735,4.78,316658,3072x2048,.4026
artificial,15,0.060447301,2.99,331542,3072x2048,.4215
artificial,16,0.060201081,2.99,345972,3072x2048,.4399
artificial,17,0.060497361,3.00,361555,3072x2048,.4597
artificial,18,0.060916992,3.06,375524,3072x2048,.4775
artificial,19,0.061477473,3.08,387346,3072x2048,.4925
artificial,20,0.062997727,3.84,400559,3072x2048,.5093
artificial,21,0.061136993,3.15,414554,3072x2048,.5271
artificial,22,0.061641004,2.94,426365,3072x2048,.5421
artificial,23,0.062200035,3.09,439080,3072x2048,.5583
artificial,24,0.061554803,3.05,450632,3072x2048,.5730
artificial,25,0.062052665,3.11,461555,3072x2048,.5868
artificial,26,0.068429910,3.66,473009,3072x2048,.6014
artificial,27,0.062982927,3.36,482897,3072x2048,.6140
artificial,28,0.063488288,3.13,494913,3072x2048,.6293
artificial,29,0.062946807,3.14,502830,3072x2048,.6393
artificial,30,0.063676659,3.34,512554,3072x2048,.6517
artificial,31,0.063426478,3.19,521766,3072x2048,.6634
artificial,32,0.063862339,3.68,531135,3072x2048,.6753
artificial,33,0.065204593,3.40,542554,3072x2048,.6898
artificial,34,0.065322093,3.24,548269,3072x2048,.6971
artificial,35,0.066545226,3.29,561112,3072x2048,.7134
artificial,36,0.064100080,3.25,570967,3072x2048,.7260
artificial,37,0.064104290,3.16,575959,3072x2048,.7323
artificial,38,0.067958920,4.31,588047,3072x2048,.7477
artificial,39,0.064559871,3.24,596152,3072x2048,.7580
artificial,40,0.064862372,3.32,599833,3072x2048,.7627
artificial,41,0.064788902,3.34,611806,3072x2048,.7779
artificial,42,0.064892892,3.23,619413,3072x2048,.7876
artificial,43,0.064795032,3.21,625033,3072x2048,.7947
artificial,44,0.065315353,4.54,635803,3072x2048,.8084
artificial,45,0.064732882,3.19,643612,3072x2048,.8183
artificial,46,0.065239233,3.21,653467,3072x2048,.8309
artificial,47,0.065331583,3.20,657051,3072x2048,.8354
artificial,48,0.065093412,3.22,666479,3072x2048,.8474
artificial,49,0.065881365,3.21,679912,3072x2048,.8645
artificial,50,0.074509036,4.87,681665,3072x2048,.8667
artificial,51,0.065535924,3.22,683534,3072x2048,.8691
artificial,52,0.066255246,3.25,697824,3072x2048,.8873
artificial,53,0.065829384,3.28,708242,3072x2048,.9005
artificial,54,0.065916205,3.34,713018,3072x2048,.9066
artificial,55,0.070778187,4.55,720798,3072x2048,.9165
artificial,56,0.071691059,4.82,731580,3072x2048,.9302
artificial,57,0.066883367,3.32,742750,3072x2048,.9444
artificial,58,0.067117748,3.33,755143,3072x2048,.9602
artificial,59,0.067448088,3.38,762036,3072x2048,.9689
artificial,60,0.070252885,3.50,768899,3072x2048,.9777
artificial,61,0.070215856,3.46,784508,3072x2048,.9975
artificial,62,0.068193721,3.55,791704,3072x2048,1.0067
artificial,63,0.067052787,3.37,805306,3072x2048,1.0239
artificial,64,0.067455289,3.41,813088,3072x2048,1.0338
artificial,65,0.067716020,3.42,830970,3072x2048,1.0566
artificial,66,0.067843579,3.32,839436,3072x2048,1.0673
artificial,67,0.068731772,3.49,853021,3072x2048,1.0846
artificial,68,0.073693124,4.70,871770,3072x2048,1.1085
artificial,69,0.068335521,3.40,882629,3072x2048,1.1223
artificial,70,0.069239533,3.57,904120,3072x2048,1.1496
artificial,71,0.069887114,4.13,919367,3072x2048,1.1690
artificial,72,0.069703475,3.80,931531,3072x2048,1.1845
artificial,73,0.075838550,5.14,953125,3072x2048,1.2119
artificial,74,0.070842287,3.68,981385,3072x2048,1.2478
artificial,75,0.071113978,3.87,985406,3072x2048,1.2530
artificial,76,0.071014628,3.72,1006568,3072x2048,1.2799
artificial,77,0.073155653,3.86,1039643,3072x2048,1.3219
artificial,78,0.072261631,3.86,1065253,3072x2048,1.3545
artificial,79,0.073474543,4.25,1084093,3072x2048,1.3784
artificial,80,0.073070402,3.86,1112032,3072x2048,1.4140
artificial,81,0.073882125,3.99,1149801,3072x2048,1.4620
artificial,82,0.075948880,4.04,1175021,3072x2048,1.4941
artificial,83,0.076106230,3.99,1219121,3072x2048,1.5501
artificial,84,0.076000639,4.95,1251407,3072x2048,1.5912
artificial,85,0.080505031,4.72,1278749,3072x2048,1.6260
artificial,86,0.076891342,4.29,1339301,3072x2048,1.7030
artificial,87,0.078133515,4.26,1372352,3072x2048,1.7450
artificial,88,0.078711156,4.41,1436105,3072x2048,1.8261
artificial,89,0.082568146,4.63,1481604,3072x2048,1.8839
artificial,90,0.080743391,4.38,1575618,3072x2048,2.0035
artificial,91,0.080055560,4.24,1638842,3072x2048,2.0838
artificial,92,0.087707679,5.04,1707091,3072x2048,2.1706
artificial,93,0.084082970,4.34,1836651,3072x2048,2.3354
artificial,94,0.086202556,4.74,1988948,3072x2048,2.5290
artificial,95,0.089049473,4.75,2176754,3072x2048,2.7678
artificial,96,0.094502906,5.16,2389791,3072x2048,3.0387
artificial,97,0.095381399,5.10,2644504,3072x2048,3.3626
artificial,98,0.102725026,5.50,2914632,3072x2048,3.7061
artificial,99,0.110949397,6.44,3394340,3072x2048,4.3161
big_building,0,0.402553915,21.28,510051,7216x5412,.1044
big_building,1,0.326293014,18.04,510051,7216x5412,.1044
big_building,2,0.329620013,16.38,619291,7216x5412,.1268
big_building,3,0.346041414,17.38,817943,7216x5412,.1675
big_building,4,0.343699789,18.40,1076686,7216x5412,.2205
big_building,5,0.350429765,18.93,1364642,7216x5412,.2795
big_building,6,0.354770805,18.21,1663238,7216x5412,.3407
big_building,7,0.367052077,19.56,1955616,7216x5412,.4006
big_building,8,0.372952711,18.92,2247350,7216x5412,.4603
big_building,9,0.381277142,20.47,2527539,7216x5412,.5177
big_building,10,0.383132006,20.06,2808760,7216x5412,.5753
big_building,11,0.389770673,19.56,3050361,7216x5412,.6248
big_building,12,0.395533468,21.04,3279771,7216x5412,.6718
big_building,13,0.399876469,20.28,3529492,7216x5412,.7230
big_building,14,0.411634347,21.12,3742742,7216x5412,.7667
big_building,15,0.415879539,23.69,3968056,7216x5412,.8128
big_building,16,0.423264837,22.37,4192959,7216x5412,.8589
big_building,17,0.421917543,22.52,4412909,7216x5412,.9039
big_building,18,0.425198342,22.29,4620490,7216x5412,.9465
big_building,19,0.428611410,21.74,4797027,7216x5412,.9826
big_building,20,0.437525103,23.19,4991621,7216x5412,1.0225
big_building,21,0.437419602,21.44,5204626,7216x5412,1.0661
big_building,22,0.442128804,21.33,5397499,7216x5412,1.1056
big_building,23,0.443502047,21.93,5594639,7216x5412,1.1460
big_building,24,0.449448852,20.87,5783376,7216x5412,1.1847
big_building,25,0.454178394,23.95,5956160,7216x5412,1.2201
big_building,26,0.453513223,21.24,6144890,7216x5412,1.2587
big_building,27,0.473289762,28.06,6323811,7216x5412,1.2954
big_building,28,0.461976793,20.83,6530412,7216x5412,1.3377
big_building,29,0.465573572,22.68,6677962,7216x5412,1.3679
big_building,30,0.466866755,21.02,6847776,7216x5412,1.4027
big_building,31,0.480365200,21.99,6995981,7216x5412,1.4331
big_building,32,0.473678743,22.87,7151852,7216x5412,1.4650
big_building,33,0.472518820,20.46,7346205,7216x5412,1.5048
big_building,34,0.486521274,26.29,7439659,7216x5412,1.5240
big_building,35,0.480270559,22.13,7666867,7216x5412,1.5705
big_building,36,0.497392812,27.93,7829506,7216x5412,1.6038
big_building,37,0.485597462,21.80,7913629,7216x5412,1.6211
big_building,38,0.498598805,25.56,8147088,7216x5412,1.6689
big_building,39,0.494079143,21.26,8284192,7216x5412,1.6970
big_building,40,0.511557307,24.56,8341670,7216x5412,1.7087
big_building,41,0.493024031,22.26,8579060,7216x5412,1.7574
big_building,42,0.499594837,23.23,8699914,7216x5412,1.7821
big_building,43,0.501083221,21.81,8805689,7216x5412,1.8038
big_building,44,0.510960856,22.36,9009875,7216x5412,1.8456
big_building,45,0.537259071,25.56,9132740,7216x5412,1.8708
big_building,46,0.512293049,21.93,9303765,7216x5412,1.9058
big_building,47,0.514731225,24.81,9363463,7216x5412,1.9181
big_building,48,0.517681862,21.82,9538511,7216x5412,1.9539
big_building,49,0.517332302,23.66,9769110,7216x5412,2.0012
big_building,50,0.517891503,22.01,9792896,7216x5412,2.0060
big_building,51,0.521930974,23.81,9819324,7216x5412,2.0114
big_building,52,0.525997534,23.07,10069268,7216x5412,2.0626
big_building,53,0.526140014,24.65,10260924,7216x5412,2.1019
big_building,54,0.524186259,23.01,10332495,7216x5412,2.1166
big_building,55,0.533683803,26.27,10455530,7216x5412,2.1418
big_building,56,0.531148687,22.40,10631539,7216x5412,2.1778
big_building,57,0.539743438,25.53,10824833,7216x5412,2.2174
big_building,58,0.544616910,23.97,11050998,7216x5412,2.2637
big_building,59,0.542792626,25.28,11166818,7216x5412,2.2875
big_building,60,0.548081268,26.32,11297940,7216x5412,2.3143
big_building,61,0.559669188,26.75,11552971,7216x5412,2.3666
big_building,62,0.557019390,27.74,11691699,7216x5412,2.3950
big_building,63,0.555131766,26.43,11950557,7216x5412,2.4480
big_building,64,0.567567467,31.66,12080300,7216x5412,2.4746
big_building,65,0.561647023,25.74,12378267,7216x5412,2.5356
big_building,66,0.571915568,31.45,12527530,7216x5412,2.5662
big_building,67,0.572974231,24.85,12726724,7216x5412,2.6070
big_building,68,0.576273639,25.57,13079339,7216x5412,2.6793
big_building,69,0.580062198,27.76,13268638,7216x5412,2.7180
big_building,70,0.588731180,25.16,13613124,7216x5412,2.7886
big_building,71,0.599219216,33.21,13867803,7216x5412,2.8408
big_building,72,0.598427354,27.64,14087191,7216x5412,2.8857
big_building,73,0.596297789,29.28,14423233,7216x5412,2.9545
big_building,74,0.619593437,34.88,14917409,7216x5412,3.0558
big_building,75,0.604276378,26.70,14978135,7216x5412,3.0682
big_building,76,0.631592196,27.44,15332222,7216x5412,3.1408
big_building,77,0.637788413,32.35,15923112,7216x5412,3.2618
big_building,78,0.647312126,36.86,16369846,7216x5412,3.3533
big_building,79,0.635192605,31.53,16709030,7216x5412,3.4228
big_building,80,0.639625107,30.30,17159811,7216x5412,3.5151
big_building,81,0.652188988,29.05,17815994,7216x5412,3.6496
big_building,82,0.660284808,33.48,18242386,7216x5412,3.7369
big_building,83,0.673367541,29.49,19059844,7216x5412,3.9044
big_building,84,0.706997655,39.80,19633001,7216x5412,4.0218
big_building,85,0.697599852,29.76,20163776,7216x5412,4.1305
big_building,86,0.696390378,32.07,21223889,7216x5412,4.3477
big_building,87,0.707185806,33.08,21826109,7216x5412,4.4710
big_building,88,0.729323761,33.16,23020779,7216x5412,4.7158
big_building,89,0.750766495,40.91,23929435,7216x5412,4.9019
big_building,90,0.759998707,31.51,25478124,7216x5412,5.2191
big_building,91,0.784335869,36.64,26713361,7216x5412,5.4722
big_building,92,0.796817449,33.80,27977257,7216x5412,5.7311
big_building,93,0.859779116,35.45,30401244,7216x5412,6.2276
big_building,94,0.893988212,47.05,33239787,7216x5412,6.8091
big_building,95,0.924861509,38.60,36599537,7216x5412,7.4974
big_building,96,0.993795021,43.33,40795680,7216x5412,8.3569
big_building,97,1.089813190,55.38,45821393,7216x5412,9.3865
big_building,98,1.202514392,57.80,52048532,7216x5412,10.6621
big_building,99,1.336323476,57.44,61461124,7216x5412,12.5903
big_tree,0,0.292672240,12.99,368390,6088x4550,.1063
big_tree,1,0.230890986,11.14,368390,6088x4550,.1063
big_tree,2,0.233236313,11.71,459650,6088x4550,.1327
big_tree,3,0.249281222,16.27,570663,6088x4550,.1648
big_tree,4,0.241997034,11.53,699461,6088x4550,.2020
big_tree,5,0.247383028,11.84,844691,6088x4550,.2439
big_tree,6,0.247184107,11.33,1007956,6088x4550,.2911
big_tree,7,0.256609341,13.69,1177565,6088x4550,.3400
big_tree,8,0.257218803,12.55,1354207,6088x4550,.3911
big_tree,9,0.262535686,12.39,1542034,6088x4550,.4453
big_tree,10,0.269185852,13.18,1738820,6088x4550,.5021
big_tree,11,0.272763661,12.79,1934166,6088x4550,.5585
big_tree,12,0.292674881,19.06,2103657,6088x4550,.6075
big_tree,13,0.280857741,13.49,2287857,6088x4550,.6607
big_tree,14,0.287209138,13.14,2450241,6088x4550,.7076
big_tree,15,0.294767156,14.20,2623512,6088x4550,.7576
big_tree,16,0.308816021,18.73,2798682,6088x4550,.8082
big_tree,17,0.297335042,13.41,2971500,6088x4550,.8581
big_tree,18,0.309108211,13.39,3138504,6088x4550,.9064
big_tree,19,0.328107069,15.64,3285872,6088x4550,.9489
big_tree,20,0.310513835,16.50,3434981,6088x4550,.9920
big_tree,21,0.321680273,14.63,3607287,6088x4550,1.0418
big_tree,22,0.317097302,14.76,3766018,6088x4550,1.0876
big_tree,23,0.317850534,15.24,3928569,6088x4550,1.1345
big_tree,24,0.322137604,14.87,4084443,6088x4550,1.1796
big_tree,25,0.320686800,14.16,4229861,6088x4550,1.2216
big_tree,26,0.324967261,14.24,4386748,6088x4550,1.2669
big_tree,27,0.334640955,18.62,4519375,6088x4550,1.3052
big_tree,28,0.333162692,15.56,4690374,6088x4550,1.3546
big_tree,29,0.332508460,14.64,4810796,6088x4550,1.3893
big_tree,30,0.336316040,15.55,4951966,6088x4550,1.4301
big_tree,31,0.365938893,22.40,5092666,6088x4550,1.4707
big_tree,32,0.340650841,15.02,5230836,6088x4550,1.5106
big_tree,33,0.344723131,15.01,5398147,6088x4550,1.5590
big_tree,34,0.348462080,17.39,5481803,6088x4550,1.5831
big_tree,35,0.350573795,17.55,5663416,6088x4550,1.6356
big_tree,36,0.363835748,15.91,5805830,6088x4550,1.6767
big_tree,37,0.353175491,15.61,5867885,6088x4550,1.6946
big_tree,38,0.359903398,16.65,6060798,6088x4550,1.7503
big_tree,39,0.356493090,15.56,6174766,6088x4550,1.7833
big_tree,40,0.362140314,15.94,6223984,6088x4550,1.7975
big_tree,41,0.383812628,23.18,6421321,6088x4550,1.8545
big_tree,42,0.367012486,16.59,6519399,6088x4550,1.8828
big_tree,43,0.376409720,16.00,6606712,6088x4550,1.9080
big_tree,44,0.374320724,18.71,6778823,6088x4550,1.9577
big_tree,45,0.381703263,17.36,6884579,6088x4550,1.9882
big_tree,46,0.373931723,16.08,7025369,6088x4550,2.0289
big_tree,47,0.375034737,16.41,7085103,6088x4550,2.0462
big_tree,48,0.376459560,17.23,7211413,6088x4550,2.0826
big_tree,49,0.379744188,16.20,7404751,6088x4550,2.1385
big_tree,50,0.379933499,16.37,7426162,6088x4550,2.1447
big_tree,51,0.405665463,23.41,7450195,6088x4550,2.1516
big_tree,52,0.386678846,17.00,7660582,6088x4550,2.2124
big_tree,53,0.386895876,16.76,7802588,6088x4550,2.2534
big_tree,54,0.405266362,24.00,7879441,6088x4550,2.2756
big_tree,55,0.390712616,17.22,7978667,6088x4550,2.3042
big_tree,56,0.398021184,17.24,8127678,6088x4550,2.3473
big_tree,57,0.413766693,24.43,8281091,6088x4550,2.3916
big_tree,58,0.399793878,17.39,8470520,6088x4550,2.4463
big_tree,59,0.405404752,17.49,8558158,6088x4550,2.4716
big_tree,60,0.415351347,24.40,8671475,6088x4550,2.5043
big_tree,61,0.408957601,17.55,8876439,6088x4550,2.5635
big_tree,62,0.410787756,17.72,8978944,6088x4550,2.5931
big_tree,63,0.432668530,25.25,9182356,6088x4550,2.6519
big_tree,64,0.414736595,18.83,9286741,6088x4550,2.6820
big_tree,65,0.426789706,18.81,9531618,6088x4550,2.7527
big_tree,66,0.434156364,25.26,9657923,6088x4550,2.7892
big_tree,67,0.424659210,18.65,9819187,6088x4550,2.8358
big_tree,68,0.424480060,18.20,10101317,6088x4550,2.9173
big_tree,69,0.444749711,25.55,10269307,6088x4550,2.9658
big_tree,70,0.438407595,19.09,10559446,6088x4550,3.0496
big_tree,71,0.439048787,19.16,10771429,6088x4550,3.1108
big_tree,72,0.447707678,22.29,10967610,6088x4550,3.1674
big_tree,73,0.450367965,20.40,11255665,6088x4550,3.2506
big_tree,74,0.458012034,21.64,11653389,6088x4550,3.3655
big_tree,75,0.457805883,22.33,11709979,6088x4550,3.3818
big_tree,76,0.468954421,22.35,12028167,6088x4550,3.4737
big_tree,77,0.485704753,28.22,12505520,6088x4550,3.6116
big_tree,78,0.484896850,21.49,12870646,6088x4550,3.7171
big_tree,79,0.480945361,20.98,13174544,6088x4550,3.8048
big_tree,80,0.499030186,27.07,13535683,6088x4550,3.9091
big_tree,81,0.494488494,21.93,14070365,6088x4550,4.0635
big_tree,82,0.500445410,24.15,14459224,6088x4550,4.1758
big_tree,83,0.511764197,21.90,15100835,6088x4550,4.3611
big_tree,84,0.517217831,22.62,15597750,6088x4550,4.5047
big_tree,85,0.535021566,26.44,16082181,6088x4550,4.6446
big_tree,86,0.533910623,22.32,16957174,6088x4550,4.8973
big_tree,87,0.568840531,31.85,17499526,6088x4550,5.0539
big_tree,88,0.565150801,23.38,18528778,6088x4550,5.3511
big_tree,89,0.579600357,26.72,19353199,6088x4550,5.5892
big_tree,90,0.593871142,25.65,20691604,6088x4550,5.9758
big_tree,91,0.610919146,25.38,21788833,6088x4550,6.2927
big_tree,92,0.630768635,26.21,23008767,6088x4550,6.6450
big_tree,93,0.660490629,26.43,25022263,6088x4550,7.2265
big_tree,94,0.698661334,32.79,27544696,6088x4550,7.9550
big_tree,95,0.733492541,30.70,30378374,6088x4550,8.7734
big_tree,96,0.793624121,34.97,33842344,6088x4550,9.7738
big_tree,97,0.880067577,44.33,37859712,6088x4550,10.9340
big_tree,98,0.936200247,38.23,42495284,6088x4550,12.2728
big_tree,99,1.019748776,41.26,48631732,6088x4550,14.0450
bridge,0,0.139411788,6.14,147859,2749x4049,.1062
bridge,1,0.096790771,5.02,147859,2749x4049,.1062
bridge,2,0.098823367,4.92,190616,2749x4049,.1370
bridge,3,0.101298443,5.26,249864,2749x4049,.1795
bridge,4,0.101835704,5.25,307730,2749x4049,.2211
bridge,5,0.103521579,5.23,367703,2749x4049,.2642
bridge,6,0.105039372,5.52,427571,2749x4049,.3073
bridge,7,0.106047605,5.68,491037,2749x4049,.3529
bridge,8,0.108081230,5.73,555442,2749x4049,.3992
bridge,9,0.110434746,5.80,624375,2749x4049,.4487
bridge,10,0.112403830,5.92,700570,2749x4049,.5035
bridge,11,0.114168195,6.21,779628,2749x4049,.5603
bridge,12,0.115333098,5.78,849584,2749x4049,.6106
bridge,13,0.117567293,6.13,926195,2749x4049,.6656
bridge,14,0.122034815,6.35,995737,2749x4049,.7156
bridge,15,0.120846182,6.22,1069065,2749x4049,.7683
bridge,16,0.123427128,6.56,1145505,2749x4049,.8233
bridge,17,0.124790021,6.55,1223582,2749x4049,.8794
bridge,18,0.133546744,7.10,1296363,2749x4049,.9317
bridge,19,0.137894704,9.91,1361926,2749x4049,.9788
bridge,20,0.133068832,6.80,1429621,2749x4049,1.0275
bridge,21,0.130221205,6.75,1508203,2749x4049,1.0839
bridge,22,0.131041557,6.77,1578109,2749x4049,1.1342
bridge,23,0.133594354,6.90,1650640,2749x4049,1.1863
bridge,24,0.143771309,7.27,1719249,2749x4049,1.2356
bridge,25,0.142304265,7.47,1782118,2749x4049,1.2808
bridge,26,0.142988707,7.61,1849918,2749x4049,1.3295
bridge,27,0.138740036,7.34,1914219,2749x4049,1.3758
bridge,28,0.144509770,7.18,1990273,2749x4049,1.4304
bridge,29,0.141692403,7.31,2042782,2749x4049,1.4682
bridge,30,0.143250538,7.38,2103508,2749x4049,1.5118
bridge,31,0.147324508,7.47,2160769,2749x4049,1.5530
bridge,32,0.144321951,7.20,2220626,2749x4049,1.5960
bridge,33,0.148498160,7.93,2291363,2749x4049,1.6468
bridge,34,0.157578663,10.65,2328070,2749x4049,1.6732
bridge,35,0.150298735,7.82,2409200,2749x4049,1.7315
bridge,36,0.149908584,7.63,2473217,2749x4049,1.7775
bridge,37,0.150878837,7.68,2501421,2749x4049,1.7978
bridge,38,0.151926149,8.00,2585086,2749x4049,1.8579
bridge,39,0.156322270,7.83,2635164,2749x4049,1.8939
bridge,40,0.160690821,8.23,2657515,2749x4049,1.9100
bridge,41,0.165837094,11.16,2742650,2749x4049,1.9712
bridge,42,0.156576431,8.09,2785078,2749x4049,2.0017
bridge,43,0.156412510,8.01,2825066,2749x4049,2.0304
bridge,44,0.156717111,8.01,2901574,2749x4049,2.0854
bridge,45,0.158250675,7.90,2943369,2749x4049,2.1154
bridge,46,0.163327878,8.20,3008054,2749x4049,2.1619
bridge,47,0.161052992,8.41,3036990,2749x4049,2.1827
bridge,48,0.172951242,11.09,3089383,2749x4049,2.2204
bridge,49,0.166118165,8.10,3178067,2749x4049,2.2841
bridge,50,0.162521506,8.20,3187790,2749x4049,2.2911
bridge,51,0.163315337,8.03,3197074,2749x4049,2.2978
bridge,52,0.164374690,8.30,3292867,2749x4049,2.3666
bridge,53,0.165660653,8.25,3352200,2749x4049,2.4093
bridge,54,0.172774761,9.67,3387287,2749x4049,2.4345
bridge,55,0.166842366,8.75,3431101,2749x4049,2.4660
bridge,56,0.170376386,8.74,3497337,2749x4049,2.5136
bridge,57,0.169453463,8.45,3568096,2749x4049,2.5645
bridge,58,0.171804079,8.85,3648434,2749x4049,2.6222
bridge,59,0.171334248,8.60,3680529,2749x4049,2.6453
bridge,60,0.172055449,8.51,3729921,2749x4049,2.6808
bridge,61,0.184578251,11.84,3812009,2749x4049,2.7398
bridge,62,0.183981739,9.33,3864669,2749x4049,2.7776
bridge,63,0.177449933,8.99,3951997,2749x4049,2.8404
bridge,64,0.177306583,9.08,3996021,2749x4049,2.8720
bridge,65,0.179929389,9.27,4096520,2749x4049,2.9443
bridge,66,0.180938112,9.01,4152694,2749x4049,2.9846
bridge,67,0.185015692,10.01,4222133,2749x4049,3.0345
bridge,68,0.192957572,9.82,4336555,2749x4049,3.1168
bridge,69,0.185682324,9.44,4408340,2749x4049,3.1684
bridge,70,0.187670049,9.72,4531215,2749x4049,3.2567
bridge,71,0.188964531,9.42,4620268,2749x4049,3.3207
bridge,72,0.190746587,9.40,4702431,2749x4049,3.3797
bridge,73,0.194445475,10.94,4819177,2749x4049,3.4637
bridge,74,0.195706538,9.74,4987769,2749x4049,3.5848
bridge,75,0.195823959,9.70,5014538,2749x4049,3.6041
bridge,76,0.202269335,10.61,5144017,2749x4049,3.6971
bridge,77,0.201831134,9.77,5355900,2749x4049,3.8494
bridge,78,0.202982627,9.88,5506209,2749x4049,3.9574
bridge,79,0.214408616,13.01,5625852,2749x4049,4.0434
bridge,80,0.208472361,10.16,5782271,2749x4049,4.1559
bridge,81,0.212517491,10.64,6007363,2749x4049,4.3176
bridge,82,0.214381475,10.80,6179378,2749x4049,4.4413
bridge,83,0.218781736,10.60,6433043,2749x4049,4.6236
bridge,84,0.226910517,11.97,6653026,2749x4049,4.7817
bridge,85,0.224480230,11.49,6850144,2749x4049,4.9234
bridge,86,0.231856468,11.84,7210086,2749x4049,5.1821
bridge,87,0.230922847,11.66,7438177,2749x4049,5.3460
bridge,88,0.238540696,11.61,7879421,2749x4049,5.6631
bridge,89,0.245178692,12.45,8214054,2749x4049,5.9037
bridge,90,0.260418311,14.20,8752112,2749x4049,6.2904
bridge,91,0.260874402,13.03,9212550,2749x4049,6.6213
bridge,92,0.268172440,12.90,9732575,2749x4049,6.9951
bridge,93,0.282149995,13.03,10584980,2749x4049,7.6077
bridge,94,0.304833191,16.91,11621156,2749x4049,8.3525
bridge,95,0.315427747,15.69,12810211,2749x4049,9.2071
bridge,96,0.336397950,14.76,14226493,2749x4049,10.2250
bridge,97,0.361081861,15.90,15863649,2749x4049,11.4017
bridge,98,0.404496520,22.09,17677702,2749x4049,12.7055
bridge,99,0.422544525,19.22,20168640,2749x4049,14.4958
cathedral,0,0.094423745,4.57,75820,2000x3008,.1008
cathedral,1,0.053486133,2.82,75820,2000x3008,.1008
cathedral,2,0.054027855,2.81,89727,2000x3008,.1193
cathedral,3,0.054378705,2.90,107371,2000x3008,.1427
cathedral,4,0.056164970,3.00,127447,2000x3008,.1694
cathedral,5,0.057903134,3.10,150139,2000x3008,.1996
cathedral,6,0.062383655,4.62,178492,2000x3008,.2373
cathedral,7,0.056867562,3.12,204512,2000x3008,.2719
cathedral,8,0.058194645,3.14,231004,2000x3008,.3071
cathedral,9,0.060730561,3.25,258484,2000x3008,.3437
cathedral,10,0.059166298,3.03,289538,2000x3008,.3850
cathedral,11,0.060817301,3.19,319599,2000x3008,.4249
cathedral,12,0.060875232,3.35,347147,2000x3008,.4616
cathedral,13,0.061396433,3.20,380572,2000x3008,.5060
cathedral,14,0.062114085,3.16,409017,2000x3008,.5439
cathedral,15,0.063716809,3.32,439895,2000x3008,.5849
cathedral,16,0.063508519,3.19,468146,2000x3008,.6225
cathedral,17,0.064024499,3.26,498118,2000x3008,.6623
cathedral,18,0.065338403,3.43,524508,2000x3008,.6974
cathedral,19,0.065907445,3.52,548689,2000x3008,.7296
cathedral,20,0.065554194,3.29,574237,2000x3008,.7636
cathedral,21,0.066754967,3.48,603028,2000x3008,.8018
cathedral,22,0.067464079,3.58,627848,2000x3008,.8349
cathedral,23,0.068180240,3.71,655254,2000x3008,.8713
cathedral,24,0.069123813,3.70,681458,2000x3008,.9061
cathedral,25,0.070591416,3.68,705907,2000x3008,.9387
cathedral,26,0.070012995,3.59,732260,2000x3008,.9737
cathedral,27,0.070104286,3.67,755923,2000x3008,1.0052
cathedral,28,0.076722411,3.92,785334,2000x3008,1.0443
cathedral,29,0.071352368,3.66,805223,2000x3008,1.0707
cathedral,30,0.071511989,3.68,829245,2000x3008,1.1027
cathedral,31,0.072753842,3.90,853474,2000x3008,1.1349
cathedral,32,0.079136058,5.34,876801,2000x3008,1.1659
cathedral,33,0.072941652,3.92,906089,2000x3008,1.2049
cathedral,34,0.076952682,3.71,919985,2000x3008,1.2233
cathedral,35,0.074279405,3.87,954824,2000x3008,1.2697
cathedral,36,0.076929472,4.03,980594,2000x3008,1.3039
cathedral,37,0.074651156,3.85,991575,2000x3008,1.3185
cathedral,38,0.077335323,3.95,1028108,2000x3008,1.3671
cathedral,39,0.075675339,3.92,1049192,2000x3008,1.3952
cathedral,40,0.076056640,4.01,1057519,2000x3008,1.4062
cathedral,41,0.076038330,3.81,1093994,2000x3008,1.4547
cathedral,42,0.077044872,3.96,1112782,2000x3008,1.4797
cathedral,43,0.078382806,4.21,1127927,2000x3008,1.4999
cathedral,44,0.084582582,5.59,1160990,2000x3008,1.5438
cathedral,45,0.077387133,4.01,1176374,2000x3008,1.5643
cathedral,46,0.078507526,4.00,1202226,2000x3008,1.5987
cathedral,47,0.078833726,4.09,1211048,2000x3008,1.6104
cathedral,48,0.079544089,4.11,1236337,2000x3008,1.6440
cathedral,49,0.080909842,4.18,1274500,2000x3008,1.6948
cathedral,50,0.080643082,4.25,1276595,2000x3008,1.6975
cathedral,51,0.080830272,4.25,1278960,2000x3008,1.7007
cathedral,52,0.081902504,4.45,1320583,2000x3008,1.7560
cathedral,53,0.090286105,4.57,1348908,2000x3008,1.7937
cathedral,54,0.080519021,4.07,1361243,2000x3008,1.8101
cathedral,55,0.081268143,4.36,1379613,2000x3008,1.8345
cathedral,56,0.087081697,4.42,1408261,2000x3008,1.8726
cathedral,57,0.083043308,4.29,1437007,2000x3008,1.9109
cathedral,58,0.083118747,4.27,1473555,2000x3008,1.9595
cathedral,59,0.083252718,4.17,1490467,2000x3008,1.9820
cathedral,60,0.084270470,4.36,1510131,2000x3008,2.0081
cathedral,61,0.084672872,4.15,1549704,2000x3008,2.0607
cathedral,62,0.085642064,4.35,1570885,2000x3008,2.0889
cathedral,63,0.085987065,4.36,1610191,2000x3008,2.1412
cathedral,64,0.088483300,4.58,1629440,2000x3008,2.1668
cathedral,65,0.087258328,4.47,1676137,2000x3008,2.2289
cathedral,66,0.088189040,4.65,1698788,2000x3008,2.2590
cathedral,67,0.097491904,5.81,1728380,2000x3008,2.2983
cathedral,68,0.088820402,4.55,1785023,2000x3008,2.3737
cathedral,69,0.089747514,4.59,1813668,2000x3008,2.4117
cathedral,70,0.090535206,4.51,1873247,2000x3008,2.4910
cathedral,71,0.092901152,4.68,1912560,2000x3008,2.5432
cathedral,72,0.091595518,4.51,1944161,2000x3008,2.5853
cathedral,73,0.092295211,4.60,1997371,2000x3008,2.6560
cathedral,74,0.094335675,4.82,2074249,2000x3008,2.7583
cathedral,75,0.094696756,4.83,2082108,2000x3008,2.7687
cathedral,76,0.097780594,5.37,2136376,2000x3008,2.8409
cathedral,77,0.098014784,5.57,2228077,2000x3008,2.9628
cathedral,78,0.099968560,5.27,2298632,2000x3008,3.0566
cathedral,79,0.100043190,5.26,2354867,2000x3008,3.1314
cathedral,80,0.100611621,5.21,2424639,2000x3008,3.2242
cathedral,81,0.101892485,5.39,2526084,2000x3008,3.3591
cathedral,82,0.103640849,5.25,2598889,2000x3008,3.4559
cathedral,83,0.105088453,5.34,2716587,2000x3008,3.6124
cathedral,84,0.108530141,5.70,2806796,2000x3008,3.7324
cathedral,85,0.107748409,5.57,2893906,2000x3008,3.8482
cathedral,86,0.113241672,6.06,3061594,2000x3008,4.0712
cathedral,87,0.119544699,8.12,3157677,2000x3008,4.1990
cathedral,88,0.119317778,6.34,3347682,2000x3008,4.4517
cathedral,89,0.119460529,6.26,3501627,2000x3008,4.6564
cathedral,90,0.122409856,6.50,3751864,2000x3008,4.9891
cathedral,91,0.125920345,6.70,3958525,2000x3008,5.2639
cathedral,92,0.134345246,6.84,4180770,2000x3008,5.5595
cathedral,93,0.135906779,7.27,4573774,2000x3008,6.0821
cathedral,94,0.143378338,7.29,5061436,2000x3008,6.7306
cathedral,95,0.150678367,7.97,5642191,2000x3008,7.5029
cathedral,96,0.166664416,8.45,6348626,2000x3008,8.4423
cathedral,97,0.181298533,9.52,7174747,2000x3008,9.5408
cathedral,98,0.199865939,10.17,8138113,2000x3008,10.8219
cathedral,99,0.215749499,11.15,9501423,2000x3008,12.6348
deer,0,0.239802268,11.59,130507,4043x2641,.0977
deer,1,0.094270666,5.70,130507,4043x2641,.0977
deer,2,0.101801484,7.18,140063,4043x2641,.1049
deer,3,0.096959002,5.90,150516,4043x2641,.1127
deer,4,0.094136085,5.08,163075,4043x2641,.1221
deer,5,0.092454151,5.23,177740,4043x2641,.1331
deer,6,0.097598083,5.13,193595,4043x2641,.1450
deer,7,0.093687404,5.01,210740,4043x2641,.1578
deer,8,0.094777827,5.04,229881,4043x2641,.1722
deer,9,0.094918047,5.05,250449,4043x2641,.1876
deer,10,0.098407056,5.40,275815,4043x2641,.2066
deer,11,0.111011987,7.53,304658,4043x2641,.2282
deer,12,0.097104683,5.24,334739,4043x2641,.2507
deer,13,0.098639396,5.13,379686,4043x2641,.2844
deer,14,0.104576252,5.37,417692,4043x2641,.3129
deer,15,0.101699604,5.30,465681,4043x2641,.3489
deer,16,0.103178578,5.53,516740,4043x2641,.3871
deer,17,0.104338260,5.65,573009,4043x2641,.4293
deer,18,0.105015522,5.48,629845,4043x2641,.4719
deer,19,0.113351743,6.20,681797,4043x2641,.5108
deer,20,0.108145520,6.18,738797,4043x2641,.5535
deer,21,0.110815697,5.73,799081,4043x2641,.5986
deer,22,0.117030942,5.93,855177,4043x2641,.6407
deer,23,0.112021500,5.79,916960,4043x2641,.6870
deer,24,0.121999235,6.16,973905,4043x2641,.7296
deer,25,0.115788449,6.20,1030633,4043x2641,.7721
deer,26,0.116249441,6.14,1091420,4043x2641,.8177
deer,27,0.121398013,6.88,1147929,4043x2641,.8600
deer,28,0.129431143,7.92,1215789,4043x2641,.9109
deer,29,0.120565331,6.34,1266705,4043x2641,.9490
deer,30,0.131606089,6.85,1323946,4043x2641,.9919
deer,31,0.121512584,6.27,1382981,4043x2641,1.0361
deer,32,0.123721859,6.52,1442920,4043x2641,1.0810
deer,33,0.125623174,6.53,1514050,4043x2641,1.1343
deer,34,0.127124007,6.45,1553383,4043x2641,1.1638
deer,35,0.135787509,7.24,1632421,4043x2641,1.2230
deer,36,0.130461636,6.68,1696363,4043x2641,1.2709
deer,37,0.129373953,6.84,1727480,4043x2641,1.2942
deer,38,0.131952919,6.89,1810595,4043x2641,1.3565
deer,39,0.134451276,6.81,1858290,4043x2641,1.3922
deer,40,0.131840919,6.96,1883455,4043x2641,1.4111
deer,41,0.133986424,6.79,1969118,4043x2641,1.4753
deer,42,0.135733159,7.37,2012711,4043x2641,1.5079
deer,43,0.142465415,7.51,2054378,4043x2641,1.5392
deer,44,0.139277638,7.05,2134389,4043x2641,1.5991
deer,45,0.140412021,7.21,2177810,4043x2641,1.6316
deer,46,0.141015122,7.09,2245209,4043x2641,1.6821
deer,47,0.141972395,7.11,2278175,4043x2641,1.7068
deer,48,0.143917340,7.33,2332345,4043x2641,1.7474
deer,49,0.144683361,8.17,2420519,4043x2641,1.8135
deer,50,0.144550951,7.25,2435532,4043x2641,1.8247
deer,51,0.145242663,7.61,2452407,4043x2641,1.8374
deer,52,0.147485239,7.81,2547907,4043x2641,1.9089
deer,53,0.148632271,7.56,2610703,4043x2641,1.9560
deer,54,0.149081762,7.46,2654239,4043x2641,1.9886
deer,55,0.153501233,7.92,2707179,4043x2641,2.0283
deer,56,0.161388313,9.77,2784363,4043x2641,2.0861
deer,57,0.151776878,7.64,2855390,4043x2641,2.1393
deer,58,0.154235055,7.84,2948292,4043x2641,2.2089
deer,59,0.164886921,8.72,2997307,4043x2641,2.2456
deer,60,0.159423188,8.33,3060195,4043x2641,2.2928
deer,61,0.158875336,8.10,3156364,4043x2641,2.3648
deer,62,0.164143920,9.15,3224461,4043x2641,2.4158
deer,63,0.169384193,8.29,3333798,4043x2641,2.4977
deer,64,0.170764796,8.30,3399698,4043x2641,2.5471
deer,65,0.166057274,8.27,3524754,4043x2641,2.6408
deer,66,0.176021870,9.01,3618391,4043x2641,2.7110
deer,67,0.169324763,8.67,3707135,4043x2641,2.7775
deer,68,0.175148077,9.73,3852725,4043x2641,2.8865
deer,69,0.173851764,8.61,3956068,4043x2641,2.9640
deer,70,0.178622256,8.85,4097812,4043x2641,3.0702
deer,71,0.179807619,8.94,4230135,4043x2641,3.1693
deer,72,0.188193460,9.38,4344611,4043x2641,3.2551
deer,73,0.185175142,9.48,4490419,4043x2641,3.3643
deer,74,0.190948486,10.82,4697394,4043x2641,3.5194
deer,75,0.198373185,9.83,4767113,4043x2641,3.5716
deer,76,0.194376695,10.63,4954697,4043x2641,3.7122
deer,77,0.199559019,9.86,5207322,4043x2641,3.9015
deer,78,0.202649516,10.14,5419034,4043x2641,4.0601
deer,79,0.209184862,10.58,5595538,4043x2641,4.1923
deer,80,0.209068092,11.27,5825473,4043x2641,4.3646
deer,81,0.213915214,10.56,6110905,4043x2641,4.5785
deer,82,0.216227650,10.73,6350261,4043x2641,4.7578
deer,83,0.223896469,11.31,6702526,4043x2641,5.0217
deer,84,0.231284937,12.10,6994925,4043x2641,5.2408
deer,85,0.243759979,12.19,7285737,4043x2641,5.4587
deer,86,0.242051414,12.19,7737720,4043x2641,5.7973
deer,87,0.250021284,12.51,8069247,4043x2641,6.0457
deer,88,0.258865557,12.83,8613285,4043x2641,6.4533
deer,89,0.274510415,15.65,9045567,4043x2641,6.7772
deer,90,0.280439581,14.16,9680314,4043x2641,7.2528
deer,91,0.292362910,14.08,10213553,4043x2641,7.6523
deer,92,0.300673771,14.00,10805543,4043x2641,8.0958
deer,93,0.322122454,17.74,11721775,4043x2641,8.7823
deer,94,0.330573206,15.83,12775416,4043x2641,9.5717
deer,95,0.346909226,16.20,13972210,4043x2641,10.4684
deer,96,0.367500548,17.05,15255937,4043x2641,11.4302
deer,97,0.386542065,20.41,16739329,4043x2641,12.5416
deer,98,0.399828908,18.01,18243508,4043x2641,13.6686
deer,99,0.417823943,19.23,20279966,4043x2641,15.1944
fireworks,0,0.283314197,14.94,97232,3136x2352,.1054
fireworks,1,0.063533429,3.30,97232,3136x2352,.1054
fireworks,2,0.064178030,3.35,122806,3136x2352,.1331
fireworks,3,0.065362453,3.35,141992,3136x2352,.1540
fireworks,4,0.065152483,3.36,161002,3136x2352,.1746
fireworks,5,0.065398023,3.37,178743,3136x2352,.1938
fireworks,6,0.065390914,3.42,197703,3136x2352,.2144
fireworks,7,0.067144798,3.37,213131,3136x2352,.2311
fireworks,8,0.066732426,3.46,227630,3136x2352,.2468
fireworks,9,0.067509999,3.51,249428,3136x2352,.2705
fireworks,10,0.074582496,4.26,258260,3136x2352,.2801
fireworks,11,0.074799227,5.25,271122,3136x2352,.2940
fireworks,12,0.067158558,3.49,283227,3136x2352,.3071
fireworks,13,0.067554199,3.44,298734,3136x2352,.3240
fireworks,14,0.067918799,3.57,308819,3136x2352,.3349
fireworks,15,0.067894569,3.51,319573,3136x2352,.3466
fireworks,16,0.068118270,3.61,331196,3136x2352,.3592
fireworks,17,0.068225910,3.60,345817,3136x2352,.3750
fireworks,18,0.068649771,3.61,354738,3136x2352,.3847
fireworks,19,0.069009542,3.49,364031,3136x2352,.3948
fireworks,20,0.069473324,3.45,378135,3136x2352,.4101
fireworks,21,0.071709089,3.69,387434,3136x2352,.4202
fireworks,22,0.073011662,3.96,395918,3136x2352,.4294
fireworks,23,0.069219033,3.41,406886,3136x2352,.4413
fireworks,24,0.069935645,3.55,418327,3136x2352,.4537
fireworks,25,0.069483114,3.56,428050,3136x2352,.4642
fireworks,26,0.070799737,3.74,438507,3136x2352,.4756
fireworks,27,0.070350446,3.60,447732,3136x2352,.4856
fireworks,28,0.070860447,3.71,462795,3136x2352,.5019
fireworks,29,0.071774499,3.70,470651,3136x2352,.5104
fireworks,30,0.075890189,3.96,478170,3136x2352,.5186
fireworks,31,0.071423838,3.64,485319,3136x2352,.5263
fireworks,32,0.070404276,3.55,496606,3136x2352,.5386
fireworks,33,0.075409468,4.03,510056,3136x2352,.5532
fireworks,34,0.073544943,4.16,515327,3136x2352,.5589
fireworks,35,0.074354925,3.68,532414,3136x2352,.5774
fireworks,36,0.071274708,3.52,540823,3136x2352,.5865
fireworks,37,0.071320158,3.81,546263,3136x2352,.5924
fireworks,38,0.071781379,3.76,557582,3136x2352,.6047
fireworks,39,0.074560266,3.97,564451,3136x2352,.6122
fireworks,40,0.073071483,3.88,567915,3136x2352,.6159
fireworks,41,0.073262573,3.79,583818,3136x2352,.6332
fireworks,42,0.075323968,3.86,589427,3136x2352,.6393
fireworks,43,0.073491803,3.86,595340,3136x2352,.6457
fireworks,44,0.074839296,3.87,607002,3136x2352,.6583
fireworks,45,0.074469016,4.00,614696,3136x2352,.6667
fireworks,46,0.074392496,3.69,623446,3136x2352,.6762
fireworks,47,0.073921984,3.81,626214,3136x2352,.6792
fireworks,48,0.074098875,3.87,638514,3136x2352,.6925
fireworks,49,0.074222465,3.89,652559,3136x2352,.7077
fireworks,50,0.073664234,3.82,653978,3136x2352,.7093
fireworks,51,0.073930185,3.86,655471,3136x2352,.7109
fireworks,52,0.075096388,3.99,668793,3136x2352,.7253
fireworks,53,0.074992148,3.91,683031,3136x2352,.7408
fireworks,54,0.078364656,4.14,686507,3136x2352,.7445
fireworks,55,0.075065138,3.98,694482,3136x2352,.7532
fireworks,56,0.075258397,3.83,705835,3136x2352,.7655
fireworks,57,0.075615129,3.87,718862,3136x2352,.7796
fireworks,58,0.075669329,3.96,735299,3136x2352,.7975
fireworks,59,0.076385831,3.85,743590,3136x2352,.8065
fireworks,60,0.076681241,3.96,751026,3136x2352,.8145
fireworks,61,0.076969703,3.99,765488,3136x2352,.8302
fireworks,62,0.078593336,4.08,773671,3136x2352,.8391
fireworks,63,0.077330503,4.04,791994,3136x2352,.8590
fireworks,64,0.078132595,4.08,799977,3136x2352,.8676
fireworks,65,0.079128778,4.16,822163,3136x2352,.8917
fireworks,66,0.079324568,4.29,831471,3136x2352,.9018
fireworks,67,0.079006437,4.17,845957,3136x2352,.9175
fireworks,68,0.086458376,4.68,870463,3136x2352,.9441
fireworks,69,0.081529964,4.09,885912,3136x2352,.9608
fireworks,70,0.079402858,4.13,908860,3136x2352,.9857
fireworks,71,0.085626284,4.42,930889,3136x2352,1.0096
fireworks,72,0.080350071,4.15,944537,3136x2352,1.0244
fireworks,73,0.080896002,4.15,974829,3136x2352,1.0573
fireworks,74,0.080900692,4.20,1009685,3136x2352,1.0951
fireworks,75,0.081016903,4.06,1013547,3136x2352,1.0993
fireworks,76,0.084915062,4.28,1039057,3136x2352,1.1269
fireworks,77,0.084839782,4.55,1083151,3136x2352,1.1748
fireworks,78,0.084415361,4.68,1122985,3136x2352,1.2180
fireworks,79,0.084730841,4.41,1146198,3136x2352,1.2431
fireworks,80,0.084974182,4.25,1185354,3136x2352,1.2856
fireworks,81,0.086714436,4.51,1237226,3136x2352,1.3419
fireworks,82,0.086202185,4.43,1269874,3136x2352,1.3773
fireworks,83,0.087473498,4.48,1343061,3136x2352,1.4567
fireworks,84,0.087931279,4.53,1387093,3136x2352,1.5044
fireworks,85,0.088805082,4.68,1422064,3136x2352,1.5423
fireworks,86,0.089645394,4.51,1507979,3136x2352,1.6355
fireworks,87,0.098985637,5.08,1554891,3136x2352,1.6864
fireworks,88,0.093730494,4.92,1655613,3136x2352,1.7957
fireworks,89,0.094693896,5.01,1720744,3136x2352,1.8663
fireworks,90,0.096750162,5.14,1853870,3136x2352,2.0107
fireworks,91,0.098816067,5.19,1952532,3136x2352,2.1177
fireworks,92,0.099933259,5.23,2048710,3136x2352,2.2220
fireworks,93,0.103162407,5.39,2281946,3136x2352,2.4750
fireworks,94,0.107191398,5.49,2523653,3136x2352,2.7371
fireworks,95,0.114306456,5.72,2842351,3136x2352,3.0828
fireworks,96,0.124363770,6.32,3206318,3136x2352,3.4776
fireworks,97,0.127781689,7.10,3670074,3136x2352,3.9806
fireworks,98,0.144880282,8.37,4212811,3136x2352,4.5692
fireworks,99,0.156508241,7.99,5260586,3136x2352,5.7057
flower_foveon,0,0.039510218,2.15,42123,2268x1512,.0982
flower_foveon,1,0.030345006,1.60,42123,2268x1512,.0982
flower_foveon,2,0.032853922,1.72,44865,2268x1512,.1046
flower_foveon,3,0.030599026,1.64,48263,2268x1512,.1125
flower_foveon,4,0.030590317,1.58,51872,2268x1512,.1210
flower_foveon,5,0.031142368,1.65,55705,2268x1512,.1299
flower_foveon,6,0.031358988,1.66,60263,2268x1512,.1405
flower_foveon,7,0.031943300,1.68,64292,2268x1512,.1499
flower_foveon,8,0.030881428,1.63,68536,2268x1512,.1598
flower_foveon,9,0.031260888,1.65,73027,2268x1512,.1703
flower_foveon,10,0.031522849,1.55,77220,2268x1512,.1801
flower_foveon,11,0.031425409,1.63,81574,2268x1512,.1903
flower_foveon,12,0.031576529,1.66,85590,2268x1512,.1996
flower_foveon,13,0.033541464,1.86,90514,2268x1512,.2111
flower_foveon,14,0.032046250,1.78,94482,2268x1512,.2204
flower_foveon,15,0.032925132,1.80,98682,2268x1512,.2302
flower_foveon,16,0.032406031,1.65,103162,2268x1512,.2406
flower_foveon,17,0.032158220,1.70,107843,2268x1512,.2515
flower_foveon,18,0.032740931,1.77,112173,2268x1512,.2616
flower_foveon,19,0.032576312,1.76,115594,2268x1512,.2696
flower_foveon,20,0.032613132,1.69,119859,2268x1512,.2796
flower_foveon,21,0.033225543,1.83,124066,2268x1512,.2894
flower_foveon,22,0.032430981,1.76,128354,2268x1512,.2994
flower_foveon,23,0.033672374,1.79,132433,2268x1512,.3089
flower_foveon,24,0.032858512,1.74,136805,2268x1512,.3191
flower_foveon,25,0.032938452,1.84,140666,2268x1512,.3281
flower_foveon,26,0.033359683,1.79,144859,2268x1512,.3379
flower_foveon,27,0.033180623,1.83,148746,2268x1512,.3470
flower_foveon,28,0.033270754,1.74,153921,2268x1512,.3590
flower_foveon,29,0.033780034,1.84,156558,2268x1512,.3652
flower_foveon,30,0.033978974,1.80,160688,2268x1512,.3748
flower_foveon,31,0.033516644,1.75,164354,2268x1512,.3834
flower_foveon,32,0.033946435,1.76,167950,2268x1512,.3918
flower_foveon,33,0.034359465,1.85,172787,2268x1512,.4030
flower_foveon,34,0.035210598,1.97,174673,2268x1512,.4074
flower_foveon,35,0.034292876,1.95,180311,2268x1512,.4206
flower_foveon,36,0.036858362,2.26,184436,2268x1512,.4302
flower_foveon,37,0.034456056,1.75,186623,2268x1512,.4353
flower_foveon,38,0.034965818,1.84,192235,2268x1512,.4484
flower_foveon,39,0.034887307,1.88,196198,2268x1512,.4577
flower_foveon,40,0.034504327,1.89,196988,2268x1512,.4595
flower_foveon,41,0.034435556,1.80,202967,2268x1512,.4735
flower_foveon,42,0.034346035,1.86,206468,2268x1512,.4816
flower_foveon,43,0.034926478,1.87,207885,2268x1512,.4849
flower_foveon,44,0.035307028,1.92,213396,2268x1512,.4978
flower_foveon,45,0.034680156,1.87,217078,2268x1512,.5064
flower_foveon,46,0.034733367,1.83,220655,2268x1512,.5147
flower_foveon,47,0.035098678,1.96,221086,2268x1512,.5157
flower_foveon,48,0.036723852,2.04,227647,2268x1512,.5310
flower_foveon,49,0.035784399,1.97,233250,2268x1512,.5441
flower_foveon,50,0.035058388,1.94,233359,2268x1512,.5444
flower_foveon,51,0.034887747,1.85,233455,2268x1512,.5446
flower_foveon,52,0.035748079,1.94,239101,2268x1512,.5577
flower_foveon,53,0.035496138,1.87,246691,2268x1512,.5755
flower_foveon,54,0.036545191,1.99,247356,2268x1512,.5770
flower_foveon,55,0.035350238,1.96,250535,2268x1512,.5844
flower_foveon,56,0.042026725,2.23,253585,2268x1512,.5915
flower_foveon,57,0.036139401,1.87,261441,2268x1512,.6099
flower_foveon,58,0.040280000,2.35,267473,2268x1512,.6239
flower_foveon,59,0.035538869,1.95,269600,2268x1512,.6289
flower_foveon,60,0.035695689,1.92,271336,2268x1512,.6329
flower_foveon,61,0.036417711,1.96,279577,2268x1512,.6522
flower_foveon,62,0.035941330,1.95,283328,2268x1512,.6609
flower_foveon,63,0.037743564,2.04,288246,2268x1512,.6724
flower_foveon,64,0.036305811,2.01,289866,2268x1512,.6762
flower_foveon,65,0.036329260,1.90,299085,2268x1512,.6977
flower_foveon,66,0.036478551,1.94,303606,2268x1512,.7082
flower_foveon,67,0.038031875,2.03,306811,2268x1512,.7157
flower_foveon,68,0.036369680,1.76,315790,2268x1512,.7367
flower_foveon,69,0.037623174,1.95,322816,2268x1512,.7530
flower_foveon,70,0.037246733,2.07,328175,2268x1512,.7655
flower_foveon,71,0.043312708,2.35,337675,2268x1512,.7877
flower_foveon,72,0.037783425,2.11,340738,2268x1512,.7949
flower_foveon,73,0.037854724,2.12,354921,2268x1512,.8279
flower_foveon,74,0.039388808,2.14,366135,2268x1512,.8541
flower_foveon,75,0.038423106,2.18,366421,2268x1512,.8548
flower_foveon,76,0.039393468,2.41,376365,2268x1512,.8780
flower_foveon,77,0.038753317,1.96,391171,2268x1512,.9125
flower_foveon,78,0.039352058,2.21,411927,2268x1512,.9609
flower_foveon,79,0.038845737,2.03,417943,2268x1512,.9750
flower_foveon,80,0.038905107,2.05,434795,2268x1512,1.0143
flower_foveon,81,0.040347391,2.16,451287,2268x1512,1.0528
flower_foveon,82,0.045957184,2.26,468159,2268x1512,1.0921
flower_foveon,83,0.040719371,2.13,504385,2268x1512,1.1766
flower_foveon,84,0.041137153,2.04,525411,2268x1512,1.2257
flower_foveon,85,0.041930584,2.15,540657,2268x1512,1.2612
flower_foveon,86,0.042103965,2.17,586556,2268x1512,1.3683
flower_foveon,87,0.043162218,2.40,607129,2268x1512,1.4163
flower_foveon,88,0.048421991,2.62,661285,2268x1512,1.5427
flower_foveon,89,0.044599141,2.57,689908,2268x1512,1.6094
flower_foveon,90,0.045273063,2.29,766609,2268x1512,1.7884
flower_foveon,91,0.046484256,2.55,813234,2268x1512,1.8971
flower_foveon,92,0.047386349,2.62,858748,2268x1512,2.0033
flower_foveon,93,0.050959187,2.83,988889,2268x1512,2.3069
flower_foveon,94,0.051453448,2.55,1120093,2268x1512,2.6130
flower_foveon,95,0.054632477,2.93,1298016,2268x1512,3.0281
flower_foveon,96,0.057724474,3.02,1483692,2268x1512,3.4612
flower_foveon,97,0.063704329,3.09,1746783,2268x1512,4.0750
flower_foveon,98,0.071334288,4.01,2100483,2268x1512,4.9002
flower_foveon,99,0.095351238,6.61,2830027,2268x1512,6.6021
hdr,0,0.067178898,3.51,77155,3072x2048,.0981
hdr,1,0.053309893,2.75,77155,3072x2048,.0981
hdr,2,0.054129395,2.86,81929,3072x2048,.1041
hdr,3,0.054085386,2.94,88570,3072x2048,.1126
hdr,4,0.054515746,2.74,96950,3072x2048,.1232
hdr,5,0.054901677,2.76,106205,3072x2048,.1350
hdr,6,0.055198778,2.78,115562,3072x2048,.1469
hdr,7,0.057421153,3.17,125088,3072x2048,.1590
hdr,8,0.056173810,3.15,134742,3072x2048,.1713
hdr,9,0.056668942,3.03,144595,3072x2048,.1838
hdr,10,0.056561462,3.03,155096,3072x2048,.1972
hdr,11,0.060611361,3.23,166024,3072x2048,.2111
hdr,12,0.056863042,2.93,176097,3072x2048,.2239
hdr,13,0.057123172,2.98,187037,3072x2048,.2378
hdr,14,0.057387813,3.01,196786,3072x2048,.2502
hdr,15,0.058414856,3.04,207538,3072x2048,.2638
hdr,16,0.057978735,3.03,218693,3072x2048,.2780
hdr,17,0.058253236,3.02,229732,3072x2048,.2921
hdr,18,0.069866325,5.35,240316,3072x2048,.3055
hdr,19,0.058792656,3.07,248721,3072x2048,.3162
hdr,20,0.058519036,3.15,259031,3072x2048,.3293
hdr,21,0.059131758,2.92,269975,3072x2048,.3432
hdr,22,0.059801529,3.14,281459,3072x2048,.3578
hdr,23,0.059827819,3.11,291675,3072x2048,.3708
hdr,24,0.059402738,3.11,302493,3072x2048,.3846
hdr,25,0.060057850,3.14,312148,3072x2048,.3969
hdr,26,0.060269771,3.32,323094,3072x2048,.4108
hdr,27,0.075984040,7.48,333232,3072x2048,.4237
hdr,28,0.061206563,3.26,345583,3072x2048,.4394
hdr,29,0.061323943,3.08,352632,3072x2048,.4483
hdr,30,0.061579434,3.26,363892,3072x2048,.4627
hdr,31,0.061588724,3.07,374537,3072x2048,.4762
hdr,32,0.061878135,3.15,383476,3072x2048,.4876
hdr,33,0.061595444,3.22,396280,3072x2048,.5038
hdr,34,0.062057194,3.20,401110,3072x2048,.5100
hdr,35,0.062740877,3.26,415748,3072x2048,.5286
hdr,36,0.062922507,3.29,426963,3072x2048,.5429
hdr,37,0.063566119,3.20,431811,3072x2048,.5490
hdr,38,0.063028597,3.34,447569,3072x2048,.5691
hdr,39,0.062937327,3.27,457241,3072x2048,.5814
hdr,40,0.064151511,3.33,460227,3072x2048,.5852
hdr,41,0.063304968,3.32,476307,3072x2048,.6056
hdr,42,0.067057557,3.52,483469,3072x2048,.6147
hdr,43,0.063621569,3.08,488764,3072x2048,.6214
hdr,44,0.065561853,3.26,501257,3072x2048,.6373
hdr,45,0.063953769,3.40,509298,3072x2048,.6476
hdr,46,0.081407813,7.67,519485,3072x2048,.6605
hdr,47,0.066202576,3.49,521396,3072x2048,.6629
hdr,48,0.064576261,3.40,535466,3072x2048,.6808
hdr,49,0.065430083,3.45,550124,3072x2048,.6995
hdr,50,0.065514444,3.38,550436,3072x2048,.6999
hdr,51,0.065623404,3.37,550758,3072x2048,.7003
hdr,52,0.065345283,3.40,566958,3072x2048,.7209
hdr,53,0.073952424,3.68,583507,3072x2048,.7419
hdr,54,0.074497106,4.16,586279,3072x2048,.7454
hdr,55,0.068543711,3.90,594127,3072x2048,.7554
hdr,56,0.066580146,3.52,605051,3072x2048,.7693
hdr,57,0.066685637,3.53,620102,3072x2048,.7885
hdr,58,0.066941077,3.52,635663,3072x2048,.8082
hdr,59,0.075943270,3.81,642773,3072x2048,.8173
hdr,60,0.067429148,3.55,649395,3072x2048,.8257
hdr,61,0.067540169,3.56,669948,3072x2048,.8518
hdr,62,0.067917390,3.59,678356,3072x2048,.8625
hdr,63,0.069663113,3.82,695468,3072x2048,.8843
hdr,64,0.068506282,4.16,702282,3072x2048,.8929
hdr,65,0.069508994,3.66,726101,3072x2048,.9232
hdr,66,0.069163723,3.68,735384,3072x2048,.9350
hdr,67,0.069363873,3.44,747755,3072x2048,.9508
hdr,68,0.069791264,3.67,774495,3072x2048,.9848
hdr,69,0.070515167,3.82,791048,3072x2048,1.0058
hdr,70,0.071642629,3.75,812140,3072x2048,1.0326
hdr,71,0.070910137,3.87,831130,3072x2048,1.0568
hdr,72,0.070888527,3.86,843548,3072x2048,1.0726
hdr,73,0.072159071,3.96,876784,3072x2048,1.1148
hdr,74,0.074278065,4.35,911824,3072x2048,1.1594
hdr,75,0.072787652,3.97,913165,3072x2048,1.1611
hdr,76,0.073166493,3.92,937528,3072x2048,1.1921
hdr,77,0.074292605,4.03,981061,3072x2048,1.2474
hdr,78,0.074722027,3.99,1025557,3072x2048,1.3040
hdr,79,0.075063057,4.00,1045420,3072x2048,1.3293
hdr,80,0.075131277,4.00,1082232,3072x2048,1.3761
hdr,81,0.077300063,4.14,1128877,3072x2048,1.4354
hdr,82,0.081949434,4.43,1165230,3072x2048,1.4816
hdr,83,0.080975342,4.72,1240504,3072x2048,1.5773
hdr,84,0.079952859,4.38,1283799,3072x2048,1.6324
hdr,85,0.080616912,4.28,1318172,3072x2048,1.6761
hdr,86,0.082803866,4.48,1413720,3072x2048,1.7976
hdr,87,0.083204218,4.38,1457399,3072x2048,1.8531
hdr,88,0.085223543,4.46,1567448,3072x2048,1.9931
hdr,89,0.085860654,4.30,1635081,3072x2048,2.0791
hdr,90,0.090761017,5.17,1793778,3072x2048,2.2809
hdr,91,0.104685201,9.08,1899354,3072x2048,2.4151
hdr,92,0.092240920,4.70,2004529,3072x2048,2.5488
hdr,93,0.096843322,4.98,2271292,3072x2048,2.8880
hdr,94,0.100466711,5.05,2547702,3072x2048,3.2395
hdr,95,0.107586619,5.79,2924121,3072x2048,3.7182
hdr,96,0.114032845,5.93,3337688,3072x2048,4.2440
hdr,97,0.126977237,6.46,3921635,3072x2048,4.9866
hdr,98,0.152138240,9.91,4728830,3072x2048,6.0130
hdr,99,0.180905022,8.97,6305563,3072x2048,8.0179
leaves_iso_1600,0,0.061688573,3.32,95235,3008x2000,.1266
leaves_iso_1600,1,0.052390141,3.01,95235,3008x2000,.1266
leaves_iso_1600,2,0.054244006,2.83,152247,3008x2000,.2024
leaves_iso_1600,3,0.057305163,3.09,222974,3008x2000,.2965
leaves_iso_1600,4,0.058792186,3.02,296580,3008x2000,.3943
leaves_iso_1600,5,0.063574969,3.34,372425,3008x2000,.4952
leaves_iso_1600,6,0.065277713,3.68,443965,3008x2000,.5903
leaves_iso_1600,7,0.065164063,3.89,509556,3008x2000,.6776
leaves_iso_1600,8,0.065342003,3.45,572756,3008x2000,.7616
leaves_iso_1600,9,0.068788001,3.67,634518,3008x2000,.8437
leaves_iso_1600,10,0.067509819,3.40,695155,3008x2000,.9244
leaves_iso_1600,11,0.069118832,3.61,754885,3008x2000,1.0038
leaves_iso_1600,12,0.070997588,3.49,810677,3008x2000,1.0780
leaves_iso_1600,13,0.070929467,3.54,869746,3008x2000,1.1565
leaves_iso_1600,14,0.071907470,3.73,921583,3008x2000,1.2255
leaves_iso_1600,15,0.073077643,3.79,975566,3008x2000,1.2972
leaves_iso_1600,16,0.075300958,4.11,1029172,3008x2000,1.3685
leaves_iso_1600,17,0.089033562,7.98,1081947,3008x2000,1.4387
leaves_iso_1600,18,0.076519151,3.94,1131177,3008x2000,1.5042
leaves_iso_1600,19,0.077462854,3.88,1173213,3008x2000,1.5601
leaves_iso_1600,20,0.077604614,3.90,1216850,3008x2000,1.6181
leaves_iso_1600,21,0.080452281,4.28,1265917,3008x2000,1.6834
leaves_iso_1600,22,0.079993900,4.27,1308142,3008x2000,1.7395
leaves_iso_1600,23,0.080494341,4.13,1351297,3008x2000,1.7969
leaves_iso_1600,24,0.081489704,4.13,1393798,3008x2000,1.8534
leaves_iso_1600,25,0.082155295,4.34,1432450,3008x2000,1.9048
leaves_iso_1600,26,0.103297648,8.52,1473699,3008x2000,1.9597
leaves_iso_1600,27,0.083537329,4.40,1512809,3008x2000,2.0117
leaves_iso_1600,28,0.083016057,4.16,1557405,3008x2000,2.0710
leaves_iso_1600,29,0.084254711,4.35,1588755,3008x2000,2.1127
leaves_iso_1600,30,0.085226943,4.26,1626044,3008x2000,2.1622
leaves_iso_1600,31,0.085470693,4.25,1661862,3008x2000,2.2099
leaves_iso_1600,32,0.086238535,4.46,1697900,3008x2000,2.2578
leaves_iso_1600,33,0.087643119,4.56,1740103,3008x2000,2.3139
leaves_iso_1600,34,0.089056972,4.85,1764010,3008x2000,2.3457
leaves_iso_1600,35,0.089059413,4.99,1811991,3008x2000,2.4095
leaves_iso_1600,36,0.088376100,4.62,1849505,3008x2000,2.4594
leaves_iso_1600,37,0.089559644,4.65,1866293,3008x2000,2.4817
leaves_iso_1600,38,0.089980035,4.58,1913814,3008x2000,2.5449
leaves_iso_1600,39,0.091057748,4.70,1943461,3008x2000,2.5843
leaves_iso_1600,40,0.091718929,4.67,1957623,3008x2000,2.6032
leaves_iso_1600,41,0.091580508,4.67,2005348,3008x2000,2.6666
leaves_iso_1600,42,0.095906140,5.29,2029632,3008x2000,2.6989
leaves_iso_1600,43,0.105318113,9.09,2053023,3008x2000,2.7300
leaves_iso_1600,44,0.092899842,4.77,2095110,3008x2000,2.7860
leaves_iso_1600,45,0.093864814,4.80,2118262,3008x2000,2.8168
leaves_iso_1600,46,0.094754217,5.11,2153973,3008x2000,2.8643
leaves_iso_1600,47,0.094208996,4.81,2171483,3008x2000,2.8876
leaves_iso_1600,48,0.094451046,4.91,2201205,3008x2000,2.9271
leaves_iso_1600,49,0.096312250,5.03,2247418,3008x2000,2.9885
leaves_iso_1600,50,0.103286338,5.50,2254914,3008x2000,2.9985
leaves_iso_1600,51,0.111308768,9.52,2262878,3008x2000,3.0091
leaves_iso_1600,52,0.098701976,5.15,2312837,3008x2000,3.0755
leaves_iso_1600,53,0.097290693,4.83,2347709,3008x2000,3.1219
leaves_iso_1600,54,0.096951332,4.89,2368711,3008x2000,3.1498
leaves_iso_1600,55,0.098247465,4.98,2392646,3008x2000,3.1817
leaves_iso_1600,56,0.098780547,4.85,2429843,3008x2000,3.2311
leaves_iso_1600,57,0.100394630,5.20,2469838,3008x2000,3.2843
leaves_iso_1600,58,0.101541573,5.71,2514373,3008x2000,3.3435
leaves_iso_1600,59,0.113913244,9.70,2536857,3008x2000,3.3734
leaves_iso_1600,60,0.101631503,5.31,2566064,3008x2000,3.4123
leaves_iso_1600,61,0.101607594,5.20,2614214,3008x2000,3.4763
leaves_iso_1600,62,0.102316656,5.05,2643453,3008x2000,3.5152
leaves_iso_1600,63,0.103400598,5.28,2693081,3008x2000,3.5812
leaves_iso_1600,64,0.104235991,5.35,2720696,3008x2000,3.6179
leaves_iso_1600,65,0.104175381,5.33,2779479,3008x2000,3.6961
leaves_iso_1600,66,0.106999297,5.74,2813968,3008x2000,3.7419
leaves_iso_1600,67,0.118470195,9.48,2855075,3008x2000,3.7966
leaves_iso_1600,68,0.107020727,5.58,2919297,3008x2000,3.8820
leaves_iso_1600,69,0.107545728,5.55,2962723,3008x2000,3.9397
leaves_iso_1600,70,0.113141233,5.75,3033510,3008x2000,4.0339
leaves_iso_1600,71,0.111338678,5.62,3085255,3008x2000,4.1027
leaves_iso_1600,72,0.110083145,5.54,3134342,3008x2000,4.1680
leaves_iso_1600,73,0.112037519,5.46,3202240,3008x2000,4.2582
leaves_iso_1600,74,0.114426945,6.17,3299398,3008x2000,4.3874
leaves_iso_1600,75,0.113325933,6.18,3318817,3008x2000,4.4133
leaves_iso_1600,76,0.117102993,5.86,3396212,3008x2000,4.5162
leaves_iso_1600,77,0.115586759,5.85,3511804,3008x2000,4.6699
leaves_iso_1600,78,0.116757901,5.88,3603485,3008x2000,4.7918
leaves_iso_1600,79,0.120246430,5.91,3677408,3008x2000,4.8901
leaves_iso_1600,80,0.119298318,6.02,3770201,3008x2000,5.0135
leaves_iso_1600,81,0.123454928,6.51,3903207,3008x2000,5.1904
leaves_iso_1600,82,0.124041829,6.25,4005580,3008x2000,5.3265
leaves_iso_1600,83,0.125867724,6.28,4158085,3008x2000,5.5293
leaves_iso_1600,84,0.127642559,6.57,4290304,3008x2000,5.7051
leaves_iso_1600,85,0.128859542,6.39,4411719,3008x2000,5.8666
leaves_iso_1600,86,0.132603431,6.80,4622575,3008x2000,6.1470
leaves_iso_1600,87,0.134663196,7.10,4759309,3008x2000,6.3288
leaves_iso_1600,88,0.152755832,10.95,5010548,3008x2000,6.6629
leaves_iso_1600,89,0.148873332,7.45,5211995,3008x2000,6.9308
leaves_iso_1600,90,0.146289905,7.38,5521044,3008x2000,7.3418
leaves_iso_1600,91,0.150878957,7.55,5788611,3008x2000,7.6976
leaves_iso_1600,92,0.154444866,7.85,6092148,3008x2000,8.1012
leaves_iso_1600,93,0.169015512,8.61,6559391,3008x2000,8.7225
leaves_iso_1600,94,0.183492518,12.31,7148769,3008x2000,9.5063
leaves_iso_1600,95,0.185700464,9.16,7817732,3008x2000,10.3959
leaves_iso_1600,96,0.192390510,9.52,8620303,3008x2000,11.4631
leaves_iso_1600,97,0.212889362,10.41,9510136,3008x2000,12.6464
leaves_iso_1600,98,0.225126862,11.37,10550343,3008x2000,14.0297
leaves_iso_1600,99,0.251569888,14.58,11831866,3008x2000,15.7338
leaves_iso_200,0,0.078499226,3.58,94186,3008x2000,.1252
leaves_iso_200,1,0.052326980,2.64,94186,3008x2000,.1252
leaves_iso_200,2,0.067193958,3.50,149518,3008x2000,.1988
leaves_iso_200,3,0.056275481,2.90,216343,3008x2000,.2876
leaves_iso_200,4,0.057435074,3.00,285843,3008x2000,.3801
leaves_iso_200,5,0.060063900,3.03,357416,3008x2000,.4752
leaves_iso_200,6,0.060864802,3.08,423920,3008x2000,.5637
leaves_iso_200,7,0.069877715,3.82,483961,3008x2000,.6435
leaves_iso_200,8,0.083715969,7.69,540833,3008x2000,.7191
leaves_iso_200,9,0.065719784,3.56,596622,3008x2000,.7933
leaves_iso_200,10,0.066084545,3.49,650727,3008x2000,.8653
leaves_iso_200,11,0.067722559,3.54,702119,3008x2000,.9336
leaves_iso_200,12,0.067958749,3.52,750371,3008x2000,.9978
leaves_iso_200,13,0.069302003,3.50,801535,3008x2000,1.0658
leaves_iso_200,14,0.072597361,3.71,846397,3008x2000,1.1255
leaves_iso_200,15,0.070534556,3.61,891762,3008x2000,1.1858
leaves_iso_200,16,0.071664379,3.71,937938,3008x2000,1.2472
leaves_iso_200,17,0.074061465,3.90,983333,3008x2000,1.3076
leaves_iso_200,18,0.074316325,3.90,1026654,3008x2000,1.3652
leaves_iso_200,19,0.074345836,3.92,1063035,3008x2000,1.4136
leaves_iso_200,20,0.075609209,3.89,1100048,3008x2000,1.4628
leaves_iso_200,21,0.075570959,3.74,1141205,3008x2000,1.5175
leaves_iso_200,22,0.076811872,3.96,1177905,3008x2000,1.5663
leaves_iso_200,23,0.077215563,4.13,1215088,3008x2000,1.6158
leaves_iso_200,24,0.078103025,4.13,1250283,3008x2000,1.6626
leaves_iso_200,25,0.079188598,4.11,1283259,3008x2000,1.7064
leaves_iso_200,26,0.079552519,4.15,1317833,3008x2000,1.7524
leaves_iso_200,27,0.095537978,6.40,1350595,3008x2000,1.7960
leaves_iso_200,28,0.080421791,4.16,1388721,3008x2000,1.8467
leaves_iso_200,29,0.080917472,4.04,1415006,3008x2000,1.8816
leaves_iso_200,30,0.080505351,4.12,1447050,3008x2000,1.9242
leaves_iso_200,31,0.082581616,4.29,1477295,3008x2000,1.9644
leaves_iso_200,32,0.081679234,4.08,1506471,3008x2000,2.0032
leaves_iso_200,33,0.084257990,4.36,1542551,3008x2000,2.0512
leaves_iso_200,34,0.083205908,4.34,1561200,3008x2000,2.0760
leaves_iso_200,35,0.084107970,4.38,1602037,3008x2000,2.1303
leaves_iso_200,36,0.085880655,4.64,1631711,3008x2000,2.1698
leaves_iso_200,37,0.084233110,4.41,1647206,3008x2000,2.1904
leaves_iso_200,38,0.085936804,4.46,1687924,3008x2000,2.2445
leaves_iso_200,39,0.085410273,4.48,1712984,3008x2000,2.2779
leaves_iso_200,40,0.085390803,4.40,1724593,3008x2000,2.2933
leaves_iso_200,41,0.087892630,4.52,1764925,3008x2000,2.3469
leaves_iso_200,42,0.086242466,4.29,1785608,3008x2000,2.3744
leaves_iso_200,43,0.089597724,4.74,1804934,3008x2000,2.4001
leaves_iso_200,44,0.093961025,5.92,1840155,3008x2000,2.4470
leaves_iso_200,45,0.088548101,4.55,1863337,3008x2000,2.4778
leaves_iso_200,46,0.088316540,4.39,1894049,3008x2000,2.5186
leaves_iso_200,47,0.088712661,4.50,1906920,3008x2000,2.5357
leaves_iso_200,48,0.090071965,4.70,1935277,3008x2000,2.5735
leaves_iso_200,49,0.090079634,4.83,1976850,3008x2000,2.6287
leaves_iso_200,50,0.090233185,4.61,1981870,3008x2000,2.6354
leaves_iso_200,51,0.090498796,4.53,1985887,3008x2000,2.6408
leaves_iso_200,52,0.090943257,4.57,2030136,3008x2000,2.6996
leaves_iso_200,53,0.092820522,4.97,2062329,3008x2000,2.7424
leaves_iso_200,54,0.091684349,4.57,2078331,3008x2000,2.7637
leaves_iso_200,55,0.092128510,4.58,2099069,3008x2000,2.7913
leaves_iso_200,56,0.093118022,4.78,2131555,3008x2000,2.8345
leaves_iso_200,57,0.092717401,4.76,2164374,3008x2000,2.8781
leaves_iso_200,58,0.093921005,4.78,2199463,3008x2000,2.9248
leaves_iso_200,59,0.093192413,4.73,2219284,3008x2000,2.9511
leaves_iso_200,60,0.095231648,5.09,2242800,3008x2000,2.9824
leaves_iso_200,61,0.107581378,9.17,2286388,3008x2000,3.0404
leaves_iso_200,62,0.094917837,4.92,2311053,3008x2000,3.0732
leaves_iso_200,63,0.096913082,4.94,2353952,3008x2000,3.1302
leaves_iso_200,64,0.098218346,4.86,2376753,3008x2000,3.1605
leaves_iso_200,65,0.096971512,4.96,2427859,3008x2000,3.2285
leaves_iso_200,66,0.097096212,4.81,2454907,3008x2000,3.2645
leaves_iso_200,67,0.098601196,4.82,2489967,3008x2000,3.3111
leaves_iso_200,68,0.100671532,5.38,2548094,3008x2000,3.3884
leaves_iso_200,69,0.116302990,9.30,2583857,3008x2000,3.4359
leaves_iso_200,70,0.103580358,5.31,2644947,3008x2000,3.5172
leaves_iso_200,71,0.101455423,5.13,2688395,3008x2000,3.5749
leaves_iso_200,72,0.102117745,5.38,2728417,3008x2000,3.6282
leaves_iso_200,73,0.103357218,5.41,2787799,3008x2000,3.7071
leaves_iso_200,74,0.103858089,5.20,2872833,3008x2000,3.8202
leaves_iso_200,75,0.104276040,5.41,2885175,3008x2000,3.8366
leaves_iso_200,76,0.105325473,5.43,2947709,3008x2000,3.9198
leaves_iso_200,77,0.107871470,5.35,3047465,3008x2000,4.0524
leaves_iso_200,78,0.108106940,5.38,3125147,3008x2000,4.1557
leaves_iso_200,79,0.109408493,5.48,3185451,3008x2000,4.2359
leaves_iso_200,80,0.109889114,5.44,3259777,3008x2000,4.3348
leaves_iso_200,81,0.112704221,5.82,3372556,3008x2000,4.4847
leaves_iso_200,82,0.113092162,5.73,3452092,3008x2000,4.5905
leaves_iso_200,83,0.123790899,6.56,3585870,3008x2000,4.7684
leaves_iso_200,84,0.132121220,10.57,3684843,3008x2000,4.9000
leaves_iso_200,85,0.120169320,6.18,3775019,3008x2000,5.0199
leaves_iso_200,86,0.120979152,6.18,3949790,3008x2000,5.2523
leaves_iso_200,87,0.122840477,6.10,4053157,3008x2000,5.3898
leaves_iso_200,88,0.125449903,6.16,4248594,3008x2000,5.6497
leaves_iso_200,89,0.129158723,6.32,4402577,3008x2000,5.8544
leaves_iso_200,90,0.132933042,7.51,4653628,3008x2000,6.1883
leaves_iso_200,91,0.146843657,10.86,4860069,3008x2000,6.4628
leaves_iso_200,92,0.136800932,6.84,5076133,3008x2000,6.7501
leaves_iso_200,93,0.142744157,7.24,5461996,3008x2000,7.2632
leaves_iso_200,94,0.149396233,8.30,5926430,3008x2000,7.8808
leaves_iso_200,95,0.157954625,8.67,6474290,3008x2000,8.6094
leaves_iso_200,96,0.171138527,9.90,7141529,3008x2000,9.4967
leaves_iso_200,97,0.204248620,13.21,7935956,3008x2000,10.5531
leaves_iso_200,98,0.200314520,10.00,8917345,3008x2000,11.8581
leaves_iso_200,99,0.219340578,10.57,10420274,3008x2000,13.8567
nightshot_iso_100,0,0.220385180,10.47,92553,3136x2352,.1003
nightshot_iso_100,1,0.064779052,3.66,92553,3136x2352,.1003
nightshot_iso_100,2,0.064895792,3.62,106431,3136x2352,.1154
nightshot_iso_100,3,0.066554856,3.37,122509,3136x2352,.1328
nightshot_iso_100,4,0.065134142,3.39,138349,3136x2352,.1500
nightshot_iso_100,5,0.064748651,3.34,153926,3136x2352,.1669
nightshot_iso_100,6,0.065971664,3.39,170928,3136x2352,.1853
nightshot_iso_100,7,0.066191005,3.36,186197,3136x2352,.2019
nightshot_iso_100,8,0.066370516,3.34,201385,3136x2352,.2184
nightshot_iso_100,9,0.068158420,3.53,218226,3136x2352,.2366
nightshot_iso_100,10,0.067552759,3.54,233056,3136x2352,.2527
nightshot_iso_100,11,0.069219563,3.73,247944,3136x2352,.2689
nightshot_iso_100,12,0.069211723,3.69,261950,3136x2352,.2841
nightshot_iso_100,13,0.075398298,3.84,277749,3136x2352,.3012
nightshot_iso_100,14,0.068047890,3.54,290736,3136x2352,.3153
nightshot_iso_100,15,0.068901212,3.57,304922,3136x2352,.3307
nightshot_iso_100,16,0.070890198,3.72,319775,3136x2352,.3468
nightshot_iso_100,17,0.070407636,3.58,334930,3136x2352,.3632
nightshot_iso_100,18,0.069805155,3.61,348489,3136x2352,.3779
nightshot_iso_100,19,0.070939177,3.65,360357,3136x2352,.3908
nightshot_iso_100,20,0.070335426,3.65,374304,3136x2352,.4059
nightshot_iso_100,21,0.070888397,3.82,387923,3136x2352,.4207
nightshot_iso_100,22,0.072476260,3.84,402048,3136x2352,.4360
nightshot_iso_100,23,0.070959487,3.66,414583,3136x2352,.4496
nightshot_iso_100,24,0.077889495,3.90,428802,3136x2352,.4650
nightshot_iso_100,25,0.070753346,3.67,441312,3136x2352,.4786
nightshot_iso_100,26,0.071673349,3.59,454340,3136x2352,.4927
nightshot_iso_100,27,0.071884169,3.67,466629,3136x2352,.5061
nightshot_iso_100,28,0.072444141,3.83,483475,3136x2352,.5243
nightshot_iso_100,29,0.072862852,3.82,492412,3136x2352,.5340
nightshot_iso_100,30,0.073402343,3.97,504906,3136x2352,.5476
nightshot_iso_100,31,0.073560604,4.19,517359,3136x2352,.5611
nightshot_iso_100,32,0.073091892,3.81,528088,3136x2352,.5727
nightshot_iso_100,33,0.075293478,3.85,544997,3136x2352,.5911
nightshot_iso_100,34,0.072922652,3.60,549044,3136x2352,.5955
nightshot_iso_100,35,0.073425354,3.82,566063,3136x2352,.6139
nightshot_iso_100,36,0.074072934,3.85,577502,3136x2352,.6263
nightshot_iso_100,37,0.073468214,3.90,583281,3136x2352,.6326
nightshot_iso_100,38,0.073991165,3.87,599050,3136x2352,.6497
nightshot_iso_100,39,0.075304018,4.41,609113,3136x2352,.6606
nightshot_iso_100,40,0.075714689,3.90,612362,3136x2352,.6641
nightshot_iso_100,41,0.076045650,4.05,629728,3136x2352,.6830
nightshot_iso_100,42,0.075321008,3.93,639650,3136x2352,.6937
nightshot_iso_100,43,0.078395175,3.87,645885,3136x2352,.7005
nightshot_iso_100,44,0.077787544,3.96,661303,3136x2352,.7172
nightshot_iso_100,45,0.084629541,4.27,671497,3136x2352,.7283
nightshot_iso_100,46,0.076261351,3.94,683469,3136x2352,.7413
nightshot_iso_100,47,0.075848489,3.77,686335,3136x2352,.7444
nightshot_iso_100,48,0.077804794,4.16,702957,3136x2352,.7624
nightshot_iso_100,49,0.078251675,4.39,720392,3136x2352,.7813
nightshot_iso_100,50,0.078100645,3.86,721074,3136x2352,.7820
nightshot_iso_100,51,0.076957532,3.81,721771,3136x2352,.7828
nightshot_iso_100,52,0.080400220,4.14,741852,3136x2352,.8046
nightshot_iso_100,53,0.078526156,4.25,761584,3136x2352,.8260
nightshot_iso_100,54,0.078839887,4.08,765407,3136x2352,.8301
nightshot_iso_100,55,0.078954347,4.17,774479,3136x2352,.8400
nightshot_iso_100,56,0.084910262,4.40,788793,3136x2352,.8555
nightshot_iso_100,57,0.079447388,4.24,806467,3136x2352,.8747
nightshot_iso_100,58,0.079894259,4.25,826666,3136x2352,.8966
nightshot_iso_100,59,0.080061980,4.06,836306,3136x2352,.9070
nightshot_iso_100,60,0.079851109,4.02,844721,3136x2352,.9161
nightshot_iso_100,61,0.080347191,4.10,868132,3136x2352,.9415
nightshot_iso_100,62,0.080930192,4.12,877812,3136x2352,.9520
nightshot_iso_100,63,0.081251672,4.18,901908,3136x2352,.9782
nightshot_iso_100,64,0.081542584,4.15,911363,3136x2352,.9884
nightshot_iso_100,65,0.083877440,4.42,941502,3136x2352,1.0211
nightshot_iso_100,66,0.097103303,8.52,952373,3136x2352,1.0329
nightshot_iso_100,67,0.082371815,4.34,968915,3136x2352,1.0509
nightshot_iso_100,68,0.084039530,4.39,1005615,3136x2352,1.0907
nightshot_iso_100,69,0.083731929,4.17,1026034,3136x2352,1.1128
nightshot_iso_100,70,0.084589681,4.25,1054294,3136x2352,1.1435
nightshot_iso_100,71,0.085026763,4.35,1080774,3136x2352,1.1722
nightshot_iso_100,72,0.085641914,4.28,1097295,3136x2352,1.1901
nightshot_iso_100,73,0.087843959,4.71,1142132,3136x2352,1.2387
nightshot_iso_100,74,0.097187113,7.64,1190074,3136x2352,1.2907
nightshot_iso_100,75,0.088644291,4.60,1192115,3136x2352,1.2929
nightshot_iso_100,76,0.087815540,4.53,1228046,3136x2352,1.3319
nightshot_iso_100,77,0.089049402,4.41,1287859,3136x2352,1.3968
nightshot_iso_100,78,0.090078675,4.65,1347483,3136x2352,1.4615
nightshot_iso_100,79,0.092457011,4.83,1372985,3136x2352,1.4891
nightshot_iso_100,80,0.091736929,4.69,1419789,3136x2352,1.5399
nightshot_iso_100,81,0.095483459,5.29,1484299,3136x2352,1.6098
nightshot_iso_100,82,0.109019792,9.42,1528470,3136x2352,1.6578
nightshot_iso_100,83,0.097084283,4.78,1630864,3136x2352,1.7688
nightshot_iso_100,84,0.097922484,4.77,1693885,3136x2352,1.8372
nightshot_iso_100,85,0.097886585,4.95,1738809,3136x2352,1.8859
nightshot_iso_100,86,0.100184360,5.13,1862822,3136x2352,2.0204
nightshot_iso_100,87,0.100919502,5.24,1923825,3136x2352,2.0866
nightshot_iso_100,88,0.103289938,5.04,2066165,3136x2352,2.2409
nightshot_iso_100,89,0.104683901,5.42,2153609,3136x2352,2.3358
nightshot_iso_100,90,0.110319575,6.33,2351504,3136x2352,2.5504
nightshot_iso_100,91,0.112272550,6.01,2484427,3136x2352,2.6946
nightshot_iso_100,92,0.117022472,5.91,2610843,3136x2352,2.8317
nightshot_iso_100,93,0.118456966,5.91,2931924,3136x2352,3.1800
nightshot_iso_100,94,0.124000219,6.33,3261008,3136x2352,3.5369
nightshot_iso_100,95,0.138450075,6.82,3690885,3136x2352,4.0031
nightshot_iso_100,96,0.140814752,8.46,4157533,3136x2352,4.5093
nightshot_iso_100,97,0.156740561,7.90,4789989,3136x2352,5.1953
nightshot_iso_100,98,0.165227272,8.31,5552928,3136x2352,6.0228
nightshot_iso_100,99,0.197923964,10.07,7067445,3136x2352,7.6654
nightshot_iso_1600,0,0.196991262,8.95,91338,3136x2352,.0990
nightshot_iso_1600,1,0.064543291,3.37,91338,3136x2352,.0990
nightshot_iso_1600,2,0.065202153,3.63,104175,3136x2352,.1129
nightshot_iso_1600,3,0.064576931,3.48,122013,3136x2352,.1323
nightshot_iso_1600,4,0.064464221,3.20,135887,3136x2352,.1473
nightshot_iso_1600,5,0.068390650,3.48,150189,3136x2352,.1628
nightshot_iso_1600,6,0.065838605,3.43,172392,3136x2352,.1869
nightshot_iso_1600,7,0.065949765,3.21,198152,3136x2352,.2149
nightshot_iso_1600,8,0.067383298,3.49,229058,3136x2352,.2484
nightshot_iso_1600,9,0.068731702,3.51,263905,3136x2352,.2862
nightshot_iso_1600,10,0.070394375,3.59,305515,3136x2352,.3313
nightshot_iso_1600,11,0.070960188,3.81,348428,3136x2352,.3779
nightshot_iso_1600,12,0.099684029,8.73,388699,3136x2352,.4215
nightshot_iso_1600,13,0.073689264,3.93,435751,3136x2352,.4726
nightshot_iso_1600,14,0.074542276,4.00,478195,3136x2352,.5186
nightshot_iso_1600,15,0.075465408,3.91,520397,3136x2352,.5644
nightshot_iso_1600,16,0.077057692,3.95,561285,3136x2352,.6087
nightshot_iso_1600,17,0.078994217,4.14,604379,3136x2352,.6555
nightshot_iso_1600,18,0.079886229,4.06,644530,3136x2352,.6990
nightshot_iso_1600,19,0.079430019,4.03,680558,3136x2352,.7381
nightshot_iso_1600,20,0.082926707,4.27,719167,3136x2352,.7800
nightshot_iso_1600,21,0.083889040,4.63,763472,3136x2352,.8280
nightshot_iso_1600,22,0.083393798,4.32,803088,3136x2352,.8710
nightshot_iso_1600,23,0.083515329,4.24,845204,3136x2352,.9167
nightshot_iso_1600,24,0.085611124,4.33,885625,3136x2352,.9605
nightshot_iso_1600,25,0.085203503,4.47,923258,3136x2352,1.0013
nightshot_iso_1600,26,0.087212178,4.47,963935,3136x2352,1.0455
nightshot_iso_1600,27,0.087207438,4.50,1002392,3136x2352,1.0872
nightshot_iso_1600,28,0.091537828,4.72,1047370,3136x2352,1.1359
nightshot_iso_1600,29,0.094591786,5.42,1078714,3136x2352,1.1699
nightshot_iso_1600,30,0.089016373,4.52,1115496,3136x2352,1.2098
nightshot_iso_1600,31,0.091067247,4.67,1152947,3136x2352,1.2505
nightshot_iso_1600,32,0.090825526,4.70,1189174,3136x2352,1.2897
nightshot_iso_1600,33,0.092189351,4.81,1231651,3136x2352,1.3358
nightshot_iso_1600,34,0.095064668,4.92,1253911,3136x2352,1.3600
nightshot_iso_1600,35,0.092878702,4.76,1304569,3136x2352,1.4149
nightshot_iso_1600,36,0.097311703,5.42,1345664,3136x2352,1.4595
nightshot_iso_1600,37,0.095002757,5.35,1363504,3136x2352,1.4788
nightshot_iso_1600,38,0.094942647,4.95,1413292,3136x2352,1.5328
nightshot_iso_1600,39,0.094870727,4.73,1442944,3136x2352,1.5650
nightshot_iso_1600,40,0.096192290,4.95,1456192,3136x2352,1.5794
nightshot_iso_1600,41,0.098685696,5.20,1507388,3136x2352,1.6349
nightshot_iso_1600,42,0.100957862,5.20,1533779,3136x2352,1.6635
nightshot_iso_1600,43,0.099889449,5.51,1557183,3136x2352,1.6889
nightshot_iso_1600,44,0.110572216,8.28,1603238,3136x2352,1.7389
nightshot_iso_1600,45,0.098825427,5.23,1630385,3136x2352,1.7683
nightshot_iso_1600,46,0.103009077,5.47,1668159,3136x2352,1.8093
nightshot_iso_1600,47,0.100233061,5.30,1684783,3136x2352,1.8273
nightshot_iso_1600,48,0.100949112,5.37,1716302,3136x2352,1.8615
nightshot_iso_1600,49,0.101946755,5.42,1768260,3136x2352,1.9178
nightshot_iso_1600,50,0.105061862,5.60,1773974,3136x2352,1.9240
nightshot_iso_1600,51,0.102800247,5.49,1780241,3136x2352,1.9308
nightshot_iso_1600,52,0.103188608,6.08,1836318,3136x2352,1.9917
nightshot_iso_1600,53,0.103974279,5.31,1872875,3136x2352,2.0313
nightshot_iso_1600,54,0.105485853,5.42,1894324,3136x2352,2.0546
nightshot_iso_1600,55,0.108360271,5.66,1920360,3136x2352,2.0828
nightshot_iso_1600,56,0.106230866,5.75,1960554,3136x2352,2.1264
nightshot_iso_1600,57,0.106832606,5.72,2000907,3136x2352,2.1702
nightshot_iso_1600,58,0.110549536,6.53,2052345,3136x2352,2.2260
nightshot_iso_1600,59,0.116830481,7.57,2075214,3136x2352,2.2508
nightshot_iso_1600,60,0.108705961,5.84,2105830,3136x2352,2.2840
nightshot_iso_1600,61,0.109320813,5.76,2157391,3136x2352,2.3399
nightshot_iso_1600,62,0.109496594,5.76,2190749,3136x2352,2.3761
nightshot_iso_1600,63,0.110897637,5.93,2251679,3136x2352,2.4422
nightshot_iso_1600,64,0.117240273,5.93,2279823,3136x2352,2.4727
nightshot_iso_1600,65,0.113619643,6.16,2344148,3136x2352,2.5425
nightshot_iso_1600,66,0.124218261,8.31,2380666,3136x2352,2.5821
nightshot_iso_1600,67,0.116283180,6.08,2418233,3136x2352,2.6228
nightshot_iso_1600,68,0.115453298,5.96,2491679,3136x2352,2.7025
nightshot_iso_1600,69,0.116450251,6.12,2537126,3136x2352,2.7518
nightshot_iso_1600,70,0.117132762,6.00,2614914,3136x2352,2.8361
nightshot_iso_1600,71,0.118325736,5.98,2670495,3136x2352,2.8964
nightshot_iso_1600,72,0.122257706,6.98,2724200,3136x2352,2.9547
nightshot_iso_1600,73,0.121513463,6.45,2801207,3136x2352,3.0382
nightshot_iso_1600,74,0.122524336,6.45,2911997,3136x2352,3.1584
nightshot_iso_1600,75,0.122907697,6.37,2931035,3136x2352,3.1790
nightshot_iso_1600,76,0.124779211,6.44,3013507,3136x2352,3.2685
nightshot_iso_1600,77,0.126989837,6.61,3143820,3136x2352,3.4098
nightshot_iso_1600,78,0.129209383,6.84,3245794,3136x2352,3.5204
nightshot_iso_1600,79,0.132637441,7.36,3329447,3136x2352,3.6111
nightshot_iso_1600,80,0.134651786,7.13,3433582,3136x2352,3.7241
nightshot_iso_1600,81,0.134617006,6.71,3583203,3136x2352,3.8864
nightshot_iso_1600,82,0.135506618,6.69,3695722,3136x2352,4.0084
nightshot_iso_1600,83,0.138606356,7.04,3876498,3136x2352,4.2045
nightshot_iso_1600,84,0.140747842,6.89,4023652,3136x2352,4.3641
nightshot_iso_1600,85,0.150579266,7.73,4162971,3136x2352,4.5152
nightshot_iso_1600,86,0.147886279,7.26,4408999,3136x2352,4.7820
nightshot_iso_1600,87,0.150289435,7.67,4567880,3136x2352,4.9544
nightshot_iso_1600,88,0.160587451,8.13,4860720,3136x2352,5.2720
nightshot_iso_1600,89,0.157385583,8.09,5092138,3136x2352,5.5230
nightshot_iso_1600,90,0.169523043,8.39,5470719,3136x2352,5.9336
nightshot_iso_1600,91,0.175990820,10.40,5788005,3136x2352,6.2777
nightshot_iso_1600,92,0.174459715,8.53,6153491,3136x2352,6.6741
nightshot_iso_1600,93,0.184136880,9.30,6724629,3136x2352,7.2936
nightshot_iso_1600,94,0.193689264,9.51,7433157,3136x2352,8.0621
nightshot_iso_1600,95,0.218604156,11.21,8241802,3136x2352,8.9392
nightshot_iso_1600,96,0.236360720,13.09,9179837,3136x2352,9.9566
nightshot_iso_1600,97,0.235874469,11.80,10249092,3136x2352,11.1163
nightshot_iso_1600,98,0.260109439,12.63,11369809,3136x2352,12.3318
nightshot_iso_1600,99,0.276879171,13.31,12957741,3136x2352,14.0541
spider_web,0,0.170374546,9.37,145993,4256x2848,.0963
spider_web,1,0.103903150,5.42,145993,4256x2848,.0963
spider_web,2,0.101464773,5.28,152636,4256x2848,.1007
spider_web,3,0.101150882,5.22,159036,4256x2848,.1049
spider_web,4,0.106373596,5.54,168186,4256x2848,.1110
spider_web,5,0.101251913,5.16,178101,4256x2848,.1175
spider_web,6,0.103311268,5.33,189207,4256x2848,.1248
spider_web,7,0.102631466,5.24,200948,4256x2848,.1326
spider_web,8,0.102652957,5.21,212381,4256x2848,.1401
spider_web,9,0.103837679,5.43,224613,4256x2848,.1482
spider_web,10,0.103946840,5.21,237492,4256x2848,.1567
spider_web,11,0.105386603,5.54,250244,4256x2848,.1651
spider_web,12,0.109657024,6.00,262578,4256x2848,.1733
spider_web,13,0.115077198,7.44,276809,4256x2848,.1826
spider_web,14,0.105277263,5.54,288542,4256x2848,.1904
spider_web,15,0.105412324,5.39,300962,4256x2848,.1986
spider_web,16,0.107063707,5.36,315631,4256x2848,.2083
spider_web,17,0.107154847,5.49,329220,4256x2848,.2172
spider_web,18,0.106201555,5.61,342371,4256x2848,.2259
spider_web,19,0.109133512,6.12,352518,4256x2848,.2326
spider_web,20,0.107342238,5.49,365636,4256x2848,.2413
spider_web,21,0.106785216,5.53,379196,4256x2848,.2502
spider_web,22,0.110805406,5.70,394266,4256x2848,.2602
spider_web,23,0.108169430,5.54,406117,4256x2848,.2680
spider_web,24,0.108090200,5.46,420415,4256x2848,.2774
spider_web,25,0.108157850,5.53,432984,4256x2848,.2857
spider_web,26,0.117233573,7.71,446928,4256x2848,.2949
spider_web,27,0.110232925,6.10,460657,4256x2848,.3040
spider_web,28,0.110325615,5.79,476467,4256x2848,.3144
spider_web,29,0.111288938,5.75,485210,4256x2848,.3202
spider_web,30,0.115738869,5.89,500980,4256x2848,.3306
spider_web,31,0.112284370,6.01,515963,4256x2848,.3405
spider_web,32,0.111849910,6.58,527017,4256x2848,.3478
spider_web,33,0.111111728,5.62,545392,4256x2848,.3599
spider_web,34,0.112148870,5.60,552173,4256x2848,.3644
spider_web,35,0.112428941,5.72,573235,4256x2848,.3783
spider_web,36,0.113032652,5.86,586243,4256x2848,.3869
spider_web,37,0.114043105,5.76,596967,4256x2848,.3940
spider_web,38,0.116388770,6.33,619264,4256x2848,.4087
spider_web,39,0.114662666,6.32,637319,4256x2848,.4206
spider_web,40,0.114066845,5.93,639429,4256x2848,.4220
spider_web,41,0.115365528,6.12,666212,4256x2848,.4397
spider_web,42,0.115963240,6.12,681434,4256x2848,.4497
spider_web,43,0.123486429,6.21,687013,4256x2848,.4534
spider_web,44,0.118146405,6.08,712199,4256x2848,.4700
spider_web,45,0.124120779,7.52,731676,4256x2848,.4829
spider_web,46,0.115698349,5.81,745854,4256x2848,.4922
spider_web,47,0.116901072,6.08,747001,4256x2848,.4930
spider_web,48,0.117260322,6.22,786721,4256x2848,.5192
spider_web,49,0.130891717,6.68,808374,4256x2848,.5335
spider_web,50,0.118816257,6.16,808466,4256x2848,.5335
spider_web,51,0.124155370,7.90,808588,4256x2848,.5336
spider_web,52,0.119847679,6.16,835383,4256x2848,.5513
spider_web,53,0.126178695,6.44,882491,4256x2848,.5824
spider_web,54,0.121108613,6.28,883906,4256x2848,.5833
spider_web,55,0.120862352,6.31,895754,4256x2848,.5912
spider_web,56,0.121863314,6.39,917437,4256x2848,.6055
spider_web,57,0.130463606,8.13,950566,4256x2848,.6273
spider_web,58,0.122727106,6.29,979908,4256x2848,.6467
spider_web,59,0.122713926,6.41,996008,4256x2848,.6573
spider_web,60,0.123255988,6.24,1006102,4256x2848,.6640
spider_web,61,0.123646339,6.24,1045742,4256x2848,.6901
spider_web,62,0.128558021,6.93,1059862,4256x2848,.6995
spider_web,63,0.130444966,8.05,1100485,4256x2848,.7263
spider_web,64,0.126232815,6.60,1113847,4256x2848,.7351
spider_web,65,0.133845974,6.74,1160429,4256x2848,.7658
spider_web,66,0.127883760,6.76,1176535,4256x2848,.7765
spider_web,67,0.127961669,6.67,1205998,4256x2848,.7959
spider_web,68,0.135570288,7.21,1264588,4256x2848,.8346
spider_web,69,0.136559411,8.61,1300991,4256x2848,.8586
spider_web,70,0.130588346,6.44,1344035,4256x2848,.8870
spider_web,71,0.131997689,6.72,1385570,4256x2848,.9144
spider_web,72,0.133189323,6.90,1406035,4256x2848,.9279
spider_web,73,0.140261970,7.15,1482541,4256x2848,.9784
spider_web,74,0.143890320,7.72,1561435,4256x2848,1.0305
spider_web,75,0.137870414,7.27,1561636,4256x2848,1.0306
spider_web,76,0.138555626,6.97,1619280,4256x2848,1.0687
spider_web,77,0.139409498,7.24,1720643,4256x2848,1.1356
spider_web,78,0.141847424,7.03,1820693,4256x2848,1.2016
spider_web,79,0.141969675,7.35,1855515,4256x2848,1.2246
spider_web,80,0.146871147,9.07,1943200,4256x2848,1.2825
spider_web,81,0.144907652,7.42,2048281,4256x2848,1.3518
spider_web,82,0.149643234,7.72,2117050,4256x2848,1.3972
spider_web,83,0.149975774,7.84,2292103,4256x2848,1.5128
spider_web,84,0.152935312,7.89,2388571,4256x2848,1.5764
spider_web,85,0.155306268,9.08,2451915,4256x2848,1.6182
spider_web,86,0.156068680,7.80,2661763,4256x2848,1.7567
spider_web,87,0.157353873,8.15,2752143,4256x2848,1.8164
spider_web,88,0.162046304,8.24,2971544,4256x2848,1.9612
spider_web,89,0.164585841,8.36,3105824,4256x2848,2.0498
spider_web,90,0.171391178,10.32,3428147,4256x2848,2.2626
spider_web,91,0.178192465,9.12,3619815,4256x2848,2.3891
spider_web,92,0.175985359,8.14,3781463,4256x2848,2.4957
spider_web,93,0.186859046,9.64,4274740,4256x2848,2.8213
spider_web,94,0.191774949,9.51,4792480,4256x2848,3.1630
spider_web,95,0.219644078,13.19,5378410,4256x2848,3.5497
spider_web,96,0.211434288,10.21,5950150,4256x2848,3.9271
spider_web,97,0.229937224,11.73,6676136,4256x2848,4.4062
spider_web,98,0.241208872,12.07,7324765,4256x2848,4.8343
spider_web,99,0.280596560,16.14,9113951,4256x2848,6.0152
