artificial,0,0.957575327,50.57,1731633,3072x2048,2.2018
artificial,1,0.785955956,42.72,1111640,3072x2048,1.4135
artificial,2,0.808955651,38.99,925597,3072x2048,1.1769
artificial,3,0.692784092,36.50,785337,3072x2048,.9986
artificial,4,0.663642702,34.59,699678,3072x2048,.8896
artificial,5,0.665137576,31.49,630361,3072x2048,.8015
artificial,6,0.690573427,32.25,585043,3072x2048,.7439
artificial,7,0.628015757,30.45,541325,3072x2048,.6883
artificial,8,0.617813802,28.73,512988,3072x2048,.6522
artificial,9,0.583842920,27.50,484619,3072x2048,.6162
artificial,10,0.590748697,27.45,464069,3072x2048,.5900
artificial,11,0.596032010,26.18,445816,3072x2048,.5668
artificial,12,0.591583489,26.17,426596,3072x2048,.5424
artificial,13,0.580441732,27.07,412363,3072x2048,.5243
artificial,14,0.559561753,28.28,400175,3072x2048,.5088
artificial,15,0.536096006,26.65,388148,3072x2048,.4935
artificial,16,0.559914333,27.51,373988,3072x2048,.4755
artificial,17,0.521433641,26.83,364006,3072x2048,.4628
artificial,18,0.588149661,29.77,353818,3072x2048,.4499
artificial,19,0.550276160,24.96,343437,3072x2048,.4367
artificial,20,0.591558079,24.60,332094,3072x2048,.4222
artificial,21,0.528340048,24.05,323355,3072x2048,.4111
artificial,22,0.544427566,23.19,314462,3072x2048,.3998
artificial,23,0.573847997,24.40,306232,3072x2048,.3893
artificial,24,0.545367279,23.45,295520,3072x2048,.3757
artificial,25,0.576350013,23.74,280799,3072x2048,.3570
artificial,26,0.534785353,22.75,265907,3072x2048,.3381
artificial,27,0.549090227,22.53,252433,3072x2048,.3209
artificial,28,0.501101472,23.97,240847,3072x2048,.3062
artificial,29,0.518480724,23.85,228801,3072x2048,.2909
artificial,30,0.524770519,23.78,219918,3072x2048,.2796
artificial,31,0.487034678,22.01,207942,3072x2048,.2644
artificial,32,0.506724106,21.83,196000,3072x2048,.2492
artificial,33,0.480186842,21.33,185987,3072x2048,.2364
artificial,34,0.500148090,21.08,176812,3072x2048,.2248
artificial,35,0.504265680,20.92,166696,3072x2048,.2119
artificial,36,0.488581822,20.33,156775,3072x2048,.1993
artificial,37,0.500232900,19.66,148296,3072x2048,.1885
artificial,38,0.468636585,20.51,140020,3072x2048,.1780
artificial,39,0.505732184,19.28,131714,3072x2048,.1674
artificial,40,0.499843199,18.72,124599,3072x2048,.1584
artificial,41,0.492702842,18.76,116372,3072x2048,.1479
artificial,42,0.451246283,17.98,109527,3072x2048,.1392
artificial,43,0.463505272,18.55,103014,3072x2048,.1309
artificial,44,0.446720942,17.78,96502,3072x2048,.1227
artificial,45,0.434389132,17.76,90565,3072x2048,.1151
artificial,46,0.466675449,17.35,85129,3072x2048,.1082
artificial,47,0.462196849,17.36,79818,3072x2048,.1014
artificial,48,0.445151348,16.80,74488,3072x2048,.0947
artificial,49,0.413822673,17.02,69559,3072x2048,.0884
artificial,50,0.426454723,17.01,65089,3072x2048,.0827
artificial,51,0.418964935,15.98,60993,3072x2048,.0775
artificial,52,0.431373835,16.22,56861,3072x2048,.0723
artificial,53,0.415418647,16.35,52976,3072x2048,.0673
artificial,54,0.410012293,15.65,49384,3072x2048,.0627
artificial,55,0.398183585,15.66,45551,3072x2048,.0579
artificial,56,0.384256272,15.41,41958,3072x2048,.0533
artificial,57,0.378552848,14.80,38641,3072x2048,.0491
artificial,58,0.358045949,14.59,35002,3072x2048,.0445
artificial,59,0.371590752,14.53,31682,3072x2048,.0402
artificial,60,0.373459536,14.88,28026,3072x2048,.0356
artificial,61,0.366952351,14.15,24599,3072x2048,.0312
artificial,62,0.355329173,13.75,20748,3072x2048,.0263
artificial,63,0.335714365,13.26,15877,3072x2048,.0201
big_building,0,4.149667835,263.66,47664028,7216x5412,9.7639
big_building,1,4.067960540,256.09,36062832,7216x5412,7.3874
big_building,2,3.879444668,242.01,29328542,7216x5412,6.0079
big_building,3,3.731461473,230.98,23752141,7216x5412,4.8656
big_building,4,3.723930274,223.88,19961602,7216x5412,4.0891
big_building,5,3.551906571,215.71,16879216,7216x5412,3.4577
big_building,6,3.478285304,206.45,14756224,7216x5412,3.0228
big_building,7,3.406330752,200.68,12886957,7216x5412,2.6398
big_building,8,3.318057660,193.14,11551837,7216x5412,2.3663
big_building,9,3.250097348,185.40,10308401,7216x5412,2.1116
big_building,10,3.216796597,183.46,9388866,7216x5412,1.9233
big_building,11,3.198290113,186.52,8606531,7216x5412,1.7630
big_building,12,3.074389966,180.11,7853880,7216x5412,1.6088
big_building,13,3.057407075,173.65,7280219,7216x5412,1.4913
big_building,14,3.016615587,172.60,6779147,7216x5412,1.3887
big_building,15,2.980869391,161.14,6334078,7216x5412,1.2975
big_building,16,3.009427290,167.29,5886303,7216x5412,1.2058
big_building,17,2.950663629,157.71,5541321,7216x5412,1.1351
big_building,18,2.973062552,171.05,5228753,7216x5412,1.0711
big_building,19,2.836399585,150.28,4947009,7216x5412,1.0133
big_building,20,2.850902619,151.34,4656282,7216x5412,.9538
big_building,21,2.874883777,148.36,4426618,7216x5412,.9067
big_building,22,2.798522274,145.30,4216733,7216x5412,.8637
big_building,23,2.815868616,143.45,4024381,7216x5412,.8243
big_building,24,2.788568650,141.69,3796628,7216x5412,.7777
big_building,25,2.750736149,138.21,3491076,7216x5412,.7151
big_building,26,2.756330813,138.11,3229832,7216x5412,.6616
big_building,27,2.741924508,145.19,3003190,7216x5412,.6152
big_building,28,2.667350949,130.11,2805778,7216x5412,.5747
big_building,29,2.651597931,127.35,2631835,7216x5412,.5391
big_building,30,2.648530534,136.38,2475676,7216x5412,.5071
big_building,31,2.642620940,140.35,2283924,7216x5412,.4678
big_building,32,2.600557769,130.67,2101660,7216x5412,.4305
big_building,33,2.581866054,135.47,1959896,7216x5412,.4014
big_building,34,2.571948490,122.83,1833223,7216x5412,.3755
big_building,35,2.533878079,118.37,1697228,7216x5412,.3476
big_building,36,2.469088484,111.15,1566858,7216x5412,.3209
big_building,37,2.478320625,110.03,1457795,7216x5412,.2986
big_building,38,2.452787864,107.29,1346828,7216x5412,.2758
big_building,39,2.435726674,105.23,1246213,7216x5412,.2552
big_building,40,2.413922531,101.23,1158248,7216x5412,.2372
big_building,41,2.356056562,98.48,1067849,7216x5412,.2187
big_building,42,2.333437368,96.10,990745,7216x5412,.2029
big_building,43,2.343835443,95.08,914580,7216x5412,.1873
big_building,44,2.292164960,92.49,845404,7216x5412,.1731
big_building,45,2.303253496,92.48,778436,7216x5412,.1594
big_building,46,2.275205848,89.27,716656,7216x5412,.1468
big_building,47,2.251928093,87.75,659899,7216x5412,.1351
big_building,48,2.247589582,86.74,605828,7216x5412,.1241
big_building,49,2.226616372,85.25,555038,7216x5412,.1136
big_building,50,2.235879104,83.94,508209,7216x5412,.1041
big_building,51,2.215508675,82.87,463915,7216x5412,.0950
big_building,52,2.203970458,82.77,422254,7216x5412,.0864
big_building,53,2.170705798,80.18,383220,7216x5412,.0785
big_building,54,2.199397936,81.33,346602,7216x5412,.0710
big_building,55,2.156064923,80.04,311887,7216x5412,.0638
big_building,56,2.159398751,79.30,279060,7216x5412,.0571
big_building,57,2.140054085,77.66,248598,7216x5412,.0509
big_building,58,2.146260419,77.48,218753,7216x5412,.0448
big_building,59,2.161550716,78.56,190161,7216x5412,.0389
big_building,60,2.130579311,75.75,162752,7216x5412,.0333
big_building,61,2.183684089,78.01,135468,7216x5412,.0277
big_building,62,2.148917635,76.06,102768,7216x5412,.0210
big_building,63,2.122824383,74.64,70190,7216x5412,.0143
big_tree,0,3.346735330,207.15,40211442,6088x4550,11.6132
big_tree,1,2.993510241,180.29,33093996,6088x4550,9.5576
big_tree,2,2.859438580,169.12,28330385,6088x4550,8.1819
big_tree,3,2.765645365,161.29,24487284,6088x4550,7.0720
big_tree,4,2.689759653,153.95,21484130,6088x4550,6.2047
big_tree,5,2.601740802,148.53,18805115,6088x4550,5.4310
big_tree,6,2.493215142,142.66,16778395,6088x4550,4.8456
big_tree,7,2.474506847,140.74,14938152,6088x4550,4.3142
big_tree,8,2.401851462,134.40,13477008,6088x4550,3.8922
big_tree,9,2.377031963,130.84,12096879,6088x4550,3.4936
big_tree,10,2.271744500,125.78,11018143,6088x4550,3.1820
big_tree,11,2.259091230,124.55,10066087,6088x4550,2.9071
big_tree,12,2.187933819,118.48,9141730,6088x4550,2.6401
big_tree,13,2.169064414,116.77,8386269,6088x4550,2.4219
big_tree,14,2.141247347,115.18,7719522,6088x4550,2.2294
big_tree,15,2.078934388,112.23,7128103,6088x4550,2.0586
big_tree,16,2.068284592,109.74,6556318,6088x4550,1.8934
big_tree,17,2.060869754,109.14,6097804,6088x4550,1.7610
big_tree,18,2.035266723,105.98,5687770,6088x4550,1.6426
big_tree,19,2.022648803,105.36,5316912,6088x4550,1.5355
big_tree,20,1.994616405,102.74,4951520,6088x4550,1.4300
big_tree,21,1.953843758,104.57,4654861,6088x4550,1.3443
big_tree,22,2.122634742,135.18,4389036,6088x4550,1.2675
big_tree,23,2.504172838,233.05,4143102,6088x4550,1.1965
big_tree,24,2.819743814,258.82,3844973,6088x4550,1.1104
big_tree,25,2.118187741,177.79,3465917,6088x4550,1.0009
big_tree,26,1.838474701,92.47,3143906,6088x4550,.9079
big_tree,27,1.830103030,89.94,2865678,6088x4550,.8276
big_tree,28,1.811960487,87.37,2624615,6088x4550,.7580
big_tree,29,1.793510752,85.78,2414639,6088x4550,.6973
big_tree,30,1.787021487,85.89,2229940,6088x4550,.6440
big_tree,31,1.768198772,83.39,2001914,6088x4550,.5781
big_tree,32,1.740344485,81.65,1795949,6088x4550,.5186
big_tree,33,1.730140131,80.06,1631840,6088x4550,.4712
big_tree,34,1.711130365,78.94,1490813,6088x4550,.4305
big_tree,35,1.717248920,79.07,1343908,6088x4550,.3881
big_tree,36,1.691074776,75.71,1205960,6088x4550,.3482
big_tree,37,1.677383114,74.60,1093887,6088x4550,.3159
big_tree,38,1.661947198,73.34,982793,6088x4550,.2838
big_tree,39,1.656571094,73.29,884052,6088x4550,.2553
big_tree,40,1.627665394,70.17,800152,6088x4550,.2310
big_tree,41,1.631354564,69.65,715543,6088x4550,.2066
big_tree,42,1.624986308,69.10,647253,6088x4550,.1869
big_tree,43,1.595508278,67.34,580373,6088x4550,.1676
big_tree,44,1.570570398,67.10,525689,6088x4550,.1518
big_tree,45,1.569025034,66.27,473913,6088x4550,.1368
big_tree,46,1.574234787,66.07,428237,6088x4550,.1236
big_tree,47,1.548520875,64.13,389688,6088x4550,.1125
big_tree,48,1.531020433,63.17,353385,6088x4550,.1020
big_tree,49,1.559663602,63.34,322258,6088x4550,.0930
big_tree,50,1.529354309,62.13,295573,6088x4550,.0853
big_tree,51,1.526225971,60.41,271587,6088x4550,.0784
big_tree,52,1.529917921,60.50,249667,6088x4550,.0721
big_tree,53,1.493756284,59.07,230253,6088x4550,.0664
big_tree,54,1.504909850,58.97,212235,6088x4550,.0612
big_tree,55,1.513632171,58.75,195133,6088x4550,.0563
big_tree,56,1.497506392,58.16,179581,6088x4550,.0518
big_tree,57,1.479177669,57.04,164104,6088x4550,.0473
big_tree,58,1.485908155,56.13,149695,6088x4550,.0432
big_tree,59,1.456356404,55.46,134739,6088x4550,.0389
big_tree,60,1.440488896,54.17,120680,6088x4550,.0348
big_tree,61,1.475081869,54.71,106574,6088x4550,.0307
big_tree,62,1.438121240,53.59,89108,6088x4550,.0257
big_tree,63,1.425263479,52.39,67565,6088x4550,.0195
bridge,0,1.909223081,101.47,16797478,2749x4049,12.0728
bridge,1,1.720457397,89.16,13815328,2749x4049,9.9295
bridge,2,1.628347177,84.42,11902603,2749x4049,8.5547
bridge,3,1.585580684,81.30,10370142,2749x4049,7.4533
bridge,4,1.575448870,79.82,9187746,2749x4049,6.6035
bridge,5,1.506611185,77.60,8132553,2749x4049,5.8451
bridge,6,1.419273164,73.91,7293198,2749x4049,5.2418
bridge,7,1.394247255,72.34,6528148,2749x4049,4.6919
bridge,8,1.342030689,69.31,5923031,2749x4049,4.2570
bridge,9,1.324542888,67.96,5347527,2749x4049,3.8434
bridge,10,1.308872260,66.27,4899497,2749x4049,3.5214
bridge,11,1.278896048,64.75,4503406,2749x4049,3.2367
bridge,12,1.219693146,62.06,4123747,2749x4049,2.9638
bridge,13,1.232567007,62.40,3813756,2749x4049,2.7410
bridge,14,1.168470453,60.09,3534132,2749x4049,2.5400
bridge,15,1.162389659,58.59,3280214,2749x4049,2.3575
bridge,16,1.182000715,58.39,3027066,2749x4049,2.1756
bridge,17,1.134075861,56.86,2823819,2749x4049,2.0295
bridge,18,1.133485230,57.12,2639212,2749x4049,1.8968
bridge,19,1.118222473,55.63,2470871,2749x4049,1.7758
bridge,20,1.077447545,54.48,2300728,2749x4049,1.6536
bridge,21,1.051093561,53.09,2160433,2749x4049,1.5527
bridge,22,1.084675442,54.11,2030103,2749x4049,1.4591
bridge,23,1.084982213,53.41,1909980,2749x4049,1.3727
bridge,24,1.027425945,51.12,1764228,2749x4049,1.2680
bridge,25,1.037117398,51.12,1572254,2749x4049,1.1300
bridge,26,0.991576019,48.59,1405576,2749x4049,1.0102
bridge,27,1.008415689,48.86,1263424,2749x4049,.9080
bridge,28,0.985164114,47.27,1140032,2749x4049,.8193
bridge,29,0.990700156,46.83,1030668,2749x4049,.7407
bridge,30,0.976820153,45.88,936764,2749x4049,.6732
bridge,31,0.984012971,46.12,820752,2749x4049,.5899
bridge,32,0.975056139,44.71,717804,2749x4049,.5159
bridge,33,0.944520536,43.62,637773,2749x4049,.4583
bridge,34,0.951591963,43.03,569721,2749x4049,.4094
bridge,35,0.914751025,41.38,500347,2749x4049,.3596
bridge,36,0.926868633,41.75,438189,2749x4049,.3149
bridge,37,0.837913260,38.38,389748,2749x4049,.2801
bridge,38,0.913086481,40.50,344893,2749x4049,.2478
bridge,39,0.867043300,37.98,307711,2749x4049,.2211
bridge,40,0.866319398,37.64,278351,2749x4049,.2000
bridge,41,0.870601428,37.88,250659,2749x4049,.1801
bridge,42,0.850071689,37.64,229274,2749x4049,.1647
bridge,43,0.827490135,35.60,210915,2749x4049,.1515
bridge,44,0.841539529,34.77,194720,2749x4049,.1399
bridge,45,0.829137229,34.99,180412,2749x4049,.1296
bridge,46,0.777648946,33.14,167422,2749x4049,.1203
bridge,47,0.840465647,33.57,155679,2749x4049,.1118
bridge,48,0.769734877,32.27,144384,2749x4049,.1037
bridge,49,0.777692545,31.62,134099,2749x4049,.0963
bridge,50,0.769022955,31.18,125054,2749x4049,.0898
bridge,51,0.758371979,30.79,115630,2749x4049,.0831
bridge,52,0.749002867,31.11,107024,2749x4049,.0769
bridge,53,0.758822041,29.36,98788,2749x4049,.0710
bridge,54,0.764953915,29.49,91547,2749x4049,.0657
bridge,55,0.739933626,28.48,84347,2749x4049,.0606
bridge,56,0.697923335,27.64,77527,2749x4049,.0557
bridge,57,0.711008665,27.42,70889,2749x4049,.0509
bridge,58,0.699633139,26.87,64365,2749x4049,.0462
bridge,59,0.667801402,26.32,57862,2749x4049,.0415
bridge,60,0.672609313,26.49,51464,2749x4049,.0369
bridge,61,0.678648858,25.15,44851,2749x4049,.0322
bridge,62,0.666039368,24.79,37085,2749x4049,.0266
bridge,63,0.637296169,24.42,27973,2749x4049,.0201
cathedral,0,1.509574262,67.07,7430296,2000x3008,9.8807
cathedral,1,1.350317949,59.46,5784364,2000x3008,7.6919
cathedral,2,1.248742366,55.94,4780276,2000x3008,6.3567
cathedral,3,1.203072836,53.10,3978762,2000x3008,5.2909
cathedral,4,1.129065249,50.75,3398602,2000x3008,4.5194
cathedral,5,1.042630322,46.99,2892477,2000x3008,3.8463
cathedral,6,1.008831110,45.38,2517088,2000x3008,3.3471
cathedral,7,0.986094356,43.03,2171531,2000x3008,2.8876
cathedral,8,0.935855175,40.56,1913936,2000x3008,2.5451
cathedral,9,0.961032936,40.44,1680974,2000x3008,2.2353
cathedral,10,0.889469664,37.98,1504540,2000x3008,2.0007
cathedral,11,0.890175005,37.81,1352775,2000x3008,1.7989
cathedral,12,0.862055758,36.48,1208064,2000x3008,1.6064
cathedral,13,0.756590285,32.77,1097637,2000x3008,1.4596
cathedral,14,0.837081438,34.95,1001257,2000x3008,1.3314
cathedral,15,0.820448658,33.39,918497,2000x3008,1.2214
cathedral,16,0.735652985,32.08,838359,2000x3008,1.1148
cathedral,17,0.765800667,31.29,774627,2000x3008,1.0300
cathedral,18,0.777776676,31.26,718777,2000x3008,.9558
cathedral,19,0.758832191,30.28,668333,2000x3008,.8887
cathedral,20,0.734399823,31.02,616836,2000x3008,.8202
cathedral,21,0.751945154,29.10,576746,2000x3008,.7669
cathedral,22,0.665925318,28.13,541560,2000x3008,.7201
cathedral,23,0.722648054,28.86,508617,2000x3008,.6763
cathedral,24,0.688295781,27.14,469042,2000x3008,.6237
cathedral,25,0.689079033,27.14,419210,2000x3008,.5574
cathedral,26,0.643041242,26.90,378092,2000x3008,.5027
cathedral,27,0.675503861,25.07,342526,2000x3008,.4554
cathedral,28,0.668407314,24.54,312841,2000x3008,.4160
cathedral,29,0.631784736,23.98,287169,2000x3008,.3818
cathedral,30,0.610681685,24.34,265482,2000x3008,.3530
cathedral,31,0.608335130,21.94,238507,2000x3008,.3171
cathedral,32,0.591164098,22.22,214443,2000x3008,.2851
cathedral,33,0.565996358,21.25,195902,2000x3008,.2605
cathedral,34,0.559139031,20.56,180154,2000x3008,.2395
cathedral,35,0.554795601,21.07,163646,2000x3008,.2176
cathedral,36,0.548646537,20.34,148636,2000x3008,.1976
cathedral,37,0.523540516,20.04,136492,2000x3008,.1815
cathedral,38,0.534141031,19.03,124547,2000x3008,.1656
cathedral,39,0.527269145,19.08,113827,2000x3008,.1513
cathedral,40,0.519682586,18.66,104994,2000x3008,.1396
cathedral,41,0.481885516,18.35,96354,2000x3008,.1281
cathedral,42,0.490561027,17.96,88785,2000x3008,.1180
cathedral,43,0.476607043,17.50,81619,2000x3008,.1085
cathedral,44,0.475914951,17.74,75232,2000x3008,.1000
cathedral,45,0.455456312,17.94,69208,2000x3008,.0920
cathedral,46,0.479168100,18.10,63614,2000x3008,.0845
cathedral,47,0.473157206,16.82,58661,2000x3008,.0780
cathedral,48,0.459200282,16.81,53935,2000x3008,.0717
cathedral,49,0.448256426,16.58,49702,2000x3008,.0660
cathedral,50,0.442454292,15.84,45821,2000x3008,.0609
cathedral,51,0.429557370,16.56,41957,2000x3008,.0557
cathedral,52,0.418438964,15.37,38646,2000x3008,.0513
cathedral,53,0.416249589,15.57,35396,2000x3008,.0470
cathedral,54,0.420461059,15.44,32404,2000x3008,.0430
cathedral,55,0.398067635,15.10,29544,2000x3008,.0392
cathedral,56,0.391721240,15.18,26943,2000x3008,.0358
cathedral,57,0.400011860,14.84,24289,2000x3008,.0322
cathedral,58,0.386931899,14.87,21759,2000x3008,.0289
cathedral,59,0.383792500,14.78,19317,2000x3008,.0256
cathedral,60,0.371535221,14.66,16996,2000x3008,.0226
cathedral,61,0.361745878,14.44,14580,2000x3008,.0193
cathedral,62,0.354456271,14.05,11856,2000x3008,.0157
cathedral,63,0.352649606,14.14,8764,2000x3008,.0116
deer,0,1.619247495,80.82,18506570,4043x2641,13.8657
deer,1,1.542494881,69.69,15834194,4043x2641,11.8635
deer,2,1.477923806,65.14,14012426,4043x2641,10.4985
deer,3,1.412655410,62.60,12624126,4043x2641,9.4584
deer,4,1.442150050,62.37,11514123,4043x2641,8.6267
deer,5,1.266069337,57.67,10560056,4043x2641,7.9119
deer,6,1.341764779,59.41,9740093,4043x2641,7.2976
deer,7,1.337115688,58.28,9007406,4043x2641,6.7486
deer,8,1.306531035,56.37,8362548,4043x2641,6.2655
deer,9,1.242462861,54.89,7760037,4043x2641,5.8140
deer,10,1.244073724,54.91,7244888,4043x2641,5.4281
deer,11,1.240742257,54.17,6773162,4043x2641,5.0746
deer,12,1.247785784,53.34,6302469,4043x2641,4.7220
deer,13,1.181353194,52.06,5879229,4043x2641,4.4049
deer,14,1.220595868,50.88,5491875,4043x2641,4.1147
deer,15,1.154529010,50.67,5152735,4043x2641,3.8606
deer,16,1.196849891,49.17,4801061,4043x2641,3.5971
deer,17,1.158405609,48.82,4482866,4043x2641,3.3587
deer,18,1.066480378,47.20,4197549,4043x2641,3.1449
deer,19,1.118092863,48.38,3939293,4043x2641,2.9514
deer,20,1.107181676,46.18,3648693,4043x2641,2.7337
deer,21,1.122044622,45.18,3411117,4043x2641,2.5557
deer,22,1.047255393,44.37,3186595,4043x2641,2.3875
deer,23,1.045230578,42.73,2967147,4043x2641,2.2230
deer,24,1.032117566,42.58,2691785,4043x2641,2.0167
deer,25,1.026627583,41.62,2327888,4043x2641,1.7441
deer,26,0.958775330,40.47,2001905,4043x2641,1.4998
deer,27,0.935915446,39.28,1715650,4043x2641,1.2854
deer,28,0.988590251,39.98,1457728,4043x2641,1.0921
deer,29,0.909945013,37.71,1233237,4043x2641,.9239
deer,30,0.930124432,36.51,1043382,4043x2641,.7817
deer,31,0.860455744,35.32,820575,4043x2641,.6148
deer,32,0.847253762,35.04,649092,4043x2641,.4863
deer,33,0.849174847,33.98,529954,4043x2641,.3970
deer,34,0.837308579,33.51,438509,4043x2641,.3285
deer,35,0.791796449,31.76,348164,4043x2641,.2608
deer,36,0.758371200,29.73,277224,4043x2641,.2077
deer,37,0.734591362,29.09,219527,4043x2641,.1644
deer,38,0.708887591,28.73,167433,4043x2641,.1254
deer,39,0.687431559,26.94,139173,4043x2641,.1042
deer,40,0.689631874,26.46,115061,4043x2641,.0862
deer,41,0.678065366,25.23,97627,4043x2641,.0731
deer,42,0.671269641,25.64,81232,4043x2641,.0608
deer,43,0.658038038,25.26,66171,4043x2641,.0495
deer,44,0.659614822,24.47,57244,4043x2641,.0428
deer,45,0.620173488,24.13,50944,4043x2641,.0381
deer,46,0.615044696,23.14,46352,4043x2641,.0347
deer,47,0.619261286,22.91,42850,4043x2641,.0321
deer,48,0.603637368,22.49,39821,4043x2641,.0298
deer,49,0.605031421,22.51,37163,4043x2641,.0278
deer,50,0.613480132,22.53,34793,4043x2641,.0260
deer,51,0.585305274,21.66,32410,4043x2641,.0242
deer,52,0.594633136,21.66,30189,4043x2641,.0226
deer,53,0.566451909,21.05,28074,4043x2641,.0210
deer,54,0.569801047,20.82,26199,4043x2641,.0196
deer,55,0.567436691,20.98,24421,4043x2641,.0182
deer,56,0.559628852,21.59,22605,4043x2641,.0169
deer,57,0.554546971,20.73,20837,4043x2641,.0156
deer,58,0.559474913,20.93,18867,4043x2641,.0141
deer,59,0.546903252,19.82,17321,4043x2641,.0129
deer,60,0.530313272,20.29,15553,4043x2641,.0116
deer,61,0.543543865,20.48,13961,4043x2641,.0104
deer,62,0.538650283,19.90,11777,4043x2641,.0088
deer,63,0.525500041,19.92,9394,4043x2641,.0070
fireworks,0,1.494775326,67.78,4784022,3136x2352,5.1888
fireworks,1,1.210221173,53.02,3207774,3136x2352,3.4792
fireworks,2,1.068404643,46.03,2242444,3136x2352,2.4321
fireworks,3,0.960014503,42.04,1610085,3136x2352,1.7463
fireworks,4,0.932442797,39.42,1272797,3136x2352,1.3804
fireworks,5,0.850718831,36.45,1035841,3136x2352,1.1234
fireworks,6,0.803429147,34.36,882523,3136x2352,.9571
fireworks,7,0.832865398,34.51,760063,3136x2352,.8243
fireworks,8,0.774137407,31.95,677872,3136x2352,.7352
fireworks,9,0.742701021,30.78,600630,3136x2352,.6514
fireworks,10,0.765514776,31.28,546134,3136x2352,.5923
fireworks,11,0.723018635,29.19,503313,3136x2352,.5459
fireworks,12,0.697323803,28.37,461413,3136x2352,.5004
fireworks,13,0.707931748,28.22,430415,3136x2352,.4668
fireworks,14,0.666251198,27.05,405224,3136x2352,.4395
fireworks,15,0.683453950,27.24,383258,3136x2352,.4156
fireworks,16,0.683943241,27.29,360586,3136x2352,.3910
fireworks,17,0.624555598,25.54,344114,3136x2352,.3732
fireworks,18,0.664996765,26.23,329283,3136x2352,.3571
fireworks,19,0.698475706,26.42,317287,3136x2352,.3441
fireworks,20,0.654323170,26.13,302764,3136x2352,.3283
fireworks,21,0.659180852,25.77,295824,3136x2352,.3208
fireworks,22,0.640894898,25.21,286732,3136x2352,.3109
fireworks,23,0.638399461,24.81,281678,3136x2352,.3055
fireworks,24,0.646996343,24.96,273903,3136x2352,.2970
fireworks,25,0.643529414,24.88,261538,3136x2352,.2836
fireworks,26,0.604319940,23.93,251331,3136x2352,.2725
fireworks,27,0.629376500,24.13,241883,3136x2352,.2623
fireworks,28,0.608366879,23.19,232942,3136x2352,.2526
fireworks,29,0.613763223,23.50,225053,3136x2352,.2440
fireworks,30,0.622407813,23.73,218298,3136x2352,.2367
fireworks,31,0.610131974,23.89,208498,3136x2352,.2261
fireworks,32,0.616457979,23.12,199290,3136x2352,.2161
fireworks,33,0.583075939,22.72,191702,3136x2352,.2079
fireworks,34,0.609980114,23.05,183499,3136x2352,.1990
fireworks,35,0.557097827,22.02,174284,3136x2352,.1890
fireworks,36,0.599606928,22.57,165002,3136x2352,.1789
fireworks,37,0.595234548,23.38,156067,3136x2352,.1692
fireworks,38,0.582533367,21.66,146590,3136x2352,.1589
fireworks,39,0.569982257,21.01,137524,3136x2352,.1491
fireworks,40,0.573713006,21.41,129192,3136x2352,.1401
fireworks,41,0.565053345,21.14,119468,3136x2352,.1295
fireworks,42,0.573224635,21.49,111519,3136x2352,.1209
fireworks,43,0.578728559,21.21,103147,3136x2352,.1118
fireworks,44,0.553279387,21.13,95221,3136x2352,.1032
fireworks,45,0.574783468,21.94,88111,3136x2352,.0955
fireworks,46,0.545151248,20.67,79286,3136x2352,.0859
fireworks,47,0.558615330,20.43,72304,3136x2352,.0784
fireworks,48,0.555493073,20.34,65757,3136x2352,.0713
fireworks,49,0.511573478,20.68,59315,3136x2352,.0643
fireworks,50,0.540137296,19.99,53620,3136x2352,.0581
fireworks,51,0.557615378,20.05,47603,3136x2352,.0516
fireworks,52,0.526946244,20.32,42873,3136x2352,.0465
fireworks,53,0.525387211,20.20,39031,3136x2352,.0423
fireworks,54,0.514193513,19.22,36594,3136x2352,.0396
fireworks,55,0.523121285,19.01,34425,3136x2352,.0373
fireworks,56,0.508790651,18.83,32744,3136x2352,.0355
fireworks,57,0.502317195,19.18,31145,3136x2352,.0337
fireworks,58,0.503389698,18.11,28685,3136x2352,.0311
fireworks,59,0.493240473,18.77,25511,3136x2352,.0276
fireworks,60,0.492922293,18.19,22597,3136x2352,.0245
fireworks,61,0.477251365,17.78,19581,3136x2352,.0212
fireworks,62,0.444684686,17.55,15199,3136x2352,.0164
fireworks,63,0.453986709,16.86,9615,3136x2352,.0104
flower_foveon,0,0.750280179,32.21,2262811,2268x1512,5.2788
flower_foveon,1,0.551309383,21.94,1214495,2268x1512,2.8332
flower_foveon,2,0.469705457,19.00,773037,2268x1512,1.8034
flower_foveon,3,0.409364772,16.86,537100,2268x1512,1.2529
flower_foveon,4,0.397224523,15.51,396599,2268x1512,.9252
flower_foveon,5,0.374617368,14.64,305085,2268x1512,.7117
flower_foveon,6,0.364665005,14.53,259473,2268x1512,.6053
flower_foveon,7,0.390738587,13.70,223480,2268x1512,.5213
flower_foveon,8,0.305364103,12.77,200215,2268x1512,.4670
flower_foveon,9,0.293342584,12.38,179910,2268x1512,.4197
flower_foveon,10,0.326461973,12.70,165502,2268x1512,.3860
flower_foveon,11,0.349715829,12.26,153605,2268x1512,.3583
flower_foveon,12,0.323307255,11.70,142052,2268x1512,.3313
flower_foveon,13,0.335818036,11.95,133140,2268x1512,.3106
flower_foveon,14,0.310132174,11.99,125433,2268x1512,.2926
flower_foveon,15,0.339465114,12.34,118709,2268x1512,.2769
flower_foveon,16,0.312528579,11.55,111773,2268x1512,.2607
flower_foveon,17,0.320913330,11.48,106332,2268x1512,.2480
flower_foveon,18,0.311483657,11.25,101629,2268x1512,.2370
flower_foveon,19,0.320425509,11.67,97228,2268x1512,.2268
flower_foveon,20,0.276817764,11.44,92622,2268x1512,.2160
flower_foveon,21,0.256689676,11.40,89042,2268x1512,.2077
flower_foveon,22,0.288554923,11.06,85573,2268x1512,.1996
flower_foveon,23,0.277438636,10.83,82428,2268x1512,.1922
flower_foveon,24,0.275665511,10.75,78477,2268x1512,.1830
flower_foveon,25,0.300435360,10.82,73335,2268x1512,.1710
flower_foveon,26,0.275692911,10.43,68849,2268x1512,.1606
flower_foveon,27,0.290944368,10.85,64868,2268x1512,.1513
flower_foveon,28,0.268596894,10.54,61497,2268x1512,.1434
flower_foveon,29,0.259978443,10.51,58302,2268x1512,.1360
flower_foveon,30,0.262479719,10.46,55557,2268x1512,.1296
flower_foveon,31,0.231048654,9.80,51904,2268x1512,.1210
flower_foveon,32,0.241697920,9.92,48574,2268x1512,.1133
flower_foveon,33,0.246609101,10.09,45785,2268x1512,.1068
flower_foveon,34,0.258425740,10.13,43251,2268x1512,.1009
flower_foveon,35,0.235969286,9.69,40650,2268x1512,.0948
flower_foveon,36,0.245929151,9.89,38118,2268x1512,.0889
flower_foveon,37,0.232683548,9.67,35933,2268x1512,.0838
flower_foveon,38,0.228722569,9.44,33698,2268x1512,.0786
flower_foveon,39,0.239948856,9.54,31624,2268x1512,.0737
flower_foveon,40,0.226214743,9.37,29852,2268x1512,.0696
flower_foveon,41,0.218571945,9.03,27931,2268x1512,.0651
flower_foveon,42,0.221092511,9.04,26348,2268x1512,.0614
flower_foveon,43,0.218915945,9.13,24734,2268x1512,.0577
flower_foveon,44,0.217225241,9.03,23273,2268x1512,.0542
flower_foveon,45,0.210827386,8.72,21882,2268x1512,.0510
flower_foveon,46,0.211482077,8.73,20462,2268x1512,.0477
flower_foveon,47,0.215061346,9.58,19253,2268x1512,.0449
flower_foveon,48,0.207537608,8.57,18038,2268x1512,.0420
flower_foveon,49,0.204143770,8.48,16928,2268x1512,.0394
flower_foveon,50,0.200076181,8.38,15744,2268x1512,.0367
flower_foveon,51,0.201395273,8.32,14646,2268x1512,.0341
flower_foveon,52,0.197917695,8.24,13694,2268x1512,.0319
flower_foveon,53,0.199127928,8.29,12771,2268x1512,.0297
flower_foveon,54,0.188116571,7.88,11934,2268x1512,.0278
flower_foveon,55,0.197839795,8.22,11105,2268x1512,.0259
flower_foveon,56,0.197590474,8.25,10344,2268x1512,.0241
flower_foveon,57,0.191869690,7.99,9597,2268x1512,.0223
flower_foveon,58,0.192802473,7.96,8760,2268x1512,.0204
flower_foveon,59,0.185551415,7.73,8070,2268x1512,.0188
flower_foveon,60,0.190204186,7.92,7328,2268x1512,.0170
flower_foveon,61,0.190530967,7.86,6565,2268x1512,.0153
flower_foveon,62,0.190105886,7.95,5608,2268x1512,.0130
flower_foveon,63,0.187439690,7.79,4489,2268x1512,.0104
hdr,0,1.609338380,76.03,5192944,3072x2048,6.6031
hdr,1,1.272306683,56.34,3291536,3072x2048,4.1854
hdr,2,1.050075909,47.11,2081408,3072x2048,2.6466
hdr,3,0.892546012,39.79,1341574,3072x2048,1.7058
hdr,4,0.789345403,34.70,1049351,3072x2048,1.3343
hdr,5,0.723511796,31.94,858718,3072x2048,1.0919
hdr,6,0.778810089,31.32,739112,3072x2048,.9398
hdr,7,0.696106520,28.56,638223,3072x2048,.8115
hdr,8,0.695754119,27.56,570755,3072x2048,.7257
hdr,9,0.661854908,26.82,508471,3072x2048,.6465
hdr,10,0.658903161,25.15,464770,3072x2048,.5909
hdr,11,0.614857035,24.51,426163,3072x2048,.5418
hdr,12,0.614267444,24.53,391328,3072x2048,.4975
hdr,13,0.635298354,24.15,364237,3072x2048,.4631
hdr,14,0.587032918,23.14,341744,3072x2048,.4345
hdr,15,0.604376260,23.37,320138,3072x2048,.4070
hdr,16,0.598599956,22.21,298217,3072x2048,.3792
hdr,17,0.576722933,22.57,281686,3072x2048,.3581
hdr,18,0.581326035,21.60,266246,3072x2048,.3385
hdr,19,0.555209252,22.15,252639,3072x2048,.3212
hdr,20,0.558871160,21.19,238207,3072x2048,.3028
hdr,21,0.534069581,21.20,226916,3072x2048,.2885
hdr,22,0.508980671,21.17,216547,3072x2048,.2753
hdr,23,0.549065778,20.12,207134,3072x2048,.2633
hdr,24,0.549964620,20.48,194597,3072x2048,.2474
hdr,25,0.538415682,20.73,179348,3072x2048,.2280
hdr,26,0.526094792,19.57,165194,3072x2048,.2100
hdr,27,0.527186644,19.64,153659,3072x2048,.1953
hdr,28,0.529491841,19.81,142940,3072x2048,.1817
hdr,29,0.498359556,18.67,133592,3072x2048,.1698
hdr,30,0.520469398,19.06,124663,3072x2048,.1585
hdr,31,0.500410910,18.68,114545,3072x2048,.1456
hdr,32,0.496017780,19.17,104540,3072x2048,.1329
hdr,33,0.474747779,17.96,96743,3072x2048,.1230
hdr,34,0.469906717,17.95,90082,3072x2048,.1145
hdr,35,0.472780144,17.81,83466,3072x2048,.1061
hdr,36,0.477623706,17.48,77031,3072x2048,.0979
hdr,37,0.474972200,17.38,71278,3072x2048,.0906
hdr,38,0.438300691,16.51,65547,3072x2048,.0833
hdr,39,0.437683720,16.85,60909,3072x2048,.0774
hdr,40,0.430502233,16.43,56299,3072x2048,.0715
hdr,41,0.441584469,16.66,51675,3072x2048,.0657
hdr,42,0.407953839,15.75,47897,3072x2048,.0609
hdr,43,0.429093710,15.65,43895,3072x2048,.0558
hdr,44,0.421568912,16.27,40910,3072x2048,.0520
hdr,45,0.398627046,15.64,37783,3072x2048,.0480
hdr,46,0.393624514,15.70,34927,3072x2048,.0444
hdr,47,0.414361985,15.36,32516,3072x2048,.0413
hdr,48,0.399147827,15.83,29956,3072x2048,.0380
hdr,49,0.389464774,15.64,27983,3072x2048,.0355
hdr,50,0.389665725,15.80,26030,3072x2048,.0330
hdr,51,0.383220119,15.53,24163,3072x2048,.0307
hdr,52,0.381552095,15.38,22440,3072x2048,.0285
hdr,53,0.390449247,15.76,20851,3072x2048,.0265
hdr,54,0.377776707,15.04,19275,3072x2048,.0245
hdr,55,0.377926926,14.96,17865,3072x2048,.0227
hdr,56,0.377910727,15.07,16505,3072x2048,.0209
hdr,57,0.361994338,14.59,15217,3072x2048,.0193
hdr,58,0.364452655,14.50,13892,3072x2048,.0176
hdr,59,0.361286257,14.60,12674,3072x2048,.0161
hdr,60,0.354412910,14.51,11444,3072x2048,.0145
hdr,61,0.352741506,14.36,10154,3072x2048,.0129
hdr,62,0.353487548,14.97,8631,3072x2048,.0109
hdr,63,0.347523754,13.99,6853,3072x2048,.0087
leaves_iso_1600,0,1.637694299,74.82,9373073,3008x2000,12.4641
leaves_iso_1600,1,1.567328000,75.67,7679926,3008x2000,10.2126
leaves_iso_1600,2,1.504730540,72.19,6631443,3008x2000,8.8184
leaves_iso_1600,3,1.407345106,68.79,5784305,3008x2000,7.6918
leaves_iso_1600,4,1.390594346,67.77,5135821,3008x2000,6.8295
leaves_iso_1600,5,1.290696347,63.87,4560553,3008x2000,6.0645
leaves_iso_1600,6,1.269034725,62.45,4116687,3008x2000,5.4743
leaves_iso_1600,7,1.267307840,62.10,3705424,3008x2000,4.9274
leaves_iso_1600,8,1.193138683,58.88,3387242,3008x2000,4.5043
leaves_iso_1600,9,1.159936613,57.85,3078555,3008x2000,4.0938
leaves_iso_1600,10,1.098048244,55.07,2837836,3008x2000,3.7737
leaves_iso_1600,11,1.101851543,55.34,2626509,3008x2000,3.4926
leaves_iso_1600,12,1.079408089,53.58,2418852,3008x2000,3.2165
leaves_iso_1600,13,1.021971042,50.95,2255244,3008x2000,2.9989
leaves_iso_1600,14,1.009605172,50.72,2111405,3008x2000,2.8077
leaves_iso_1600,15,0.991083128,49.67,1982769,3008x2000,2.6366
leaves_iso_1600,16,0.962478040,48.67,1853067,3008x2000,2.4641
leaves_iso_1600,17,0.947462303,47.50,1750163,3008x2000,2.3273
leaves_iso_1600,18,0.945908109,47.36,1657991,3008x2000,2.2047
leaves_iso_1600,19,0.940142156,46.91,1572991,3008x2000,2.0917
leaves_iso_1600,20,0.919418196,45.74,1485303,3008x2000,1.9751
leaves_iso_1600,21,0.902827106,44.54,1414515,3008x2000,1.8810
leaves_iso_1600,22,0.852204905,43.33,1349966,3008x2000,1.7951
leaves_iso_1600,23,0.879740521,43.48,1289618,3008x2000,1.7149
leaves_iso_1600,24,0.891669270,43.60,1220177,3008x2000,1.6225
leaves_iso_1600,25,0.868713174,42.29,1123399,3008x2000,1.4938
leaves_iso_1600,26,0.831517805,40.48,1038870,3008x2000,1.3814
leaves_iso_1600,27,0.808569409,39.59,965483,3008x2000,1.2838
leaves_iso_1600,28,0.804886810,38.76,900447,3008x2000,1.1974
leaves_iso_1600,29,0.761704237,38.36,842589,3008x2000,1.1204
leaves_iso_1600,30,0.778963259,37.33,791425,3008x2000,1.0524
leaves_iso_1600,31,0.759230781,36.78,727867,3008x2000,.9679
leaves_iso_1600,32,0.744428396,36.17,668090,3008x2000,.8884
leaves_iso_1600,33,0.697609974,33.83,620795,3008x2000,.8255
leaves_iso_1600,34,0.693223743,33.67,578445,3008x2000,.7692
leaves_iso_1600,35,0.716448089,34.28,533173,3008x2000,.7090
leaves_iso_1600,36,0.703778858,33.19,490525,3008x2000,.6522
leaves_iso_1600,37,0.699860609,32.09,455837,3008x2000,.6061
leaves_iso_1600,38,0.694868997,31.65,421110,3008x2000,.5599
leaves_iso_1600,39,0.662595919,30.63,389275,3008x2000,.5176
leaves_iso_1600,40,0.675136370,30.36,361741,3008x2000,.4810
leaves_iso_1600,41,0.652294465,29.81,333361,3008x2000,.4432
leaves_iso_1600,42,0.665450197,29.41,310066,3008x2000,.4123
leaves_iso_1600,43,0.617442212,27.52,286587,3008x2000,.3810
leaves_iso_1600,44,0.608593650,27.48,266212,3008x2000,.3540
leaves_iso_1600,45,0.636364017,27.14,246353,3008x2000,.3275
leaves_iso_1600,46,0.605318842,26.46,228272,3008x2000,.3035
leaves_iso_1600,47,0.591860970,26.25,212656,3008x2000,.2827
leaves_iso_1600,48,0.590201786,25.03,196741,3008x2000,.2616
leaves_iso_1600,49,0.595614399,24.75,181909,3008x2000,.2419
leaves_iso_1600,50,0.596651712,24.65,168693,3008x2000,.2243
leaves_iso_1600,51,0.587423350,23.48,155795,3008x2000,.2071
leaves_iso_1600,52,0.580384453,23.14,143598,3008x2000,.1909
leaves_iso_1600,53,0.549425408,22.42,132444,3008x2000,.1761
leaves_iso_1600,54,0.535723395,20.71,121829,3008x2000,.1620
leaves_iso_1600,55,0.481658926,20.60,111220,3008x2000,.1478
leaves_iso_1600,56,0.516691569,20.51,101359,3008x2000,.1347
leaves_iso_1600,57,0.504261339,20.14,92062,3008x2000,.1224
leaves_iso_1600,58,0.537655620,19.28,83129,3008x2000,.1105
leaves_iso_1600,59,0.498420175,18.51,74335,3008x2000,.0988
leaves_iso_1600,60,0.474867250,18.75,65549,3008x2000,.0871
leaves_iso_1600,61,0.483234720,18.64,57436,3008x2000,.0763
leaves_iso_1600,62,0.485038893,18.66,47404,3008x2000,.0630
leaves_iso_1600,63,0.451877514,17.61,35555,3008x2000,.0472
leaves_iso_200,0,1.541152217,72.44,7791505,3008x2000,10.3610
leaves_iso_200,1,1.410581354,69.96,5776707,3008x2000,7.6817
leaves_iso_200,2,1.311650626,65.28,4742840,3008x2000,6.3069
leaves_iso_200,3,1.258052578,62.90,3957243,3008x2000,5.2622
leaves_iso_200,4,1.182553697,59.40,3421812,3008x2000,4.5502
leaves_iso_200,5,1.158431510,58.14,2971226,3008x2000,3.9510
leaves_iso_200,6,1.097585513,55.66,2654640,3008x2000,3.5301
leaves_iso_200,7,1.050266440,53.83,2373845,3008x2000,3.1567
leaves_iso_200,8,1.018306533,52.23,2166999,3008x2000,2.8816
leaves_iso_200,9,0.986041066,50.21,1973632,3008x2000,2.6245
leaves_iso_200,10,0.925906421,48.41,1829572,3008x2000,2.4329
leaves_iso_200,11,0.934068541,47.50,1705085,3008x2000,2.2674
leaves_iso_200,12,0.928931858,47.43,1584159,3008x2000,2.1065
leaves_iso_200,13,0.886536677,44.96,1490133,3008x2000,1.9815
leaves_iso_200,14,0.872035052,43.86,1408145,3008x2000,1.8725
leaves_iso_200,15,0.873818437,44.02,1334268,3008x2000,1.7742
leaves_iso_200,16,0.883065939,44.10,1260088,3008x2000,1.6756
leaves_iso_200,17,0.842095950,42.88,1200651,3008x2000,1.5966
leaves_iso_200,18,0.849018447,42.07,1147526,3008x2000,1.5259
leaves_iso_200,19,0.837988970,41.21,1098729,3008x2000,1.4610
leaves_iso_200,20,0.799341098,39.88,1047672,3008x2000,1.3931
leaves_iso_200,21,0.825806541,41.05,1007234,3008x2000,1.3394
leaves_iso_200,22,0.816236798,40.25,970493,3008x2000,1.2905
leaves_iso_200,23,0.800258800,39.38,934473,3008x2000,1.2426
leaves_iso_200,24,0.786733118,39.27,893207,3008x2000,1.1877
leaves_iso_200,25,0.761965718,37.65,835475,3008x2000,1.1110
leaves_iso_200,26,0.759273961,37.45,785276,3008x2000,1.0442
leaves_iso_200,27,0.746648582,36.51,740719,3008x2000,.9849
leaves_iso_200,28,0.721787082,35.84,701370,3008x2000,.9326
leaves_iso_200,29,0.725182850,35.15,665092,3008x2000,.8844
leaves_iso_200,30,0.770127878,35.98,632883,3008x2000,.8415
leaves_iso_200,31,0.715103375,34.44,591926,3008x2000,.7871
leaves_iso_200,32,0.717789422,33.97,551618,3008x2000,.7335
leaves_iso_200,33,0.702581856,33.56,520102,3008x2000,.6916
leaves_iso_200,34,0.741157068,33.72,491920,3008x2000,.6541
leaves_iso_200,35,0.741913740,33.07,460077,3008x2000,.6118
leaves_iso_200,36,0.696465441,32.07,429752,3008x2000,.5714
leaves_iso_200,37,0.678138577,30.89,404349,3008x2000,.5376
leaves_iso_200,38,0.674443108,30.94,377960,3008x2000,.5026
leaves_iso_200,39,0.668407553,30.17,353072,3008x2000,.4695
leaves_iso_200,40,0.619682236,28.21,331103,3008x2000,.4402
leaves_iso_200,41,0.654239769,28.86,308508,3008x2000,.4102
leaves_iso_200,42,0.626794443,27.89,289175,3008x2000,.3845
leaves_iso_200,43,0.653285338,27.81,269501,3008x2000,.3583
leaves_iso_200,44,0.643480854,27.64,251771,3008x2000,.3348
leaves_iso_200,45,0.620724789,26.49,234561,3008x2000,.3119
leaves_iso_200,46,0.588574551,25.46,218085,3008x2000,.2900
leaves_iso_200,47,0.604004239,25.05,203896,3008x2000,.2711
leaves_iso_200,48,0.585931286,24.94,189140,3008x2000,.2515
leaves_iso_200,49,0.590502467,24.26,175517,3008x2000,.2334
leaves_iso_200,50,0.574422368,24.01,163319,3008x2000,.2171
leaves_iso_200,51,0.556274165,22.81,151237,3008x2000,.2011
leaves_iso_200,52,0.551159783,22.11,139589,3008x2000,.1856
leaves_iso_200,53,0.550906072,22.04,128704,3008x2000,.1711
leaves_iso_200,54,0.523286786,20.60,118527,3008x2000,.1576
leaves_iso_200,55,0.539121423,21.80,108647,3008x2000,.1444
leaves_iso_200,56,0.511872898,20.64,98914,3008x2000,.1315
leaves_iso_200,57,0.503535418,19.48,89875,3008x2000,.1195
leaves_iso_200,58,0.499998429,19.54,81042,3008x2000,.1077
leaves_iso_200,59,0.487289669,19.17,72575,3008x2000,.0965
leaves_iso_200,60,0.482053836,17.75,64004,3008x2000,.0851
leaves_iso_200,61,0.487175869,17.75,55889,3008x2000,.0743
leaves_iso_200,62,0.452833336,17.55,46155,3008x2000,.0613
leaves_iso_200,63,0.436055636,17.48,34358,3008x2000,.0456
nightshot_iso_100,0,1.782395846,87.21,6349727,3136x2352,6.8870
nightshot_iso_100,1,1.421694751,74.42,4014640,3136x2352,4.3543
nightshot_iso_100,2,1.210511724,63.59,2701576,3136x2352,2.9301
nightshot_iso_100,3,1.101048081,57.93,1913272,3136x2352,2.0751
nightshot_iso_100,4,1.006986116,52.54,1497304,3136x2352,1.6240
nightshot_iso_100,5,0.925636471,47.09,1219263,3136x2352,1.3224
nightshot_iso_100,6,0.938032460,45.09,1029475,3136x2352,1.1165
nightshot_iso_100,7,0.856568865,41.63,881898,3136x2352,.9565
nightshot_iso_100,8,0.820643688,43.15,782544,3136x2352,.8487
nightshot_iso_100,9,0.811550737,35.79,704940,3136x2352,.7645
nightshot_iso_100,10,0.804013699,34.77,643638,3136x2352,.6981
nightshot_iso_100,11,0.809909553,34.30,599116,3136x2352,.6498
nightshot_iso_100,12,0.778639248,32.71,552042,3136x2352,.5987
nightshot_iso_100,13,0.797640184,32.96,519297,3136x2352,.5632
nightshot_iso_100,14,0.804508260,32.79,491483,3136x2352,.5330
nightshot_iso_100,15,0.732412478,30.37,463942,3136x2352,.5031
nightshot_iso_100,16,0.729295120,30.54,436217,3136x2352,.4731
nightshot_iso_100,17,0.747911945,30.11,415259,3136x2352,.4503
nightshot_iso_100,18,0.713384892,29.62,397504,3136x2352,.4311
nightshot_iso_100,19,0.694426946,29.78,378362,3136x2352,.4103
nightshot_iso_100,20,0.682088016,28.39,360891,3136x2352,.3914
nightshot_iso_100,21,0.725697841,28.84,346965,3136x2352,.3763
nightshot_iso_100,22,0.685624435,27.94,335085,3136x2352,.3634
nightshot_iso_100,23,0.676300023,28.18,322688,3136x2352,.3499
nightshot_iso_100,24,0.720287648,27.43,306350,3136x2352,.3322
nightshot_iso_100,25,0.666623839,26.99,286185,3136x2352,.3104
nightshot_iso_100,26,0.690712987,27.17,268126,3136x2352,.2908
nightshot_iso_100,27,0.708565710,26.88,252317,3136x2352,.2736
nightshot_iso_100,28,0.665683467,26.34,236909,3136x2352,.2569
nightshot_iso_100,29,0.667046350,26.99,222663,3136x2352,.2415
nightshot_iso_100,30,0.650324821,25.36,210194,3136x2352,.2279
nightshot_iso_100,31,0.657682867,25.93,193505,3136x2352,.2098
nightshot_iso_100,32,0.658967331,25.20,178873,3136x2352,.1940
nightshot_iso_100,33,0.638423182,24.24,166949,3136x2352,.1810
nightshot_iso_100,34,0.644194826,25.21,157442,3136x2352,.1707
nightshot_iso_100,35,0.615651407,24.54,145412,3136x2352,.1577
nightshot_iso_100,36,0.624067307,23.52,134577,3136x2352,.1459
nightshot_iso_100,37,0.576859994,23.35,126036,3136x2352,.1367
nightshot_iso_100,38,0.615771647,23.26,116795,3136x2352,.1266
nightshot_iso_100,39,0.602979497,23.08,108761,3136x2352,.1179
nightshot_iso_100,40,0.605655543,22.68,101411,3136x2352,.1099
nightshot_iso_100,41,0.595525249,22.80,93672,3136x2352,.1015
nightshot_iso_100,42,0.603127587,22.97,87200,3136x2352,.0945
nightshot_iso_100,43,0.582670298,22.84,80399,3136x2352,.0872
nightshot_iso_100,44,0.560373805,22.39,73758,3136x2352,.0799
nightshot_iso_100,45,0.558204289,21.09,67944,3136x2352,.0736
nightshot_iso_100,46,0.563847452,21.04,62358,3136x2352,.0676
nightshot_iso_100,47,0.546733702,20.99,58014,3136x2352,.0629
nightshot_iso_100,48,0.565260926,20.79,52977,3136x2352,.0574
nightshot_iso_100,49,0.543256593,20.16,49130,3136x2352,.0532
nightshot_iso_100,50,0.552874516,19.90,45349,3136x2352,.0491
nightshot_iso_100,51,0.546436162,19.97,41498,3136x2352,.0450
nightshot_iso_100,52,0.535190944,19.69,38651,3136x2352,.0419
nightshot_iso_100,53,0.525412741,18.98,35813,3136x2352,.0388
nightshot_iso_100,54,0.510535985,19.08,33274,3136x2352,.0360
nightshot_iso_100,55,0.486171956,18.80,30855,3136x2352,.0334
nightshot_iso_100,56,0.488863853,18.34,28311,3136x2352,.0307
nightshot_iso_100,57,0.495662720,18.58,25795,3136x2352,.0279
nightshot_iso_100,58,0.491983951,18.22,23252,3136x2352,.0252
nightshot_iso_100,59,0.452748916,18.30,20817,3136x2352,.0225
nightshot_iso_100,60,0.460869475,17.50,18327,3136x2352,.0198
nightshot_iso_100,61,0.465563907,17.56,15849,3136x2352,.0171
nightshot_iso_100,62,0.442690602,17.04,12952,3136x2352,.0140
nightshot_iso_100,63,0.454783411,17.00,9518,3136x2352,.0103
nightshot_iso_1600,0,1.738815941,76.09,10650033,3136x2352,11.5512
nightshot_iso_1600,1,1.448876107,61.45,8908446,3136x2352,9.6622
nightshot_iso_1600,2,1.344173644,55.95,7676014,3136x2352,8.3255
nightshot_iso_1600,3,1.288462141,54.84,6701033,3136x2352,7.2680
nightshot_iso_1600,4,1.245000147,52.48,5926043,3136x2352,6.4274
nightshot_iso_1600,5,1.181997866,49.91,5249692,3136x2352,5.6939
nightshot_iso_1600,6,1.140969367,47.84,4715280,3136x2352,5.1142
nightshot_iso_1600,7,1.126277392,46.57,4214647,3136x2352,4.5712
nightshot_iso_1600,8,1.056993786,45.27,3815869,3136x2352,4.1387
nightshot_iso_1600,9,1.068211472,43.97,3448592,3136x2352,3.7404
nightshot_iso_1600,10,1.030519302,43.08,3127757,3136x2352,3.3924
nightshot_iso_1600,11,0.988791762,41.49,2830686,3136x2352,3.0702
nightshot_iso_1600,12,0.973051624,40.40,2539573,3136x2352,2.7544
nightshot_iso_1600,13,0.941082027,38.79,2313440,3136x2352,2.5091
nightshot_iso_1600,14,0.901360672,38.16,2113978,3136x2352,2.2928
nightshot_iso_1600,15,0.873187155,35.58,1937095,3136x2352,2.1010
nightshot_iso_1600,16,0.868959445,35.76,1766322,3136x2352,1.9157
nightshot_iso_1600,17,0.839865305,34.44,1628463,3136x2352,1.7662
nightshot_iso_1600,18,0.791048737,34.05,1507448,3136x2352,1.6350
nightshot_iso_1600,19,0.800062100,33.32,1400012,3136x2352,1.5184
nightshot_iso_1600,20,0.777308884,33.18,1294113,3136x2352,1.4036
nightshot_iso_1600,21,0.790306206,33.08,1207375,3136x2352,1.3095
nightshot_iso_1600,22,0.772135682,32.19,1129803,3136x2352,1.2254
nightshot_iso_1600,23,0.766656689,31.43,1059286,3136x2352,1.1489
nightshot_iso_1600,24,0.752318645,30.55,970481,3136x2352,1.0526
nightshot_iso_1600,25,0.732035667,30.27,859870,3136x2352,.9326
nightshot_iso_1600,26,0.704368760,28.94,766078,3136x2352,.8309
nightshot_iso_1600,27,0.691277548,27.93,686131,3136x2352,.7441
nightshot_iso_1600,28,0.678958408,27.86,617373,3136x2352,.6696
nightshot_iso_1600,29,0.620247868,26.37,556961,3136x2352,.6040
nightshot_iso_1600,30,0.643144173,26.08,504764,3136x2352,.5474
nightshot_iso_1600,31,0.666004978,25.62,441024,3136x2352,.4783
nightshot_iso_1600,32,0.636627577,24.58,385320,3136x2352,.4179
nightshot_iso_1600,33,0.625452920,23.92,340451,3136x2352,.3692
nightshot_iso_1600,34,0.619866797,23.20,302699,3136x2352,.3283
nightshot_iso_1600,35,0.623385916,23.79,264297,3136x2352,.2866
nightshot_iso_1600,36,0.568102703,24.20,229050,3136x2352,.2484
nightshot_iso_1600,37,0.594062425,23.49,200874,3136x2352,.2178
nightshot_iso_1600,38,0.577171284,22.41,174293,3136x2352,.1890
nightshot_iso_1600,39,0.543036443,21.26,150994,3136x2352,.1637
nightshot_iso_1600,40,0.555773784,20.85,132093,3136x2352,.1432
nightshot_iso_1600,41,0.552577746,21.31,114117,3136x2352,.1237
nightshot_iso_1600,42,0.550444011,20.21,100102,3136x2352,.1085
nightshot_iso_1600,43,0.541492249,20.44,87052,3136x2352,.0944
nightshot_iso_1600,44,0.532501037,19.57,76746,3136x2352,.0832
nightshot_iso_1600,45,0.516775180,19.32,67803,3136x2352,.0735
nightshot_iso_1600,46,0.519033195,19.62,60250,3136x2352,.0653
nightshot_iso_1600,47,0.490674017,18.98,54223,3136x2352,.0588
nightshot_iso_1600,48,0.509197922,18.87,48561,3136x2352,.0526
nightshot_iso_1600,49,0.486167817,18.31,44007,3136x2352,.0477
nightshot_iso_1600,50,0.489689855,18.30,40350,3136x2352,.0437
nightshot_iso_1600,51,0.486974148,18.35,37269,3136x2352,.0404
nightshot_iso_1600,52,0.487625230,17.87,34277,3136x2352,.0371
nightshot_iso_1600,53,0.462567820,18.17,31744,3136x2352,.0344
nightshot_iso_1600,54,0.475471121,17.70,29303,3136x2352,.0317
nightshot_iso_1600,55,0.464000653,18.22,26986,3136x2352,.0292
nightshot_iso_1600,56,0.463097621,17.44,24677,3136x2352,.0267
nightshot_iso_1600,57,0.459111962,17.72,22588,3136x2352,.0244
nightshot_iso_1600,58,0.443740025,17.26,20589,3136x2352,.0223
nightshot_iso_1600,59,0.435584305,17.12,18525,3136x2352,.0200
nightshot_iso_1600,60,0.433757290,17.01,16534,3136x2352,.0179
nightshot_iso_1600,61,0.434760553,16.58,14392,3136x2352,.0156
nightshot_iso_1600,62,0.418310663,16.13,11896,3136x2352,.0129
nightshot_iso_1600,63,0.421148581,17.03,8783,3136x2352,.0095
spider_web,0,1.493749933,83.53,8058649,4256x2848,5.3187
spider_web,1,1.122985265,58.41,3766643,4256x2848,2.4860
spider_web,2,1.001566773,49.96,2460787,4256x2848,1.6241
spider_web,3,0.989708625,44.33,1846988,4256x2848,1.2190
spider_web,4,0.958454950,45.23,1488370,4256x2848,.9823
spider_web,5,0.927301455,41.30,1204219,4256x2848,.7947
spider_web,6,0.905935233,39.53,1014539,4256x2848,.6696
spider_web,7,0.922263333,41.33,845573,4256x2848,.5580
spider_web,8,0.893525764,37.46,725767,4256x2848,.4790
spider_web,9,0.892459851,37.98,615152,4256x2848,.4060
spider_web,10,0.853309157,35.32,533517,4256x2848,.3521
spider_web,11,0.858468349,35.59,467716,4256x2848,.3086
spider_web,12,0.843173433,36.16,404197,4256x2848,.2667
spider_web,13,0.836146446,32.57,358670,4256x2848,.2367
spider_web,14,0.857048396,36.56,321181,4256x2848,.2119
spider_web,15,0.874833169,38.93,289443,4256x2848,.1910
spider_web,16,0.776345103,34.29,259972,4256x2848,.1715
spider_web,17,0.812701669,32.01,239098,4256x2848,.1578
spider_web,18,0.801704854,30.92,221711,4256x2848,.1463
spider_web,19,0.790762927,34.26,206563,4256x2848,.1363
spider_web,20,0.806326584,31.28,192176,4256x2848,.1268
spider_web,21,0.809318082,30.23,181205,4256x2848,.1195
spider_web,22,0.779881101,31.42,171742,4256x2848,.1133
spider_web,23,0.801550663,31.28,163123,4256x2848,.1076
spider_web,24,0.768667394,30.47,152891,4256x2848,.1009
spider_web,25,0.740163276,31.17,140352,4256x2848,.0926
spider_web,26,0.769691316,32.22,129908,4256x2848,.0857
spider_web,27,0.755346623,32.24,120941,4256x2848,.0798
spider_web,28,0.749265067,28.04,113349,4256x2848,.0748
spider_web,29,0.712329189,31.56,106815,4256x2848,.0704
spider_web,30,0.711354207,31.24,101246,4256x2848,.0668
spider_web,31,0.720432309,28.15,93813,4256x2848,.0619
spider_web,32,0.744582107,30.71,87075,4256x2848,.0574
spider_web,33,0.722591543,28.28,82059,4256x2848,.0541
spider_web,34,0.736002916,30.17,77287,4256x2848,.0510
spider_web,35,0.699903819,29.38,72163,4256x2848,.0476
spider_web,36,0.707979598,28.06,67294,4256x2848,.0444
spider_web,37,0.714203613,27.19,63151,4256x2848,.0416
spider_web,38,0.697921345,26.94,58701,4256x2848,.0387
spider_web,39,0.704056329,27.26,54792,4256x2848,.0361
spider_web,40,0.707435418,28.83,51558,4256x2848,.0340
spider_web,41,0.682230416,28.14,48102,4256x2848,.0317
spider_web,42,0.692669011,31.53,45111,4256x2848,.0297
spider_web,43,0.677746026,30.88,42104,4256x2848,.0277
spider_web,44,0.678594499,26.06,39657,4256x2848,.0261
spider_web,45,0.670625489,25.18,37171,4256x2848,.0245
spider_web,46,0.679382300,25.84,34837,4256x2848,.0229
spider_web,47,0.666437439,25.01,32644,4256x2848,.0215
spider_web,48,0.677843177,26.07,30566,4256x2848,.0201
spider_web,49,0.664056593,24.94,28731,4256x2848,.0189
spider_web,50,0.662339388,25.08,26969,4256x2848,.0177
spider_web,51,0.667734112,26.14,25210,4256x2848,.0166
spider_web,52,0.670260628,25.49,23609,4256x2848,.0155
spider_web,53,0.664926355,24.96,21947,4256x2848,.0144
spider_web,54,0.655273742,24.36,20560,4256x2848,.0135
spider_web,55,0.655571583,24.73,19103,4256x2848,.0126
spider_web,56,0.657968169,25.11,17889,4256x2848,.0118
spider_web,57,0.655482712,28.29,16452,4256x2848,.0108
spider_web,58,0.657229227,25.32,15131,4256x2848,.0099
spider_web,59,0.644048095,27.87,13866,4256x2848,.0091
spider_web,60,0.645321739,24.60,12549,4256x2848,.0082
spider_web,61,0.644579297,23.91,11232,4256x2848,.0074
spider_web,62,0.660832595,25.15,9547,4256x2848,.0063
spider_web,63,0.641636840,23.82,7746,4256x2848,.0051
