filename,codec,q_flag,ssim,psnr,mse
artificial.png,AVIF,0,0.999110417849296,55.628581198937766,0.17791896396213108
artificial.png,AVIF,1,0.9984598431606426,52.998338914407945,0.326021671295166
artificial.png,AVIF,2,0.9981309777348129,51.987670810099225,0.41144641240437824
artificial.png,AVIF,3,0.9977856101713144,50.99311531530447,0.5173313882615831
artificial.png,AVIF,4,0.9974499688072639,50.254052537015056,0.613303025563558
artificial.png,AVIF,5,0.9970833681813072,49.46680350612713,0.7351907094319662
artificial.png,AVIF,6,0.9967220251938926,48.870786846701165,0.8433380126953125
artificial.png,AVIF,7,0.9965902093108999,48.38954979703749,0.9421615600585938
artificial.png,AVIF,8,0.9962720273045241,47.91350809102383,1.0513069894578722
artificial.png,AVIF,9,0.9958430538276297,47.36667625354724,1.1923746532864041
artificial.png,AVIF,10,0.9955030593364832,46.98499777007452,1.3019088639153376
artificial.png,AVIF,11,0.995124073293764,46.59933476781067,1.4228099187215169
artificial.png,AVIF,12,0.9946982190546522,46.15036938065615,1.5777690145704482
artificial.png,AVIF,13,0.9943270687471635,45.82864666663354,1.6990873018900554
artificial.png,AVIF,14,0.993936624152871,45.513288206444145,1.8270546595255535
artificial.png,AVIF,15,0.9935350230319916,45.212587838783094,1.9580400784810383
artificial.png,AVIF,16,0.9931149905298096,44.87358362209862,2.117005560133192
artificial.png,AVIF,17,0.9926767390065855,44.58343758826502,2.2632712258232965
artificial.png,AVIF,18,0.9922381004594009,44.3109112068905,2.409845723046197
artificial.png,AVIF,19,0.9917540968526304,44.0064289750346,2.5848626030815973
artificial.png,AVIF,20,0.9911966401380606,43.694384972509056,2.7774219512939453
artificial.png,AVIF,21,0.9907722401669938,43.4455851950948,2.94118160671658
artificial.png,AVIF,22,0.9902617738707434,43.195839766568476,3.1152749591403537
artificial.png,AVIF,23,0.9897524216050438,42.95215420824337,3.2950722376505532
artificial.png,AVIF,24,0.9890908377945715,42.64814118535266,3.5339975357055664
artificial.png,AVIF,25,0.9880104054483742,42.220023387745826,3.9001204702589245
artificial.png,AVIF,26,0.9869531786368848,41.80814406697229,4.288110362158881
artificial.png,AVIF,27,0.9858661042582844,41.39457417737052,4.716533713870579
artificial.png,AVIF,28,0.9847772031906873,41.02291705674989,5.1379355854458275
artificial.png,AVIF,29,0.9835758524552187,40.659974086537446,5.585768752627903
artificial.png,AVIF,30,0.9824793496578984,40.34153263204942,6.010728306240505
artificial.png,AVIF,31,0.9809766271553272,39.9082955657689,6.641264915466309
artificial.png,AVIF,32,0.9791248947952147,39.43758658085004,7.401533391740587
artificial.png,AVIF,33,0.9775387711778036,39.070943598313264,8.053524812062582
artificial.png,AVIF,34,0.9758481683908408,38.6899280826783,8.79199743270874
artificial.png,AVIF,35,0.9737021347470491,38.28147960181634,9.659005218082005
artificial.png,AVIF,36,0.9714966410021646,37.822390793617565,10.735969808366564
artificial.png,AVIF,37,0.9696336535102329,37.45429950494858,11.685583697424995
artificial.png,AVIF,38,0.9670142945777377,37.03468516645982,12.870986779530844
artificial.png,AVIF,39,0.9645643487395746,36.62446272379596,14.146014160580105
artificial.png,AVIF,40,0.9618878856633608,36.25722677075421,15.394219822353786
artificial.png,AVIF,41,0.9590211215797707,35.845989568780844,16.92315779791938
artificial.png,AVIF,42,0.9558975550108282,35.45913529215976,18.499791410234238
artificial.png,AVIF,43,0.9525122250046313,35.05586217465998,20.29991144604153
artificial.png,AVIF,44,0.9490570540072047,34.67836818726613,22.14336109161377
artificial.png,AVIF,45,0.9452779243945622,34.274820180357125,24.299556255340576
artificial.png,AVIF,46,0.9412419187699554,33.88173933063766,26.601518472035725
artificial.png,AVIF,47,0.9361801441668768,33.489788720060936,29.11397393544515
artificial.png,AVIF,48,0.931884849539296,33.09558875899112,31.880232863956028
artificial.png,AVIF,49,0.928356164136828,32.71315890518096,34.814845350053574
artificial.png,AVIF,50,0.9223758713845125,32.328522811421664,38.03891139560275
artificial.png,AVIF,51,0.9185837011156872,31.95476146059842,41.457605520884194
artificial.png,AVIF,52,0.9130819368461949,31.57415203514315,45.25485287772285
artificial.png,AVIF,53,0.9079056258179823,31.20977207796633,49.215641816457115
artificial.png,AVIF,54,0.9024769721825441,30.811131282490557,53.94699181450738
artificial.png,AVIF,55,0.8968189767425437,30.4207820380718,59.02040115992228
artificial.png,AVIF,56,0.8901178572137095,30.010652788111962,64.86569595336914
artificial.png,AVIF,57,0.8560502267556404,29.60434869344317,71.2271375656128
artificial.png,AVIF,58,0.8780102361757066,29.179160855315708,78.55327124065823
artificial.png,AVIF,59,0.8702149212210099,28.71828062716167,87.34786579344008
artificial.png,AVIF,60,0.8632732210803801,28.225873943142638,97.8347110218472
artificial.png,AVIF,61,0.8519846734116084,27.694021947658637,110.58040242724948
artificial.png,AVIF,62,0.844611124003116,26.951606182307444,131.1957427660624
artificial.png,AVIF,63,0.8284569982447985,25.737440153211217,173.5147287050883
big_building.png,AVIF,0,0.9978165215994296,52.99508502131871,0.3262660301844905
big_building.png,AVIF,1,0.9953143069109675,47.938747665239916,1.0452149052583048
big_building.png,AVIF,2,0.9941473072013475,46.588872388652604,1.4262416735359653
big_building.png,AVIF,3,0.9930475002220815,45.48724874570897,1.838042234169066
big_building.png,AVIF,4,0.9919134037146491,44.53639039054372,2.2879225660012596
big_building.png,AVIF,5,0.9907002188469491,43.62862713968081,2.819795719279759
big_building.png,AVIF,6,0.9894476713422964,42.87380314916155,3.3550581049803645
big_building.png,AVIF,7,0.988262733079998,42.161218644165714,3.9532883848353197
big_building.png,AVIF,8,0.9870843456333318,41.59209016354336,4.506831742879009
big_building.png,AVIF,9,0.9858357594726561,41.01766290536908,5.144155288622529
big_building.png,AVIF,10,0.984767487929722,40.57605536542696,5.694752111865505
big_building.png,AVIF,11,0.9836316600874102,40.155380576567936,6.273968056873423
big_building.png,AVIF,12,0.9824117762209351,39.719319703392294,6.936627774896223
big_building.png,AVIF,13,0.9813143640858712,39.36927460887692,7.518875608813788
big_building.png,AVIF,14,0.9803243742128883,39.05921443782172,8.075304678320165
big_building.png,AVIF,15,0.9792693232161152,38.75743521056282,8.656390501398715
big_building.png,AVIF,16,0.9781237394176598,38.4331432169617,9.327516783690564
big_building.png,AVIF,17,0.9770763060976579,38.17033155531929,9.9093964853363
big_building.png,AVIF,18,0.9761123184000252,37.92892936939911,10.4758054389277
big_building.png,AVIF,19,0.9750957084952357,37.692298010795035,11.062430615644848
big_building.png,AVIF,20,0.9739664868023248,37.435064505144965,11.737454192156818
big_building.png,AVIF,21,0.9729462460431892,37.22244737356877,12.32638202641853
big_building.png,AVIF,22,0.9720394151261359,37.02880150474428,12.888435735389152
big_building.png,AVIF,23,0.9710096068699297,36.83904419017522,13.464057009170173
big_building.png,AVIF,24,0.9697325010497543,36.603852486317095,14.213306200286352
big_building.png,AVIF,25,0.9678046363746501,36.26796204562139,15.356214021536003
big_building.png,AVIF,26,0.9658385239225972,35.97763410018318,16.417875229636696
big_building.png,AVIF,27,0.9639546706614309,35.69805359020988,17.509550689483664
big_building.png,AVIF,28,0.9620692465029845,35.44102011171389,18.577118427528763
big_building.png,AVIF,29,0.960044529384094,35.19149851848384,19.675714355850975
big_building.png,AVIF,30,0.9581496008449937,34.96084752689468,20.748925349091476
big_building.png,AVIF,31,0.9553077670120012,34.647871147776684,22.299403504516803
big_building.png,AVIF,32,0.952475276003263,34.34494571647102,23.910342063761295
big_building.png,AVIF,33,0.9497353007246155,34.083847930129195,25.39192156305634
big_building.png,AVIF,34,0.9469414715296087,33.8330248117737,26.901585679615362
big_building.png,AVIF,35,0.943401323837808,33.55486267392342,28.680987054717857
big_building.png,AVIF,36,0.9396736834804407,33.26058914759142,30.691735450128892
big_building.png,AVIF,37,0.9360864850151781,32.99680000021666,32.613721692139066
big_building.png,AVIF,38,0.9318492735386728,32.70844799517934,34.85263044634327
big_building.png,AVIF,39,0.9272992781515225,32.430149160451435,37.15912208041149
big_building.png,AVIF,40,0.922806809143111,32.176479904856315,39.39420770458082
big_building.png,AVIF,41,0.9173428995763288,31.889758938888576,42.08278438691714
big_building.png,AVIF,42,0.9121381275111462,31.63202378338442,44.65581115184892
big_building.png,AVIF,43,0.9061729021857646,31.35079275165806,47.64321778469624
big_building.png,AVIF,44,0.9001320647106006,31.08325197372588,50.67049693230504
big_building.png,AVIF,45,0.8933210207729542,30.802430708731695,54.05517653209942
big_building.png,AVIF,46,0.8862837246721342,30.521042423025584,57.673474843276196
big_building.png,AVIF,47,0.8791357795966082,30.252998145002543,61.34519430248349
big_building.png,AVIF,48,0.8711436649378793,29.966905414447954,65.52240343070257
big_building.png,AVIF,49,0.8626792567210049,29.679807067214284,70.00026016785944
big_building.png,AVIF,50,0.853676092600698,29.391487735211996,74.80516536778198
big_building.png,AVIF,51,0.8442753851874694,29.101867019488203,79.96384320566271
big_building.png,AVIF,52,0.8343745711053921,28.80999438677952,85.52260525049314
big_building.png,AVIF,53,0.8235791646359965,28.51384204320802,91.5579703171868
big_building.png,AVIF,54,0.8122732680484761,28.212474557342453,98.13702880093456
big_building.png,AVIF,55,0.7999586639705365,27.90341531312741,105.37530133414617
big_building.png,AVIF,56,0.7869354890151511,27.58640523637441,113.35477969694784
big_building.png,AVIF,57,0.7729479876269265,27.26626629319295,122.0263810516746
big_building.png,AVIF,58,0.7576202513965231,26.93579252252733,131.67432739425786
big_building.png,AVIF,59,0.7399753139891354,26.589880219597802,142.59107359388324
big_building.png,AVIF,60,0.7204934593477427,26.220638460120583,155.2446043485392
big_building.png,AVIF,61,0.6979025322447666,25.80250384849139,170.93459842120845
big_building.png,AVIF,62,0.6664786534323521,25.222968823956677,195.33653446237017
big_building.png,AVIF,63,0.6318248946269228,24.475260066287593,232.03545719791884
big_tree.png,AVIF,0,0.9975974671330622,53.06773805738977,0.32085333304452884
big_tree.png,AVIF,1,0.9946223171664231,47.60532963090139,1.1286191053799464
big_tree.png,AVIF,2,0.9931087583932632,46.20346501480913,1.5585970840372942
big_tree.png,AVIF,3,0.9913539354620337,44.95360048219381,2.0783577854471416
big_tree.png,AVIF,4,0.9892950714936658,43.83120122504081,2.6912883929473943
big_tree.png,AVIF,5,0.9868510778393764,42.75395247092132,3.448935827641478
big_tree.png,AVIF,6,0.9841743182073643,41.83436450725081,4.262298980038796
big_tree.png,AVIF,7,0.9811297378063683,40.954492846093544,5.21952613199328
big_tree.png,AVIF,8,0.9780820355547831,40.22933419728751,6.168036586715956
big_tree.png,AVIF,9,0.9745819472238394,39.51651404060835,7.268234935235593
big_tree.png,AVIF,10,0.9712621652882298,38.94400436092966,8.292393924516132
big_tree.png,AVIF,11,0.9678219321110648,38.41487386873916,9.366837241820816
big_tree.png,AVIF,12,0.9639818073550455,37.89003705367567,10.57004060109842
big_tree.png,AVIF,13,0.9603483142280493,37.45238550606111,11.690734838967428
big_tree.png,AVIF,14,0.9567950502172362,37.06340839435095,12.786141945001997
big_tree.png,AVIF,15,0.9531479304702734,36.69692589529265,13.91194241479064
big_tree.png,AVIF,16,0.9491542808608611,36.32414331696923,15.15884209854972
big_tree.png,AVIF,17,0.9455415242884616,36.01447717194524,16.279184440176557
big_tree.png,AVIF,18,0.9421095281304387,35.74175860738784,17.334227821018228
big_tree.png,AVIF,19,0.938554965948188,35.47322334664695,18.439877270123656
big_tree.png,AVIF,20,0.9347392225149376,35.197524611805754,19.64843206836965
big_tree.png,AVIF,21,0.9313758389918992,34.96548332581329,20.726789095704994
big_tree.png,AVIF,22,0.9282517444478564,34.764155747009845,21.710248083060172
big_tree.png,AVIF,23,0.9249756598424461,34.55595135396601,22.776407560901646
big_tree.png,AVIF,24,0.9206905485678716,34.295167829951886,24.185973788585482
big_tree.png,AVIF,25,0.9148063938725243,33.95493236544682,26.156951331629386
big_tree.png,AVIF,26,0.9092130632357729,33.64059587451736,28.120353340264643
big_tree.png,AVIF,27,0.9039862939322076,33.35863240247149,30.006622912785858
big_tree.png,AVIF,28,0.8990773198807411,33.098713184381026,31.857305658642716
big_tree.png,AVIF,29,0.8944170111997517,32.852204147265674,33.71785557849947
big_tree.png,AVIF,30,0.8900985435159687,32.63259619100832,35.46669676250163
big_tree.png,AVIF,31,0.8842920211730709,32.33180964550285,38.010133620212464
big_tree.png,AVIF,32,0.8787531178119555,32.048588605654864,40.57154069977329
big_tree.png,AVIF,33,0.873957650771915,31.804512958104535,42.91697123507242
big_tree.png,AVIF,34,0.8695632954198067,31.579692421469478,45.19715711686474
big_tree.png,AVIF,35,0.8646147383007374,31.326990771585287,47.905048446953835
big_tree.png,AVIF,36,0.8596384015197109,31.070752635412195,50.81654068773977
big_tree.png,AVIF,37,0.8551779677894649,30.843832165116908,53.5423149485206
big_tree.png,AVIF,38,0.8504076879662836,30.601237157811298,56.61827651104918
big_tree.png,AVIF,39,0.84571435713218,30.368457401956004,59.73579125211188
big_tree.png,AVIF,40,0.8412294342015776,30.15572845045494,62.73465526370257
big_tree.png,AVIF,41,0.836227644708342,29.922455449470476,66.19646772850452
big_tree.png,AVIF,42,0.8317204529294472,29.720662464341586,69.3448342502876
big_tree.png,AVIF,43,0.8267742211234028,29.501178671707496,72.93945159636684
big_tree.png,AVIF,44,0.8220909812154256,29.30377423189997,76.331348993757
big_tree.png,AVIF,45,0.8172871963055002,29.10617338826897,79.88459211178659
big_tree.png,AVIF,46,0.8124212177517007,28.907547589584276,83.62297265262114
big_tree.png,AVIF,47,0.8080459698517127,28.731292623918854,87.08655250465698
big_tree.png,AVIF,48,0.8032100846612859,28.546257138220966,90.8771391989526
big_tree.png,AVIF,49,0.7985843370877005,28.37002988655119,94.64057543092038
big_tree.png,AVIF,50,0.794017263565409,28.195343147839328,98.52490983283033
big_tree.png,AVIF,51,0.7893629998103302,28.02507456996722,102.46437701260632
big_tree.png,AVIF,52,0.7845694962975958,27.853338584721374,106.59737309449201
big_tree.png,AVIF,53,0.7798078931813434,27.681681818490272,110.89505458404933
big_tree.png,AVIF,54,0.7749160696717408,27.507309634251087,115.43816043570972
big_tree.png,AVIF,55,0.7697852575777405,27.31527200219681,120.65717718877706
big_tree.png,AVIF,56,0.7643578369461039,27.111290010379285,126.45947072966456
big_tree.png,AVIF,57,0.7588606147277417,26.89140662466236,133.02696977901644
big_tree.png,AVIF,58,0.7526226952216305,26.656967782817844,140.4053261204411
big_tree.png,AVIF,59,0.7460342256138701,26.390560748313575,149.28778899703013
big_tree.png,AVIF,60,0.7388264034871588,26.09979882369219,159.62484130193064
big_tree.png,AVIF,61,0.7309217195958199,25.760144298393662,172.60999144416687
big_tree.png,AVIF,62,0.7192339985742277,25.25292518636077,193.99379644337264
big_tree.png,AVIF,63,0.7007000992989153,24.420560111907005,234.9764561883583
bridge.png,AVIF,0,0.9982083015782091,53.00683929036481,0.32538417840888906
bridge.png,AVIF,1,0.9957514866123482,47.509122286753794,1.1538998906418083
bridge.png,AVIF,2,0.99458419008843,46.156774011999325,1.5754439605076684
bridge.png,AVIF,3,0.993228762715443,44.96144237500627,2.074608358748774
bridge.png,AVIF,4,0.9916345341704388,43.88447119914933,2.658479042185513
bridge.png,AVIF,5,0.9896916840589972,42.85967121304588,3.365993240976766
bridge.png,AVIF,6,0.987532938550162,41.9591535795969,4.141569969402646
bridge.png,AVIF,7,0.9850407537546116,41.09817478589319,5.0496686596827995
bridge.png,AVIF,8,0.9824631262140295,40.38843507701144,5.94616358843886
bridge.png,AVIF,9,0.9795809832141733,39.695904534576826,6.974127894849869
bridge.png,AVIF,10,0.9766859138392289,39.12081776098964,7.961567559850902
bridge.png,AVIF,11,0.9736767862183321,38.595854061642186,8.984521549900586
bridge.png,AVIF,12,0.9703600897358325,38.08345067790803,10.109630741136609
bridge.png,AVIF,13,0.9672108763053081,37.65239404088117,11.16454315560778
bridge.png,AVIF,14,0.9639014118682336,37.250202351469945,12.247857524876466
bridge.png,AVIF,15,0.9605431394136837,36.88116358099974,13.334109055665047
bridge.png,AVIF,16,0.9567804434172495,36.50126538314727,14.5530433348268
bridge.png,AVIF,17,0.9533750231138969,36.18381410916712,15.656653850163316
bridge.png,AVIF,18,0.9499052763767192,35.89460355388892,16.734779926858753
bridge.png,AVIF,19,0.946424227031522,35.61395905653906,17.85190040291862
bridge.png,AVIF,20,0.9425984640563592,35.32708750583289,19.070918504294262
bridge.png,AVIF,21,0.9390363640763274,35.08028552814931,20.186071539130076
bridge.png,AVIF,22,0.9354547519451419,34.86427156275232,21.215496729870534
bridge.png,AVIF,23,0.9317972483655029,34.642654934911825,22.326202904920365
bridge.png,AVIF,24,0.9269342763315744,34.362156748860826,23.815773208413976
bridge.png,AVIF,25,0.9197452271266758,33.99777740368136,25.90017034865998
bridge.png,AVIF,26,0.912650956670049,33.66357457893069,27.97196028653841
bridge.png,AVIF,27,0.9056451737038665,33.367291005567466,29.94685779449111
bridge.png,AVIF,28,0.8988351912193077,33.09502156838921,31.884396709006317
bridge.png,AVIF,29,0.891896861277884,32.83542245557181,33.84839771846655
bridge.png,AVIF,30,0.8852478199157969,32.60882683251572,35.66134160522924
bridge.png,AVIF,31,0.8758129977479077,32.30688468368805,38.228907984621394
bridge.png,AVIF,32,0.8663278698965251,32.02405105900141,40.80141783822361
bridge.png,AVIF,33,0.8575913401752605,31.789539670250555,43.06519259957961
bridge.png,AVIF,34,0.8493002332566728,31.575203822188907,45.24389425248239
bridge.png,AVIF,35,0.8398592313126816,31.348302439743104,47.670544978853236
bridge.png,AVIF,36,0.8301123717915438,31.120401819716157,50.23890660615176
bridge.png,AVIF,37,0.8211979127471569,30.92512349544993,52.54943020509969
bridge.png,AVIF,38,0.8126343835980107,30.72451727457696,55.03369003144246
bridge.png,AVIF,39,0.8048619536063243,30.546143781854937,57.34109507867773
bridge.png,AVIF,40,0.7982721655512081,30.388934896264658,59.45479297904657
bridge.png,AVIF,41,0.7919520458789538,30.22244394654787,61.77830183381981
bridge.png,AVIF,42,0.7866644123558764,30.07947800342916,63.845833429538715
bridge.png,AVIF,43,0.781782940423117,29.922116105709605,66.20164030998586
bridge.png,AVIF,44,0.777464911740511,29.770267296617085,68.55728829058775
bridge.png,AVIF,45,0.773215827512616,29.62630387601525,70.8679668363505
bridge.png,AVIF,46,0.7691035310082107,29.463682971921745,73.57191555141047
bridge.png,AVIF,47,0.7651727035023629,29.315058362187784,76.13327720030092
bridge.png,AVIF,48,0.7607730849788886,29.14143253580194,79.23865720586691
bridge.png,AVIF,49,0.7562930700262461,28.982503681199148,82.19208409844687
bridge.png,AVIF,50,0.7519588827061912,28.81530851507335,85.41802179994474
bridge.png,AVIF,51,0.7472979923145071,28.635585738498808,89.02700985918736
bridge.png,AVIF,52,0.742323227487531,28.463090213065975,92.63419665422091
bridge.png,AVIF,53,0.7372034785242642,28.280585895795305,96.60993085700532
bridge.png,AVIF,54,0.7320170051330744,28.0949636498087,100.828660087686
bridge.png,AVIF,55,0.7264382704799522,27.890061576190924,105.6998091734444
bridge.png,AVIF,56,0.7198649212840595,27.671586364475495,111.15313710550066
bridge.png,AVIF,57,0.7130258749797432,27.431470086085305,117.47172665345457
bridge.png,AVIF,58,0.7056090431251317,27.176002095270867,124.5891294717197
bridge.png,AVIF,59,0.6972055213360147,26.88595026113783,133.19420645653855
bridge.png,AVIF,60,0.6875850687373374,26.553228775615985,143.79953553689026
bridge.png,AVIF,61,0.6754622589272887,26.14142247019711,158.10227304341987
bridge.png,AVIF,62,0.6579986523503718,25.571105203373467,180.289253510029
bridge.png,AVIF,63,0.6289899223620774,24.614533033823953,224.71240999705827
cathedral.png,AVIF,0,0.9974569304775158,53.26449021484592,0.3066417885638298
cathedral.png,AVIF,1,0.9938340473562797,48.05312585730471,1.018046875
cathedral.png,AVIF,2,0.9919986444190847,46.625489839462645,1.4142668993794327
cathedral.png,AVIF,3,0.9900285992212675,45.41513742082688,1.868816323138298
cathedral.png,AVIF,4,0.9878423144493831,44.37425308461114,2.3749531804078012
cathedral.png,AVIF,5,0.9853919665347106,43.390612506667125,2.978647495567376
cathedral.png,AVIF,6,0.9828151320309628,42.55859720098655,3.607618794326241
cathedral.png,AVIF,7,0.9800272357920732,41.78320553282698,4.312804853723404
cathedral.png,AVIF,8,0.9773185638670943,41.15305312583282,4.9862614694148935
cathedral.png,AVIF,9,0.9743467704703693,40.54132450469764,5.740476063829787
cathedral.png,AVIF,10,0.9716150402204136,40.063533065168066,6.40806715425532
cathedral.png,AVIF,11,0.9687299189375979,39.6148459274312,7.105518395390071
cathedral.png,AVIF,12,0.9657647642235556,39.163048543873174,7.884524490248227
cathedral.png,AVIF,13,0.9631214468896514,38.79947983433845,8.572991190159575
cathedral.png,AVIF,14,0.9605553776571362,38.47917222800619,9.22918046320922
cathedral.png,AVIF,15,0.9579753568207997,38.17722597793249,9.893677803634752
cathedral.png,AVIF,16,0.9550920066630061,37.86465116811907,10.632006759751773
cathedral.png,AVIF,17,0.9525755444906552,37.60621751027071,11.283883920656029
cathedral.png,AVIF,18,0.9502226162774301,37.37659396216147,11.896548093971631
cathedral.png,AVIF,19,0.9478942102492333,37.15562766564082,12.517499833776595
cathedral.png,AVIF,20,0.945396685763727,36.91954545905807,13.216784685283688
cathedral.png,AVIF,21,0.9431562914197905,36.72537448335438,13.821109652039008
cathedral.png,AVIF,22,0.9411777572111139,36.554751239274566,14.374913397606383
cathedral.png,AVIF,23,0.9390023008210794,36.38188061787612,14.958646498226951
cathedral.png,AVIF,24,0.9363302947737426,36.167608137637316,15.715186779698582
cathedral.png,AVIF,25,0.9325657799265112,35.87856485048327,16.796696531471632
cathedral.png,AVIF,26,0.9290200688236553,35.62945138349732,17.788331837322694
cathedral.png,AVIF,27,0.9257673908171318,35.39628843137948,18.769448747783688
cathedral.png,AVIF,28,0.9226225727803278,35.18442302979371,19.707795988475176
cathedral.png,AVIF,29,0.9193792170104325,34.97806399277365,20.666834496897163
cathedral.png,AVIF,30,0.916599790162352,34.805398050867396,21.505054909131207
cathedral.png,AVIF,31,0.9124833658013696,34.55705816585461,22.770603667996454
cathedral.png,AVIF,32,0.9085420032777041,34.329561859034385,23.99518899601064
cathedral.png,AVIF,33,0.9052336261180188,34.13077136480382,25.1190508089539
cathedral.png,AVIF,34,0.9019944092525987,33.9464575084599,26.208044049202126
cathedral.png,AVIF,35,0.8982410104606581,33.747215227897215,27.438403479609928
cathedral.png,AVIF,36,0.8938761146734242,33.53002559017861,28.84548210328014
cathedral.png,AVIF,37,0.8901273974050764,33.34744848851062,30.08399529033688
cathedral.png,AVIF,38,0.885975557454469,33.146958122340834,31.505367409131207
cathedral.png,AVIF,39,0.8814304573942984,32.94225072118994,33.02594769503546
cathedral.png,AVIF,40,0.8770783736859458,32.7628253204077,34.41896675531915
cathedral.png,AVIF,41,0.8718702616292373,32.56024497004774,36.06250277039007
cathedral.png,AVIF,42,0.8669905919688136,32.365955704755805,37.71245373448581
cathedral.png,AVIF,43,0.8617815161897504,32.16569620875026,39.492146553634754
cathedral.png,AVIF,44,0.8561136267044815,31.960112547142504,41.40655568484043
cathedral.png,AVIF,45,0.8500769370116509,31.764058123049352,43.31861358599291
cathedral.png,AVIF,46,0.8441492369953495,31.5585535526955,45.41768622562057
cathedral.png,AVIF,47,0.8383314260884879,31.358249458795044,47.561485981826245
cathedral.png,AVIF,48,0.8317530272840419,31.153141899551283,49.86159546764184
cathedral.png,AVIF,49,0.8252410707138034,30.94640311095994,52.29257762632979
cathedral.png,AVIF,50,0.81782656292337,30.727885952168936,54.991018783244684
cathedral.png,AVIF,51,0.8105504844845288,30.51340677858516,57.77496392952128
cathedral.png,AVIF,52,0.8033656148206699,30.31559393414582,60.46735438829787
cathedral.png,AVIF,53,0.795482688831331,30.08074400678857,63.82722456781915
cathedral.png,AVIF,54,0.7880688967555226,29.8717386006029,66.97404055851064
cathedral.png,AVIF,55,0.7794640998076038,29.628973498971376,70.82441744237589
cathedral.png,AVIF,56,0.7711071496035987,29.389958374357267,74.83151252216312
cathedral.png,AVIF,57,0.7611080050555579,29.130266213036833,79.44265309175532
cathedral.png,AVIF,58,0.7510509645680731,28.84719091904834,84.79324756205673
cathedral.png,AVIF,59,0.7402694840007216,28.5701714848105,90.37810111923758
cathedral.png,AVIF,60,0.7301258010028603,28.225868946548523,97.83482358156029
cathedral.png,AVIF,61,0.7166219777385157,27.828677207731154,107.20440730274822
cathedral.png,AVIF,62,0.6996321811593854,27.30854022119636,120.84434685283688
cathedral.png,AVIF,63,0.6749308120213613,26.445254090349618,147.41950609485815
deer.png,AVIF,0,0.9975533504109166,53.029259520822755,0.3237087276687886
deer.png,AVIF,1,0.9940297997265458,47.00582432952998,1.295680515613285
deer.png,AVIF,2,0.9925851559771534,45.79938882217765,1.7105724717647026
deer.png,AVIF,3,0.9908360366090726,44.667951906231885,2.219653429657435
deer.png,AVIF,4,0.988703936333091,43.59235244336083,2.8434468614233417
deer.png,AVIF,5,0.9861153534487509,42.57762372928098,3.5918483147012727
deer.png,AVIF,6,0.9831102341774473,41.635136820145355,4.462381319282937
deer.png,AVIF,7,0.9796385693738678,40.75625408098939,5.463298788309655
deer.png,AVIF,8,0.9757050509849134,39.95780514850762,6.565984391756809
deer.png,AVIF,9,0.9712996429754017,39.20503019721046,7.808674882086859
deer.png,AVIF,10,0.9666053175048542,38.533118827173965,9.115247770800634
deer.png,AVIF,11,0.9615387410534647,37.91317452288393,10.513877401925264
deer.png,AVIF,12,0.9558410121176577,37.3286947629593,12.028483715494506
deer.png,AVIF,13,0.9498672802373187,36.79587632800096,13.598553933452168
deer.png,AVIF,14,0.9436615766424943,36.29155417101053,15.27302081945103
deer.png,AVIF,15,0.9375390878596943,35.8452409151334,16.926075328861714
deer.png,AVIF,16,0.9304962683994635,35.39981876322655,18.75419746996576
deer.png,AVIF,17,0.9234802646512412,34.99824680147186,20.571013098525697
deer.png,AVIF,18,0.9163339745014378,34.62833148500423,22.39995842996509
deer.png,AVIF,19,0.909063163244018,34.28865288219868,24.2222829310396
deer.png,AVIF,20,0.900515566157912,33.950053737709986,26.1863511364906
deer.png,AVIF,21,0.8927288324057573,33.65044465134141,28.056655249891758
deer.png,AVIF,22,0.8845809402770767,33.38277411012817,29.84028384254597
deer.png,AVIF,23,0.8763025296416719,33.11231218490914,31.75770735326029
deer.png,AVIF,24,0.8645550085908619,32.770019034677354,34.362001891255524
deer.png,AVIF,25,0.8473929063419959,32.342061589168416,37.92051282363463
deer.png,AVIF,26,0.8304643361792433,31.974801082832087,41.26674863293556
deer.png,AVIF,27,0.8135854547837607,31.643916581356876,44.53369216053014
deer.png,AVIF,28,0.7970666806719062,31.346436934270542,47.691026188903464
deer.png,AVIF,29,0.7813470917405642,31.08343043708869,50.668414787156955
deer.png,AVIF,30,0.7666577613472222,30.858294949947336,53.364306006280025
deer.png,AVIF,31,0.745233016828857,30.576879426285565,56.93671652105135
deer.png,AVIF,32,0.7321911176679017,30.360305071546133,59.84802921165938
deer.png,AVIF,33,0.728424967595388,30.199512321459242,62.10536645861982
deer.png,AVIF,34,0.718469965141163,30.06341707177189,64.08238306187782
deer.png,AVIF,35,0.7109742890637163,29.927362278863377,66.12171859814829
deer.png,AVIF,36,0.7091659620167099,29.807663591105747,67.96948851218828
deer.png,AVIF,37,0.7057467978955804,29.699720152515063,69.68003266912747
deer.png,AVIF,38,0.7041980859054612,29.594295336377748,71.39221018878558
deer.png,AVIF,39,0.7024658798995258,29.520884230575387,72.60924782181102
deer.png,AVIF,40,0.701798634170114,29.45700317692068,73.68516208551833
deer.png,AVIF,41,0.7009566206850396,29.39853771846467,74.68383125750074
deer.png,AVIF,42,0.7013632437103622,29.345501436904,75.60146602116357
deer.png,AVIF,43,0.7019509990137603,29.28426337516558,76.67504214210678
deer.png,AVIF,44,0.7019434162114111,29.236656935429433,77.52016123279566
deer.png,AVIF,45,0.7014334925440621,29.193988080495142,78.28554021799418
deer.png,AVIF,46,0.7005748746045681,29.150769185936344,79.06848950458077
deer.png,AVIF,47,0.6996372693172498,29.11124790394534,79.79130543801678
deer.png,AVIF,48,0.6986297359400517,29.07034217311583,80.54640167736153
deer.png,AVIF,49,0.697604043321112,29.029541900498643,81.30666932145472
deer.png,AVIF,50,0.6965217531286209,28.977959441326586,82.27813078695954
deer.png,AVIF,51,0.695451888692315,28.933777239573814,83.11944542027052
deer.png,AVIF,52,0.6944115568119554,28.8862470439745,84.03411998911487
deer.png,AVIF,53,0.6933008181704235,28.835536570589294,85.0210969175894
deer.png,AVIF,54,0.692201163493762,28.7763039078523,86.18862852881317
deer.png,AVIF,55,0.6910720050044272,28.716301852880303,87.38767313602676
deer.png,AVIF,56,0.689830581350668,28.641579015759117,88.90423704360255
deer.png,AVIF,57,0.6884076709163741,28.558451943421975,90.62231797024596
deer.png,AVIF,58,0.6868058517294728,28.452103391415857,92.8688401713637
deer.png,AVIF,59,0.6851052478356202,28.345570542335622,95.17509229400004
deer.png,AVIF,60,0.6832611991336203,28.197965530923305,98.46543588644712
deer.png,AVIF,61,0.6808974087532518,27.99982225096228,103.0618978943666
deer.png,AVIF,62,0.6777313676153431,27.691780961068236,110.63747732823803
deer.png,AVIF,63,0.6730982169036479,27.24219023666201,122.70473933674441
fireworks.png,AVIF,0,0.9969917439954852,56.12654298483392,0.15864488067761118
fireworks.png,AVIF,1,0.9908354111439998,50.26377174346975,0.6119320309969226
fireworks.png,AVIF,2,0.9908945301188641,49.48576811850285,0.731987304913462
fireworks.png,AVIF,3,0.9905352731892356,48.65417574708693,0.886467435082026
fireworks.png,AVIF,4,0.9896428856889574,47.90497251535455,1.0533752483774121
fireworks.png,AVIF,5,0.9879479802157967,47.11599131779263,1.2632265039306538
fireworks.png,AVIF,6,0.9863411644738742,46.502474128450814,1.454899343878708
fireworks.png,AVIF,7,0.9842065356467358,45.88909439556551,1.6756021977243278
fireworks.png,AVIF,8,0.9835816692266094,45.44092970704911,1.8577505141087047
fireworks.png,AVIF,9,0.9840146134649258,44.94296530037034,2.083453590300916
fireworks.png,AVIF,10,0.9816802586107916,44.552657057904135,2.279369092449905
fireworks.png,AVIF,11,0.9813028115367641,44.19104833144924,2.477282460071614
fireworks.png,AVIF,12,0.9823658495050158,43.78793600998472,2.7182334960982693
fireworks.png,AVIF,13,0.9816158503447652,43.46149637071851,2.9304257629922716
fireworks.png,AVIF,14,0.9816511281162156,43.1777049264992,3.1283106142116712
fireworks.png,AVIF,15,0.9814364748478147,42.87267644965649,3.3559286278286824
fireworks.png,AVIF,16,0.9770478739457338,42.50570012707438,3.651828285523393
fireworks.png,AVIF,17,0.9761822092383614,42.2565778210906,3.867431041825744
fireworks.png,AVIF,18,0.9758161343348991,42.044031351427904,4.061413665168448
fireworks.png,AVIF,19,0.9752472056431813,41.83245479098354,4.264173646180411
fireworks.png,AVIF,20,0.9782232786668966,41.63150312944565,4.466116503467884
fireworks.png,AVIF,21,0.9777456627184665,41.4470818551984,4.659852557094267
fireworks.png,AVIF,22,0.9771027084871304,41.326240575174715,4.791332423700773
fireworks.png,AVIF,23,0.9765360128370757,41.166381301940866,4.97098245920392
fireworks.png,AVIF,24,0.976129967666824,40.96985679897284,5.201093737346129
fireworks.png,AVIF,25,0.9758039858388737,40.74504512677967,5.47741754014531
fireworks.png,AVIF,26,0.9752895671414936,40.56234538259466,5.712757940123328
fireworks.png,AVIF,27,0.9755752077265838,40.37969442999554,5.958142937766093
fireworks.png,AVIF,28,0.975549743774244,40.21039845747219,6.194988651285344
fireworks.png,AVIF,29,0.9750594503465688,40.04543280741191,6.434830033203758
fireworks.png,AVIF,30,0.9711975994942889,39.86850402862481,6.702394058175991
fireworks.png,AVIF,31,0.9677640820126995,39.615828427018144,7.103911103663404
fireworks.png,AVIF,32,0.9678671705992816,39.3640331916962,7.5279554742815495
fireworks.png,AVIF,33,0.9695854102638891,39.211073829119194,7.797815905699014
fireworks.png,AVIF,34,0.9689991214445933,38.987611757955065,8.20954683956916
fireworks.png,AVIF,35,0.9674500299932165,38.72951997310801,8.71221056981466
fireworks.png,AVIF,36,0.9658516456204537,38.440434325403714,9.311870515106552
fireworks.png,AVIF,37,0.9656854192029058,38.17803188632287,9.891842031242769
fireworks.png,AVIF,38,0.9647443474165261,37.85993250023564,10.643564855789254
fireworks.png,AVIF,39,0.9635189490452972,37.5396109953483,11.458275532257971
fireworks.png,AVIF,40,0.9611075768125384,37.207204460667135,12.369721302105026
fireworks.png,AVIF,41,0.9592585354455331,36.834817191520635,13.477167987730807
fireworks.png,AVIF,42,0.9576961528363607,36.493776773281795,14.578159029874705
fireworks.png,AVIF,43,0.9560683420856596,36.12604079136704,15.866322653104609
fireworks.png,AVIF,44,0.9539856742890308,35.73966049638856,17.342604146782012
fireworks.png,AVIF,45,0.9512129560275714,35.371918751374125,18.87506629724594
fireworks.png,AVIF,46,0.9483357633788886,34.969531574638,20.707477750879264
fireworks.png,AVIF,47,0.9458685709257203,34.622936277238374,22.42780302225057
fireworks.png,AVIF,48,0.9424444356672779,34.24763432058613,24.45214310479719
fireworks.png,AVIF,49,0.9382218490625059,33.849805558175944,26.79784094228678
fireworks.png,AVIF,50,0.9264193714760952,33.46787060758517,29.261278666441065
fireworks.png,AVIF,51,0.9246162256190836,33.119347147363236,31.706305957225577
fireworks.png,AVIF,52,0.9193018129845808,32.773328829945555,34.3358242930463
fireworks.png,AVIF,53,0.9079912958699083,32.41431628505563,37.294838630605305
fireworks.png,AVIF,54,0.9048492230745452,32.099534572417426,40.09838705624682
fireworks.png,AVIF,55,0.8802208336844098,31.762661909229976,43.33254233081413
fireworks.png,AVIF,56,0.8739646756490654,31.407812820625157,47.02178146981582
fireworks.png,AVIF,57,0.8690684572516909,31.003793855567324,51.60609235988188
fireworks.png,AVIF,58,0.8634617323333327,30.531530191084162,57.534367326331044
fireworks.png,AVIF,59,0.855021043708336,29.943570333177828,65.87540944311398
fireworks.png,AVIF,60,0.8562366750860351,29.413158907609954,74.43281946866757
fireworks.png,AVIF,61,0.8300123448261718,28.800132049590665,85.71703811201351
fireworks.png,AVIF,62,0.8376115467112373,27.75918594723848,108.9335773903524
fireworks.png,AVIF,63,0.7561865827146454,25.995402393690526,163.50841984061907
flower_foveon.png,AVIF,0,0.9968283729031878,52.96621503734816,0.3284421278799586
flower_foveon.png,AVIF,1,0.992765171721392,49.04906849217072,0.8094192180758906
flower_foveon.png,AVIF,2,0.9917425041233586,48.50151044450506,0.9181831454575429
flower_foveon.png,AVIF,3,0.9905707444073995,47.90911305077009,1.0523714458348497
flower_foveon.png,AVIF,4,0.9894286956412889,47.394587021448295,1.1847362001499273
flower_foveon.png,AVIF,5,0.9885196034622916,46.93788826538803,1.3161080161374106
flower_foveon.png,AVIF,6,0.9878195049166351,46.560861836704895,1.4354701871603694
flower_foveon.png,AVIF,7,0.9874738544566212,46.289848326002314,1.5279021016271164
flower_foveon.png,AVIF,8,0.9870832218388554,46.02252221454347,1.6249056149666086
flower_foveon.png,AVIF,9,0.9866393784457272,45.728116553234486,1.7388763690204019
flower_foveon.png,AVIF,10,0.9863319362040662,45.51268709056821,1.8273075634003029
flower_foveon.png,AVIF,11,0.9859962634335147,45.285503922165375,1.9254399061865257
flower_foveon.png,AVIF,12,0.9856336755592658,45.04064732475002,2.0371153834190285
flower_foveon.png,AVIF,13,0.9853594007044872,44.83786429791101,2.1344890493920476
flower_foveon.png,AVIF,14,0.9850696032239361,44.65961810437435,2.2239168758495627
flower_foveon.png,AVIF,15,0.9847745752060258,44.47419243994398,2.3209250549785527
flower_foveon.png,AVIF,16,0.9844476709227173,44.25474912308141,2.4412117327497986
flower_foveon.png,AVIF,17,0.9841649241278723,44.07654024463537,2.5434683418406228
flower_foveon.png,AVIF,18,0.9838876801406388,43.923912221061514,2.634445016003658
flower_foveon.png,AVIF,19,0.9836177568151439,43.74726102561599,2.7438114134542704
flower_foveon.png,AVIF,20,0.9833022085134202,43.57545140608076,2.8545340003857054
flower_foveon.png,AVIF,21,0.9830146699771748,43.42144901683926,2.957572906849068
flower_foveon.png,AVIF,22,0.9827642246033251,43.288792109649414,3.049306994173984
flower_foveon.png,AVIF,23,0.9824918505349539,43.14808354560544,3.1497204220051076
flower_foveon.png,AVIF,24,0.9821298777178651,42.95477860032235,3.293081664535956
flower_foveon.png,AVIF,25,0.9815772965850391,42.69264136471964,3.497971159199848
flower_foveon.png,AVIF,26,0.9810612728729952,42.456077059976344,3.6937938584212833
flower_foveon.png,AVIF,27,0.9806014768252836,42.22089140776069,3.8993410349965316
flower_foveon.png,AVIF,28,0.9800936977800111,41.982578347547054,4.11929150375285
flower_foveon.png,AVIF,29,0.9796303734104554,41.76444413477165,4.331476349113033
flower_foveon.png,AVIF,30,0.9791442982494195,41.546942684574105,4.553927292224618
flower_foveon.png,AVIF,31,0.9784468839713746,41.23644285506042,4.891432619000961
flower_foveon.png,AVIF,32,0.9776513136837943,40.91880716336441,5.262591313388638
flower_foveon.png,AVIF,33,0.9769899018280724,40.732345232340194,5.4934583687155705
flower_foveon.png,AVIF,34,0.9763304296910098,40.487242075479976,5.812408822696889
flower_foveon.png,AVIF,35,0.975631379919868,40.21456177610076,6.189052735863435
flower_foveon.png,AVIF,36,0.9747712281596694,39.93563634474552,6.599586513846508
flower_foveon.png,AVIF,37,0.9741345779292724,39.69529550700908,6.975105971743979
flower_foveon.png,AVIF,38,0.9731815358900832,39.40760480598805,7.452807094488459
flower_foveon.png,AVIF,39,0.972263094857879,39.11218982266346,7.977400179321843
flower_foveon.png,AVIF,40,0.971415601378029,38.85922353360318,8.45586435305718
flower_foveon.png,AVIF,41,0.9703258495789016,38.57101874294428,9.036047112031827
flower_foveon.png,AVIF,42,0.9693640805297858,38.31672466157506,9.58093502032729
flower_foveon.png,AVIF,43,0.968265285155085,38.02445473508942,10.247900200317895
flower_foveon.png,AVIF,44,0.9671279820606526,37.74122835366417,10.938493813163126
flower_foveon.png,AVIF,45,0.9661862556996355,37.47641112192739,11.626239058723627
flower_foveon.png,AVIF,46,0.9650804642461444,37.17901527578827,12.450271821119852
flower_foveon.png,AVIF,47,0.9640592409565653,36.906594164222135,13.256257892960567
flower_foveon.png,AVIF,48,0.9627560658628149,36.610583228317935,14.191295328144976
flower_foveon.png,AVIF,49,0.9613597777065835,36.30004080043537,15.243204666411604
flower_foveon.png,AVIF,50,0.9599943008198643,35.994876192189615,16.35282321090302
flower_foveon.png,AVIF,51,0.9585472751314306,35.73989435173546,17.34167032153511
flower_foveon.png,AVIF,52,0.9572685766134098,35.47635525077108,18.426584191060968
flower_foveon.png,AVIF,53,0.9556337252618619,35.17901152868954,19.732368078690094
flower_foveon.png,AVIF,54,0.954022543723073,34.85952886704869,21.238677684150936
flower_foveon.png,AVIF,55,0.9524755360624184,34.54046372831296,22.85777682129093
flower_foveon.png,AVIF,56,0.9507155433071947,34.19031049660945,24.777033681556755
flower_foveon.png,AVIF,57,0.94858145385506,33.87146658546936,26.664515834911924
flower_foveon.png,AVIF,58,0.9461805414623542,33.51875864328919,28.920413392837702
flower_foveon.png,AVIF,59,0.9442194029151677,33.16842217552803,31.350043177993648
flower_foveon.png,AVIF,60,0.9413426039295526,32.70561498827582,34.87537306875196
flower_foveon.png,AVIF,61,0.9381192597182678,32.22254253665217,38.97858840038073
flower_foveon.png,AVIF,62,0.9335368059227627,31.556034424973976,45.44403842355415
flower_foveon.png,AVIF,63,0.9264860555013761,30.44000407540083,58.759751888867115
hdr.png,AVIF,0,0.9965356686052669,52.97403456791323,0.3278512954711914
hdr.png,AVIF,1,0.9922099605073503,48.076426886111605,1.0125994152492948
hdr.png,AVIF,2,0.9912468642685164,47.51841432314575,1.1514336797926161
hdr.png,AVIF,3,0.9908836652146564,47.126376273824995,1.2602094544304743
hdr.png,AVIF,4,0.9901472461015312,46.662226124084654,1.4023542933993869
hdr.png,AVIF,5,0.9892202775063498,46.16173197422762,1.5736464394463434
hdr.png,AVIF,6,0.9882880080993524,45.734067794557596,1.7364951769510906
hdr.png,AVIF,7,0.9874441029728945,45.35586348527009,1.8944973945617676
hdr.png,AVIF,8,0.9866631198445425,45.02778881100606,2.0431557761298285
hdr.png,AVIF,9,0.9857012593552493,44.68553113602128,2.2106869485643177
hdr.png,AVIF,10,0.9849473777212696,44.421001481496354,2.349525769551595
hdr.png,AVIF,11,0.9841074867565894,44.14480473953813,2.503801451789008
hdr.png,AVIF,12,0.9832355427657747,43.87198959375369,2.6661304897732205
hdr.png,AVIF,13,0.982439781292342,43.64775849924687,2.8074013921949597
hdr.png,AVIF,14,0.98172799156051,43.44585588975262,2.940998289320204
hdr.png,AVIF,15,0.9809367132286242,43.23608069652103,3.0865427123175726
hdr.png,AVIF,16,0.9800510181370373,43.00082705557702,3.2583494186401367
hdr.png,AVIF,17,0.9792651678102967,42.80934998890657,3.405221462249756
hdr.png,AVIF,18,0.9785593532231501,42.639702903195946,3.5408707194858127
hdr.png,AVIF,19,0.9777780046671198,42.45921599207415,3.6911250750223794
hdr.png,AVIF,20,0.9768519770739802,42.270557017671464,3.8550024562411838
hdr.png,AVIF,21,0.9761204630094495,42.11413381263286,3.9963818656073675
hdr.png,AVIF,22,0.975427881227021,41.97500415952591,4.1264819039238825
hdr.png,AVIF,23,0.9746819622293665,41.82667845849853,4.269848982493083
hdr.png,AVIF,24,0.9736730157234266,41.62801443657528,4.469705581665039
hdr.png,AVIF,25,0.9722895244217507,41.360876306482375,4.753272692362468
hdr.png,AVIF,26,0.9709900687499703,41.114268412142145,5.030990759531657
hdr.png,AVIF,27,0.9696406664182269,40.88283482866739,5.3063620461357965
hdr.png,AVIF,28,0.9683594743032576,40.652545794629205,5.595330980088976
hdr.png,AVIF,29,0.9670772583487443,40.42204471222034,5.900324397616917
hdr.png,AVIF,30,0.9658987949784469,40.205961694098,6.201320701175266
hdr.png,AVIF,31,0.9641675171366145,39.9160328462919,6.629443539513482
hdr.png,AVIF,32,0.9624460186248363,39.61885062791238,7.098969300587972
hdr.png,AVIF,33,0.9607346073015747,39.400472356621464,7.465056949191624
hdr.png,AVIF,34,0.959234745572221,39.17223140783086,7.867870807647705
hdr.png,AVIF,35,0.9575717217503017,38.92306489291088,8.332472165425619
hdr.png,AVIF,36,0.9557829124860624,38.652949230999944,8.867178228166368
hdr.png,AVIF,37,0.9541479185565693,38.40137548007311,9.39599577585856
hdr.png,AVIF,38,0.9520995013586703,38.12994572888089,10.001975536346436
hdr.png,AVIF,39,0.9501722611937694,37.87645486076025,10.603149255116781
hdr.png,AVIF,40,0.9483435741779276,37.63293623330675,11.214676168229845
hdr.png,AVIF,41,0.9462730901500671,37.36413602864743,11.930722872416178
hdr.png,AVIF,42,0.944284106705321,37.108628222872696,12.653700139787462
hdr.png,AVIF,43,0.9422829318564527,36.84220473682525,13.454262203640408
hdr.png,AVIF,44,0.940067692186347,36.58144242181363,14.286837948693169
hdr.png,AVIF,45,0.9377084602593231,36.31194952597491,15.201463752322727
hdr.png,AVIF,46,0.9356116862857787,36.04094084966796,16.180289056566025
hdr.png,AVIF,47,0.9335075537964801,35.792003138151806,17.13483974668715
hdr.png,AVIF,48,0.9309127587457042,35.509317917310305,18.287257035573322
hdr.png,AVIF,49,0.9284313146942412,35.24036690162528,19.455557081434463
hdr.png,AVIF,50,0.9259811468716915,34.96558292754373,20.72631374994914
hdr.png,AVIF,51,0.9232567062856909,34.72778981621799,21.89280351003011
hdr.png,AVIF,52,0.9207787779102651,34.46526432104504,23.257012632158066
hdr.png,AVIF,53,0.9182166638618925,34.19333310167123,24.75979534784953
hdr.png,AVIF,54,0.9153964370105786,33.93468215062176,26.279200341966416
hdr.png,AVIF,55,0.9126165555239497,33.64904173948474,28.065719922383625
hdr.png,AVIF,56,0.9098079549874234,33.339586860349236,30.13850286271837
hdr.png,AVIF,57,0.9068096164107736,33.031618601324254,32.35329373677572
hdr.png,AVIF,58,0.90360068162069,32.69641396957529,34.94933880700005
hdr.png,AVIF,59,0.9002199278258117,32.33655039367795,37.968664487202965
hdr.png,AVIF,60,0.8970143208633071,31.967893608138176,41.332435819837784
hdr.png,AVIF,61,0.8938510737449605,31.530328048630917,45.71382443110148
hdr.png,AVIF,62,0.8893466974885325,30.886654169960728,53.01697492599487
hdr.png,AVIF,63,0.882127058360164,29.84175804499113,67.43798049290974
leaves_iso_200.png,AVIF,0,0.9984911372066411,53.10968675474676,0.31776911569148936
leaves_iso_200.png,AVIF,1,0.997023500398557,48.28312830051854,0.965533909574468
leaves_iso_200.png,AVIF,2,0.9962174392525149,46.91899729221745,1.3218453014184397
leaves_iso_200.png,AVIF,3,0.9953679583078471,45.75442078720761,1.7283762189716312
leaves_iso_200.png,AVIF,4,0.9944823936316365,44.78337033136428,2.1614407136524822
leaves_iso_200.png,AVIF,5,0.99347549125597,43.8426403296151,2.6842089982269504
leaves_iso_200.png,AVIF,6,0.992452535070351,43.071276962403246,3.205919880319149
leaves_iso_200.png,AVIF,7,0.9914370834542151,42.36379971242708,3.7731180186170215
leaves_iso_200.png,AVIF,8,0.990400276288002,41.76875764737666,4.327176363031915
leaves_iso_200.png,AVIF,9,0.9892379867956154,41.17157424646323,4.965042109929078
leaves_iso_200.png,AVIF,10,0.9882533664742641,40.71458637957916,5.5159678080673755
leaves_iso_200.png,AVIF,11,0.9871451954506997,40.26246105165059,6.121167386968085
leaves_iso_200.png,AVIF,12,0.9859285871974767,39.7971398551069,6.81343905141844
leaves_iso_200.png,AVIF,13,0.9848390275383555,39.42206768284575,7.4280290336879435
leaves_iso_200.png,AVIF,14,0.9838720804448001,39.09872112831859,8.002178745567376
leaves_iso_200.png,AVIF,15,0.9827513259204569,38.76869261355212,8.63398121675532
leaves_iso_200.png,AVIF,16,0.9815193022848703,38.4177355229843,9.360667276152482
leaves_iso_200.png,AVIF,17,0.9803432892344937,38.12052124509446,10.023704066932623
leaves_iso_200.png,AVIF,18,0.9793895489601925,37.86818029944633,10.623370567375886
leaves_iso_200.png,AVIF,19,0.978234852917243,37.603765614132165,11.290256261081561
leaves_iso_200.png,AVIF,20,0.9769597774454615,37.31873810275128,12.056091921542553
leaves_iso_200.png,AVIF,21,0.9757833034780441,37.078276221474425,12.74244414893617
leaves_iso_200.png,AVIF,22,0.9747706662733592,36.87473917344381,13.353848459663121
leaves_iso_200.png,AVIF,23,0.9735108987057752,36.645517104396774,14.077600953014185
leaves_iso_200.png,AVIF,24,0.9720014719413507,36.3778670447916,14.972477061170213
leaves_iso_200.png,AVIF,25,0.9697994541032953,35.998645273663186,16.338637355939717
leaves_iso_200.png,AVIF,26,0.9673917600740732,35.64275583544492,17.733921320921986
leaves_iso_200.png,AVIF,27,0.9651870021694121,35.32370741740555,19.085767065602838
leaves_iso_200.png,AVIF,28,0.9629961010234408,35.02332265311973,20.452579787234043
leaves_iso_200.png,AVIF,29,0.9605226412701031,34.72009916979949,21.931606438386524
leaves_iso_200.png,AVIF,30,0.958298979593422,34.44651532893976,23.357632867907803
leaves_iso_200.png,AVIF,31,0.9546416285120956,34.06315784423676,25.513179022606383
leaves_iso_200.png,AVIF,32,0.9510552865907825,33.69722797152926,27.75604377216312
leaves_iso_200.png,AVIF,33,0.9476585905751259,33.378128864190046,29.87221830673759
leaves_iso_200.png,AVIF,34,0.9442440602373469,33.071982739137454,32.053989250886524
leaves_iso_200.png,AVIF,35,0.9399177889658125,32.722289187226195,34.74173010859929
leaves_iso_200.png,AVIF,36,0.9352054247665048,32.36208456928688,37.74608416445035
leaves_iso_200.png,AVIF,37,0.9310670206648842,32.04847074217503,40.57264178856383
leaves_iso_200.png,AVIF,38,0.9258820989579218,31.69460011395696,44.01699085771276
leaves_iso_200.png,AVIF,39,0.9203097026667327,31.343976651013833,47.7180508643617
leaves_iso_200.png,AVIF,40,0.915074565501225,31.028871340262555,51.308961768617024
leaves_iso_200.png,AVIF,41,0.9084207018730953,30.673065141868797,55.689567708333335
leaves_iso_200.png,AVIF,42,0.902079394474136,30.354392066338413,59.929568982712766
leaves_iso_200.png,AVIF,43,0.8948551525240757,30.006129980537096,64.93328324468085
leaves_iso_200.png,AVIF,44,0.8876486646823439,29.674379648940462,70.08779482491134
leaves_iso_200.png,AVIF,45,0.8798913835578854,29.34046609820049,75.68917143173759
leaves_iso_200.png,AVIF,46,0.8713623529226657,28.996486671221394,81.92787560948581
leaves_iso_200.png,AVIF,47,0.8633536817699589,28.67981088877928,88.12502881205674
leaves_iso_200.png,AVIF,48,0.8537180357087849,28.333083579491735,95.4491363031915
leaves_iso_200.png,AVIF,49,0.8444075837141403,28.005646034584846,102.92378701241135
leaves_iso_200.png,AVIF,50,0.8341781206001799,27.66673803927024,111.27729421542553
leaves_iso_200.png,AVIF,51,0.8239145005435413,27.329580066175886,120.26031975842199
leaves_iso_200.png,AVIF,52,0.813717919505629,26.999599588169374,129.7538945589539
leaves_iso_200.png,AVIF,53,0.8026350604123907,26.662428879948177,140.22888242464538
leaves_iso_200.png,AVIF,54,0.7909468624036146,26.329402579133454,151.40496005097518
leaves_iso_200.png,AVIF,55,0.7788902948284675,25.974266896719868,164.3060939162234
leaves_iso_200.png,AVIF,56,0.765412188772035,25.597384243249905,179.20162211879432
leaves_iso_200.png,AVIF,57,0.7517455381347934,25.222682707308547,195.34940381205675
leaves_iso_200.png,AVIF,58,0.7377098049145248,24.81394898557943,214.627547152039
leaves_iso_200.png,AVIF,59,0.7221517961865158,24.399423640061375,236.12283931737588
leaves_iso_200.png,AVIF,60,0.7045809848573669,23.94534986374171,262.14729122340424
leaves_iso_200.png,AVIF,61,0.686859278359346,23.477167257925426,291.9870800642731
leaves_iso_200.png,AVIF,62,0.6590442477000217,22.78408542739834,342.50886619015955
leaves_iso_200.png,AVIF,63,0.6174268355427218,21.795871379731587,430.0245231050532
leaves_iso_1600.png,AVIF,0,0.9987881131326386,53.179054329149565,0.3127338763297872
leaves_iso_1600.png,AVIF,1,0.9974940673680865,48.119684006663704,1.0025636635638298
leaves_iso_1600.png,AVIF,2,0.9967161076154345,46.62720440714081,1.4137086657801419
leaves_iso_1600.png,AVIF,3,0.9958385643865176,45.33636969850641,1.9030201684397163
leaves_iso_1600.png,AVIF,4,0.9948304762767842,44.192074872055116,2.4766969747340424
leaves_iso_1600.png,AVIF,5,0.9936098906245119,43.103085309240264,3.182525044326241
leaves_iso_1600.png,AVIF,6,0.9922574857221416,42.174620990593716,3.9411073249113473
leaves_iso_1600.png,AVIF,7,0.9906920777412184,41.28146336993734,4.840988198138298
leaves_iso_1600.png,AVIF,8,0.9890711303567532,40.55546288715191,5.7218184286347515
leaves_iso_1600.png,AVIF,9,0.9872267042781793,39.83561882383133,6.75333787677305
leaves_iso_1600.png,AVIF,10,0.9853869755173017,39.26139385400517,7.707987034574468
leaves_iso_1600.png,AVIF,11,0.9834895638096649,38.72892975191324,8.713394669769503
leaves_iso_1600.png,AVIF,12,0.9813506732057005,38.18507926986557,9.875803357712766
leaves_iso_1600.png,AVIF,13,0.9793434127341095,37.74363474333769,10.932434563386526
leaves_iso_1600.png,AVIF,14,0.9773465335587338,37.35571705054544,11.953873503989362
leaves_iso_1600.png,AVIF,15,0.9752994213896529,36.980414012579,13.032836879432624
leaves_iso_1600.png,AVIF,16,0.9730656642465435,36.59086669552411,14.255868849734043
leaves_iso_1600.png,AVIF,17,0.9709652333019034,36.266488692076926,15.361424534574468
leaves_iso_1600.png,AVIF,18,0.9689732376666551,35.982630258130975,16.39899883643617
leaves_iso_1600.png,AVIF,19,0.9669122365032712,35.696118213751696,17.517355330230497
leaves_iso_1600.png,AVIF,20,0.9646925654068348,35.3937932477381,18.780235593971632
leaves_iso_1600.png,AVIF,21,0.9626225086881084,35.14175831943022,19.902357768173758
leaves_iso_1600.png,AVIF,22,0.960756942083039,34.919951800902524,20.945232269503546
leaves_iso_1600.png,AVIF,23,0.958745283155123,34.693257055367155,22.067577238475177
leaves_iso_1600.png,AVIF,24,0.9562269796877858,34.41987036272775,23.50137782579787
leaves_iso_1600.png,AVIF,25,0.9525871118721364,34.03871960962745,25.65714921320922
leaves_iso_1600.png,AVIF,26,0.9487718049300864,33.676438473583154,27.88922933289007
leaves_iso_1600.png,AVIF,27,0.945381105045115,33.36143335360026,29.98727659574468
leaves_iso_1600.png,AVIF,28,0.942028018599901,33.06619229341933,32.09675531914893
leaves_iso_1600.png,AVIF,29,0.9385347808911279,32.77935183126495,34.28823875221631
leaves_iso_1600.png,AVIF,30,0.9354549855952202,32.52564556962355,36.3509532358156
leaves_iso_1600.png,AVIF,31,0.930719275858866,32.174396763772435,39.41310810062057
leaves_iso_1600.png,AVIF,32,0.9261127657846122,31.843490668713432,42.533516899379435
leaves_iso_1600.png,AVIF,33,0.9218917811739697,31.556886431905586,45.43512400265958
leaves_iso_1600.png,AVIF,34,0.9176339776104767,31.284091485349485,48.38059580008865
leaves_iso_1600.png,AVIF,35,0.9126449828638662,30.979094844132437,51.900420489804965
leaves_iso_1600.png,AVIF,36,0.907268479234767,30.668122974913416,55.75297717198582
leaves_iso_1600.png,AVIF,37,0.9021727773597958,30.388228365968686,59.464466145833335
leaves_iso_1600.png,AVIF,38,0.8967332971267384,30.096619014569775,63.59433926196809
leaves_iso_1600.png,AVIF,39,0.8907850984715007,29.803476088587082,68.03505684840425
leaves_iso_1600.png,AVIF,40,0.8850596581342448,29.53810861845541,72.32184535682624
leaves_iso_1600.png,AVIF,41,0.8783292516382958,29.244189873674102,77.38581726507093
leaves_iso_1600.png,AVIF,42,0.8720321528937857,28.98741508492368,82.09918622562057
leaves_iso_1600.png,AVIF,43,0.8649601191968658,28.703883032981217,87.63791921542553
leaves_iso_1600.png,AVIF,44,0.8580095298189678,28.437266062515253,93.18666184618795
leaves_iso_1600.png,AVIF,45,0.8501169398492138,28.154722940841147,99.45075094193263
leaves_iso_1600.png,AVIF,46,0.8418014962679103,27.8781338023537,105.99050969636525
leaves_iso_1600.png,AVIF,47,0.833925565634475,27.61781844917956,112.5378246343085
leaves_iso_1600.png,AVIF,48,0.8250181110793913,27.331973024606615,120.19407468971632
leaves_iso_1600.png,AVIF,49,0.8158876631698456,27.0564143267493,128.06749894725178
leaves_iso_1600.png,AVIF,50,0.8061984081354895,26.772423112114566,136.72188885195035
leaves_iso_1600.png,AVIF,51,0.7960349108788543,26.48381190319398,146.1164696365248
leaves_iso_1600.png,AVIF,52,0.7859710809100228,26.20625765954194,155.75951811835105
leaves_iso_1600.png,AVIF,53,0.7754156831323159,25.91453001204529,166.5817267841312
leaves_iso_1600.png,AVIF,54,0.7638595165252494,25.62447677261927,178.0871909352837
leaves_iso_1600.png,AVIF,55,0.7516421592701603,25.305548272583334,191.65737411347519
leaves_iso_1600.png,AVIF,56,0.7391151766549982,24.99124691988744,206.04195827792554
leaves_iso_1600.png,AVIF,57,0.7254793140402763,24.647101045142875,223.03358045212767
leaves_iso_1600.png,AVIF,58,0.7112245480060112,24.2918123900642,242.04667542109928
leaves_iso_1600.png,AVIF,59,0.6959001761211315,23.922879952990268,263.50712677304966
leaves_iso_1600.png,AVIF,60,0.6787438576518565,23.515756753699346,289.4041040004433
leaves_iso_1600.png,AVIF,61,0.6601628401289716,23.08039605248168,319.9195318594858
leaves_iso_1600.png,AVIF,62,0.6323925897005325,22.45789739874074,369.224593472961
leaves_iso_1600.png,AVIF,63,0.5891451388865276,21.492924680845572,461.0923244126773
nightshot_iso_100.png,AVIF,0,0.996908435149164,53.30231586770222,0.3039826341888796
nightshot_iso_100.png,AVIF,1,0.9924822068281804,48.3695552368531,0.9465091946642603
nightshot_iso_100.png,AVIF,2,0.9918507051655352,47.77513588763573,1.0853424065204313
nightshot_iso_100.png,AVIF,3,0.9909747045780642,47.08969802354521,1.2708975969214216
nightshot_iso_100.png,AVIF,4,0.990125480640604,46.4438215485464,1.4746814116803184
nightshot_iso_100.png,AVIF,5,0.9893187648339652,45.81280058701321,1.7052980763946735
nightshot_iso_100.png,AVIF,6,0.9886008470070552,45.29898634160975,1.9194717587290018
nightshot_iso_100.png,AVIF,7,0.9880453533824242,44.824716585555855,2.1409607343149846
nightshot_iso_100.png,AVIF,8,0.9875611807711678,44.44204720961976,2.338167609199292
nightshot_iso_100.png,AVIF,9,0.9869484115170138,44.00023798135688,2.588550027260054
nightshot_iso_100.png,AVIF,10,0.986516261228942,43.69955323331833,2.7741186849952566
nightshot_iso_100.png,AVIF,11,0.9860100225308556,43.38530665761308,2.982288783391758
nightshot_iso_100.png,AVIF,12,0.9854865236022229,43.064778251090246,3.2107207572654914
nightshot_iso_100.png,AVIF,13,0.985024787349792,42.80719764537197,3.406909492644847
nightshot_iso_100.png,AVIF,14,0.9846443162817285,42.60041758053681,3.573045962113587
nightshot_iso_100.png,AVIF,15,0.9842423615250631,42.38245399787545,3.756946071370725
nightshot_iso_100.png,AVIF,16,0.9837294635789418,42.1532537855265,3.9605452751891574
nightshot_iso_100.png,AVIF,17,0.9832619332285998,41.957569624385904,4.143080754835948
nightshot_iso_100.png,AVIF,18,0.9828713483092409,41.79518723547243,4.300922702201629
nightshot_iso_100.png,AVIF,19,0.9824405247484637,41.6151663283448,4.4829482760366055
nightshot_iso_100.png,AVIF,20,0.9819067128107729,41.42970498747596,4.678534777537716
nightshot_iso_100.png,AVIF,21,0.9814730691279631,41.27474147704675,4.848486750673909
nightshot_iso_100.png,AVIF,22,0.9811445856435153,41.15471069357017,4.984358730737193
nightshot_iso_100.png,AVIF,23,0.9806677961023558,41.01278712736048,5.149933820254292
nightshot_iso_100.png,AVIF,24,0.9800905893306951,40.84163953393366,5.356935378849669
nightshot_iso_100.png,AVIF,25,0.9792205498989638,40.5932207622913,5.672288148890509
nightshot_iso_100.png,AVIF,26,0.9784051623677202,40.37099144038039,5.970094654571012
nightshot_iso_100.png,AVIF,27,0.9776078379198472,40.1556209286572,6.273620845553357
nightshot_iso_100.png,AVIF,28,0.9767447130952562,39.94213082657562,6.589724803611921
nightshot_iso_100.png,AVIF,29,0.9758593598568556,39.71538687895938,6.942912196234786
nightshot_iso_100.png,AVIF,30,0.975005906067335,39.50699195717444,7.284188319247767
nightshot_iso_100.png,AVIF,31,0.9738143438685903,39.21957043943057,7.78257504107085
nightshot_iso_100.png,AVIF,32,0.9726096688891049,38.92426826195029,8.330163674206927
nightshot_iso_100.png,AVIF,33,0.9712610216757107,38.68647141723328,8.798998003219145
nightshot_iso_100.png,AVIF,34,0.9702089122897825,38.461491644344484,9.26683001006525
nightshot_iso_100.png,AVIF,35,0.9688590758744187,38.18963680406458,9.865445016760956
nightshot_iso_100.png,AVIF,36,0.9673954130242117,37.89149861896309,10.566483980922301
nightshot_iso_100.png,AVIF,37,0.9662081492586242,37.64445783181314,11.18496366712076
nightshot_iso_100.png,AVIF,38,0.9645444589363569,37.33744505990846,12.004272760337129
nightshot_iso_100.png,AVIF,39,0.9628057716738428,37.03183704624766,12.87943039141677
nightshot_iso_100.png,AVIF,40,0.9611192274832091,36.76736309094974,13.68812781277477
nightshot_iso_100.png,AVIF,41,0.9591909464106639,36.42509020696849,14.810555235593387
nightshot_iso_100.png,AVIF,42,0.9574242803656863,36.14821504014651,15.785518693021427
nightshot_iso_100.png,AVIF,43,0.9554435758105189,35.82350516031785,17.011000010123098
nightshot_iso_100.png,AVIF,44,0.953577859498176,35.523361698906086,18.22821703883509
nightshot_iso_100.png,AVIF,45,0.9514331877612716,35.212514643250955,19.58073079359295
nightshot_iso_100.png,AVIF,46,0.9490948823272067,34.877246442239176,21.152208398771922
nightshot_iso_100.png,AVIF,47,0.9469134053342919,34.575379494038174,22.674744988343978
nightshot_iso_100.png,AVIF,48,0.9444617887231262,34.25933091792578,24.386376191633115
nightshot_iso_100.png,AVIF,49,0.9418033960634108,33.913826959207526,26.405698788337613
nightshot_iso_100.png,AVIF,50,0.939074187031117,33.60267176411889,28.36698535440962
nightshot_iso_100.png,AVIF,51,0.9364415421390033,33.311908259899965,30.331195958932042
nightshot_iso_100.png,AVIF,52,0.9338006301451206,33.01172443520494,32.50183770361886
nightshot_iso_100.png,AVIF,53,0.931125018733729,32.70637296540098,34.86928677721088
nightshot_iso_100.png,AVIF,54,0.9281650069942394,32.4073813512664,37.354439628742654
nightshot_iso_100.png,AVIF,55,0.9254317517057655,32.06599356148909,40.40926998190858
nightshot_iso_100.png,AVIF,56,0.9220077764438784,31.698589649245832,43.97657434040793
nightshot_iso_100.png,AVIF,57,0.9188350647712374,31.368939925235225,47.444553990814015
nightshot_iso_100.png,AVIF,58,0.9150832730423293,30.95667251812101,52.169071715633535
nightshot_iso_100.png,AVIF,59,0.9110466480019545,30.531574541869983,57.53377977998172
nightshot_iso_100.png,AVIF,60,0.906394829351517,29.99969064361901,65.02963202181382
nightshot_iso_100.png,AVIF,61,0.9019533190619025,29.44959691382234,73.81092866036721
nightshot_iso_100.png,AVIF,62,0.8947418880055391,28.618079057322568,89.38660757670415
nightshot_iso_100.png,AVIF,63,0.8848788496748405,27.484427892995456,116.04797633870726
nightshot_iso_1600.png,AVIF,0,0.997738203141578,53.47112787194909,0.2923934055977833
nightshot_iso_1600.png,AVIF,1,0.9944454529411619,47.75434880081144,1.0905497456210376
nightshot_iso_1600.png,AVIF,2,0.9928546651835657,46.366438857304395,1.5011928081181451
nightshot_iso_1600.png,AVIF,3,0.9910857667460301,45.182210842329404,1.9717837203971724
nightshot_iso_1600.png,AVIF,4,0.9890227438595384,44.1102751881387,2.5237878314591145
nightshot_iso_1600.png,AVIF,5,0.9865033531160182,43.08031050301715,3.1992583385394973
nightshot_iso_1600.png,AVIF,6,0.9837010655658044,42.16993987659108,3.9453576020118932
nightshot_iso_1600.png,AVIF,7,0.9804343850140875,41.29964032166879,4.820769078783725
nightshot_iso_1600.png,AVIF,8,0.9770032028938851,40.56064096739326,5.715000386846915
nightshot_iso_1600.png,AVIF,9,0.9731530403766006,39.85379525787442,6.725132341414457
nightshot_iso_1600.png,AVIF,10,0.9691917957040087,39.24316852356718,7.74040185802212
nightshot_iso_1600.png,AVIF,11,0.9649699892201506,38.67638816000247,8.819450861764773
nightshot_iso_1600.png,AVIF,12,0.9601531734931831,38.11598756887054,10.034173450949258
nightshot_iso_1600.png,AVIF,13,0.9555707932998591,37.656526379338615,11.15392507715246
nightshot_iso_1600.png,AVIF,14,0.9508454462522212,37.24068929262045,12.274715405401105
nightshot_iso_1600.png,AVIF,15,0.9461162313086292,36.86118893198688,13.39557831263883
nightshot_iso_1600.png,AVIF,16,0.9407096456659512,36.47628646583071,14.636987915914665
nightshot_iso_1600.png,AVIF,17,0.935624246624792,36.151145356206754,15.774871319169675
nightshot_iso_1600.png,AVIF,18,0.930677298036518,35.86109043046382,16.86441643781237
nightshot_iso_1600.png,AVIF,19,0.9256771727617272,35.58673129787369,17.96417309483317
nightshot_iso_1600.png,AVIF,20,0.9201546820186935,35.30443264219224,19.17066140337938
nightshot_iso_1600.png,AVIF,21,0.9152170515726202,35.066814324259994,20.24878310433442
nightshot_iso_1600.png,AVIF,22,0.9104507191536751,34.853485211718294,21.26825406767724
nightshot_iso_1600.png,AVIF,23,0.9056771630471907,34.64414693829149,22.318534133997986
nightshot_iso_1600.png,AVIF,24,0.8989073580741886,34.37109415562038,23.766812791762113
nightshot_iso_1600.png,AVIF,25,0.8897369558014852,34.02215457479477,25.755198616968045
nightshot_iso_1600.png,AVIF,26,0.8806561429571531,33.70568779966796,27.70202908438035
nightshot_iso_1600.png,AVIF,27,0.8721237407116853,33.42485317208873,29.552555639071105
nightshot_iso_1600.png,AVIF,28,0.863939994736548,33.16710513978193,31.35955179265584
nightshot_iso_1600.png,AVIF,29,0.8560724032384803,32.925995950718864,33.149788797853326
nightshot_iso_1600.png,AVIF,30,0.8486267702524061,32.71078712552815,34.83386371130085
nightshot_iso_1600.png,AVIF,31,0.8385884372216545,32.42513329852296,37.20206361137142
nightshot_iso_1600.png,AVIF,32,0.82897385472117,32.16259032939765,39.52039966709473
nightshot_iso_1600.png,AVIF,33,0.8202702432043663,31.93697600896361,41.62773296499722
nightshot_iso_1600.png,AVIF,34,0.8123163124117797,31.73110203169947,43.64858383298047
nightshot_iso_1600.png,AVIF,35,0.8036749316217322,31.514353969413097,45.88227715086885
nightshot_iso_1600.png,AVIF,36,0.7951185005427902,31.29577967501355,48.25056391072585
nightshot_iso_1600.png,AVIF,37,0.7877382939320857,31.106728064655336,50.39733299782498
nightshot_iso_1600.png,AVIF,38,0.7805776269974695,30.91237168311735,52.703953286246474
nightshot_iso_1600.png,AVIF,39,0.7742117704018339,30.732241091025276,54.93590100262043
nightshot_iso_1600.png,AVIF,40,0.7686153301567334,30.574609057750575,56.966489205163356
nightshot_iso_1600.png,AVIF,41,0.7638734944064138,30.410011401649093,59.16695522011951
nightshot_iso_1600.png,AVIF,42,0.7602102670053119,30.268390606495025,61.128156734100955
nightshot_iso_1600.png,AVIF,43,0.757170617266926,30.123248462378562,63.205593634669
nightshot_iso_1600.png,AVIF,44,0.7549395042846221,29.999354056350064,65.0346721490467
nightshot_iso_1600.png,AVIF,45,0.7527103292248184,29.877977658907604,66.87789497973934
nightshot_iso_1600.png,AVIF,46,0.7509184293477437,29.761002671630127,68.70369483092982
nightshot_iso_1600.png,AVIF,47,0.7494520832656757,29.66175494976582,70.2918325679549
nightshot_iso_1600.png,AVIF,48,0.7475650306445766,29.555555239674884,72.03189444357675
nightshot_iso_1600.png,AVIF,49,0.7457683037443733,29.45654603739053,73.69291861355512
nightshot_iso_1600.png,AVIF,50,0.743707080545069,29.35165160596501,75.4944803814383
nightshot_iso_1600.png,AVIF,51,0.7415679550053171,29.255392342796984,77.18646057487621
nightshot_iso_1600.png,AVIF,52,0.7397011192637658,29.15848435844503,78.92815028062671
nightshot_iso_1600.png,AVIF,53,0.7374441581268316,29.049806480276207,80.92816867393216
nightshot_iso_1600.png,AVIF,54,0.7348856258436376,28.94210416449036,82.96022942552871
nightshot_iso_1600.png,AVIF,55,0.7329509099533229,28.822426288393746,85.27814248041904
nightshot_iso_1600.png,AVIF,56,0.7305307593990665,28.68471361965966,88.02560099560658
nightshot_iso_1600.png,AVIF,57,0.7279881731560923,28.544713498610296,90.90944596110128
nightshot_iso_1600.png,AVIF,58,0.7251483088013825,28.379831215988492,94.42722767784835
nightshot_iso_1600.png,AVIF,59,0.7222334894095767,28.195546774021057,98.52029043707194
nightshot_iso_1600.png,AVIF,60,0.7186155669464673,27.96638593008289,103.85843350679983
nightshot_iso_1600.png,AVIF,61,0.713968175308022,27.658443730272275,111.49001858130582
nightshot_iso_1600.png,AVIF,62,0.7067387489552275,27.255159075370766,122.33886678076843
nightshot_iso_1600.png,AVIF,63,0.6944854633678155,26.528554385678362,144.61885618405526
spider_web.png,AVIF,0,0.9964192716583211,53.06155351385172,0.32131056772021344
spider_web.png,AVIF,1,0.9933614311355068,49.473274649644274,0.7340960646437019
spider_web.png,AVIF,2,0.9926275101721257,49.07635567900036,0.804349494038819
spider_web.png,AVIF,3,0.9916707090459554,48.47152447618719,0.9245446998377264
spider_web.png,AVIF,4,0.9905786904087893,47.87467064709865,1.0607506245863958
spider_web.png,AVIF,5,0.9894592234746998,47.31592593242273,1.2063901084347104
spider_web.png,AVIF,6,0.9882772950259626,46.805837914733594,1.3567398130156854
spider_web.png,AVIF,7,0.9871797031359618,46.41105390772773,1.4858500051040522
spider_web.png,AVIF,8,0.9861025698076605,46.022334486148935,1.6249758547527526
spider_web.png,AVIF,9,0.9849486671732,45.63177196304472,1.7778829480213878
spider_web.png,AVIF,10,0.9839832487128746,45.325208366096994,1.9079172045721748
spider_web.png,AVIF,11,0.9830354159504544,45.034065885910934,2.0402048341975023
spider_web.png,AVIF,12,0.9820880887645674,44.74359758726361,2.1813261317795893
spider_web.png,AVIF,13,0.9813576036493766,44.523915922280544,2.294503733218228
spider_web.png,AVIF,14,0.980790088320321,44.33265409755546,2.3978110160848045
spider_web.png,AVIF,15,0.9802122229968574,44.149766510529844,2.5009425171513757
spider_web.png,AVIF,16,0.9797146244002481,43.95482404663654,2.615760372886218
spider_web.png,AVIF,17,0.9793176033571394,43.80288771401048,2.708891369047619
spider_web.png,AVIF,18,0.9789829606434993,43.66927290054601,2.7935282707294924
spider_web.png,AVIF,19,0.978692761274375,43.54110596407877,2.8771980975085185
spider_web.png,AVIF,20,0.9782941933634244,43.41382098611479,2.962772208787418
spider_web.png,AVIF,21,0.9780551964212653,43.30660815882061,3.0368234545721746
spider_web.png,AVIF,22,0.9778073568829176,43.20789632827223,3.1066385569788233
spider_web.png,AVIF,23,0.977523998194887,43.10351788675124,3.182208065810594
spider_web.png,AVIF,24,0.9772318764723616,42.98098290472634,3.2732718108033425
spider_web.png,AVIF,25,0.9767250705045235,42.798687910956296,3.413591667678677
spider_web.png,AVIF,26,0.9762525608591668,42.644106673241794,3.537282076768466
spider_web.png,AVIF,27,0.9758035059932414,42.48517423696454,3.6691286293771648
spider_web.png,AVIF,28,0.9753349290099762,42.33793575757911,3.7956554725120384
spider_web.png,AVIF,29,0.9748196816733938,42.17996154731423,3.936263889842232
spider_web.png,AVIF,30,0.9743796534993313,42.018772850106394,4.085103608960956
spider_web.png,AVIF,31,0.9737896507084269,41.81203728943114,4.284268018404508
spider_web.png,AVIF,32,0.9731479912767589,41.6061856963063,4.492228007914801
spider_web.png,AVIF,33,0.9724421523344771,41.4910286323612,4.612936726472079
spider_web.png,AVIF,34,0.9718279244491839,41.32532867286752,4.79233858104707
spider_web.png,AVIF,35,0.9711301901470817,41.154485208203894,4.984617524983456
spider_web.png,AVIF,36,0.9703002314969378,40.95806822029898,5.215230871464124
spider_web.png,AVIF,37,0.9697417376328743,40.78261463279305,5.430238413141351
spider_web.png,AVIF,38,0.9689189087114155,40.59511741252726,5.669811488869646
spider_web.png,AVIF,39,0.9680395059304239,40.4049016978977,5.923660923287854
spider_web.png,AVIF,40,0.9672883525094772,40.23065462653786,6.166161541494185
spider_web.png,AVIF,41,0.9663081887317991,40.01044329237064,6.486882503176832
spider_web.png,AVIF,42,0.9651506646264624,39.79735264339488,6.813105226197516
spider_web.png,AVIF,43,0.9643539170002697,39.58727336477481,7.1507735389210385
spider_web.png,AVIF,44,0.9635108841697914,39.37531074002726,7.508432603849863
spider_web.png,AVIF,45,0.962394110820367,39.13214139912683,7.940835894159556
spider_web.png,AVIF,46,0.9613126382556426,38.885423616275354,8.40500544725578
spider_web.png,AVIF,47,0.960392940477614,38.67448155300037,8.823323560833263
spider_web.png,AVIF,48,0.9593820062108472,38.42914209812771,9.336114106808454
spider_web.png,AVIF,49,0.9584447476411555,38.18156045586847,9.883808340197403
spider_web.png,AVIF,50,0.9569711211054989,37.88777667439654,10.57554343856481
spider_web.png,AVIF,51,0.9555634299061404,37.66238960072568,11.138876807098505
spider_web.png,AVIF,52,0.9545719293267277,37.422837880955136,11.77054502038101
spider_web.png,AVIF,53,0.9531950179038362,37.1794334443932,12.449073081008349
spider_web.png,AVIF,54,0.9518713886098176,36.9302823813084,13.184149613192039
spider_web.png,AVIF,55,0.9509155816064361,36.64494206443402,14.079465061222226
spider_web.png,AVIF,56,0.9492921632222993,36.31426277584491,15.193368917597716
spider_web.png,AVIF,57,0.9477006470541669,35.97083106945044,16.443613257599758
spider_web.png,AVIF,58,0.9462030980220021,35.61791603389874,17.835642449478684
spider_web.png,AVIF,59,0.9447975062884808,35.25448832768655,19.392398548161133
spider_web.png,AVIF,60,0.9429399054326276,34.818013892829434,21.442675415496254
spider_web.png,AVIF,61,0.9415577804897326,34.25788655547387,24.394487882055913
spider_web.png,AVIF,62,0.9392319853764376,33.49821386344379,29.05754871179881
spider_web.png,AVIF,63,0.9355050317432054,32.19095162028807,39.26315539221122
