filename,q_flag,tune,energy,fs,res,bpp,ssim,psnr,mse
artificial,0,0.957575327,50.57,1731633,3072x2048,2.2018,0.9991104178,55.6285811989,0.177918964
artificial,1,0.785955956,42.72,1111640,3072x2048,1.4135,0.9984598432,52.9983389144,0.3260216713
artificial,2,0.808955651,38.99,925597,3072x2048,1.1769,0.9981309777,51.9876708101,0.4114464124
artificial,3,0.692784092,36.5,785337,3072x2048,0.9986,0.9977856102,50.9931153153,0.5173313883
artificial,4,0.663642702,34.59,699678,3072x2048,0.8896,0.9974499688,50.254052537,0.6133030256
artificial,5,0.665137576,31.49,630361,3072x2048,0.8015,0.9970833682,49.4668035061,0.7351907094
artificial,6,0.690573427,32.25,585043,3072x2048,0.7439,0.9967220252,48.8707868467,0.8433380127
artificial,7,0.628015757,30.45,541325,3072x2048,0.6883,0.9965902093,48.389549797,0.9421615601
artificial,8,0.617813802,28.73,512988,3072x2048,0.6522,0.9962720273,47.913508091,1.0513069895
artificial,9,0.58384292,27.5,484619,3072x2048,0.6162,0.9958430538,47.3666762535,1.1923746533
artificial,10,0.590748697,27.45,464069,3072x2048,0.59,0.9955030593,46.9849977701,1.3019088639
artificial,11,0.59603201,26.18,445816,3072x2048,0.5668,0.9951240733,46.5993347678,1.4228099187
artificial,12,0.591583489,26.17,426596,3072x2048,0.5424,0.9946982191,46.1503693807,1.5777690146
artificial,13,0.580441732,27.07,412363,3072x2048,0.5243,0.9943270687,45.8286466666,1.6990873019
artificial,14,0.559561753,28.28,400175,3072x2048,0.5088,0.9939366242,45.5132882064,1.8270546595
artificial,15,0.536096006,26.65,388148,3072x2048,0.4935,0.993535023,45.2125878388,1.9580400785
artificial,16,0.559914333,27.51,373988,3072x2048,0.4755,0.9931149905,44.8735836221,2.1170055601
artificial,17,0.521433641,26.83,364006,3072x2048,0.4628,0.992676739,44.5834375883,2.2632712258
artificial,18,0.588149661,29.77,353818,3072x2048,0.4499,0.9922381005,44.3109112069,2.409845723
artificial,19,0.55027616,24.96,343437,3072x2048,0.4367,0.9917540969,44.006428975,2.5848626031
artificial,20,0.591558079,24.6,332094,3072x2048,0.4222,0.9911966401,43.6943849725,2.7774219513
artificial,21,0.528340048,24.05,323355,3072x2048,0.4111,0.9907722402,43.4455851951,2.9411816067
artificial,22,0.544427566,23.19,314462,3072x2048,0.3998,0.9902617739,43.1958397666,3.1152749591
artificial,23,0.573847997,24.4,306232,3072x2048,0.3893,0.9897524216,42.9521542082,3.2950722377
artificial,24,0.545367279,23.45,295520,3072x2048,0.3757,0.9890908378,42.6481411854,3.5339975357
artificial,25,0.576350013,23.74,280799,3072x2048,0.357,0.9880104054,42.2200233877,3.9001204703
artificial,26,0.534785353,22.75,265907,3072x2048,0.3381,0.9869531786,41.808144067,4.2881103622
artificial,27,0.549090227,22.53,252433,3072x2048,0.3209,0.9858661043,41.3945741774,4.7165337139
artificial,28,0.501101472,23.97,240847,3072x2048,0.3062,0.9847772032,41.0229170567,5.1379355854
artificial,29,0.518480724,23.85,228801,3072x2048,0.2909,0.9835758525,40.6599740865,5.5857687526
artificial,30,0.524770519,23.78,219918,3072x2048,0.2796,0.9824793497,40.341532632,6.0107283062
artificial,31,0.487034678,22.01,207942,3072x2048,0.2644,0.9809766272,39.9082955658,6.6412649155
artificial,32,0.506724106,21.83,196000,3072x2048,0.2492,0.9791248948,39.4375865809,7.4015333917
artificial,33,0.480186842,21.33,185987,3072x2048,0.2364,0.9775387712,39.0709435983,8.0535248121
artificial,34,0.50014809,21.08,176812,3072x2048,0.2248,0.9758481684,38.6899280827,8.7919974327
artificial,35,0.50426568,20.92,166696,3072x2048,0.2119,0.9737021347,38.2814796018,9.6590052181
artificial,36,0.488581822,20.33,156775,3072x2048,0.1993,0.971496641,37.8223907936,10.7359698084
artificial,37,0.5002329,19.66,148296,3072x2048,0.1885,0.9696336535,37.4542995049,11.6855836974
artificial,38,0.468636585,20.51,140020,3072x2048,0.178,0.9670142946,37.0346851665,12.8709867795
artificial,39,0.505732184,19.28,131714,3072x2048,0.1674,0.9645643487,36.6244627238,14.1460141606
artificial,40,0.499843199,18.72,124599,3072x2048,0.1584,0.9618878857,36.2572267708,15.3942198224
artificial,41,0.492702842,18.76,116372,3072x2048,0.1479,0.9590211216,35.8459895688,16.9231577979
artificial,42,0.451246283,17.98,109527,3072x2048,0.1392,0.955897555,35.4591352922,18.4997914102
artificial,43,0.463505272,18.55,103014,3072x2048,0.1309,0.952512225,35.0558621747,20.299911446
artificial,44,0.446720942,17.78,96502,3072x2048,0.1227,0.949057054,34.6783681873,22.1433610916
artificial,45,0.434389132,17.76,90565,3072x2048,0.1151,0.9452779244,34.2748201804,24.2995562553
artificial,46,0.466675449,17.35,85129,3072x2048,0.1082,0.9412419188,33.8817393306,26.601518472
artificial,47,0.462196849,17.36,79818,3072x2048,0.1014,0.9361801442,33.4897887201,29.1139739354
artificial,48,0.445151348,16.8,74488,3072x2048,0.0947,0.9318848495,33.095588759,31.880232864
artificial,49,0.413822673,17.02,69559,3072x2048,0.0884,0.9283561641,32.7131589052,34.8148453501
artificial,50,0.426454723,17.01,65089,3072x2048,0.0827,0.9223758714,32.3285228114,38.0389113956
artificial,51,0.418964935,15.98,60993,3072x2048,0.0775,0.9185837011,31.9547614606,41.4576055209
artificial,52,0.431373835,16.22,56861,3072x2048,0.0723,0.9130819368,31.5741520351,45.2548528777
artificial,53,0.415418647,16.35,52976,3072x2048,0.0673,0.9079056258,31.209772078,49.2156418165
artificial,54,0.410012293,15.65,49384,3072x2048,0.0627,0.9024769722,30.8111312825,53.9469918145
artificial,55,0.398183585,15.66,45551,3072x2048,0.0579,0.8968189767,30.4207820381,59.0204011599
artificial,56,0.384256272,15.41,41958,3072x2048,0.0533,0.8901178572,30.0106527881,64.8656959534
artificial,57,0.378552848,14.8,38641,3072x2048,0.0491,0.8560502268,29.6043486934,71.2271375656
artificial,58,0.358045949,14.59,35002,3072x2048,0.0445,0.8780102362,29.1791608553,78.5532712407
artificial,59,0.371590752,14.53,31682,3072x2048,0.0402,0.8702149212,28.7182806272,87.3478657934
artificial,60,0.373459536,14.88,28026,3072x2048,0.0356,0.8632732211,28.2258739431,97.8347110218
artificial,61,0.366952351,14.15,24599,3072x2048,0.0312,0.8519846734,27.6940219477,110.5804024273
artificial,62,0.355329173,13.75,20748,3072x2048,0.0263,0.844611124,26.9516061823,131.1957427661
artificial,63,0.335714365,13.26,15877,3072x2048,0.0201,0.8284569982,25.7374401532,173.5147287051
big_building,0,4.149667835,263.66,47664028,7216x5412,9.7639,0.9978165216,52.9950850213,0.3262660302
big_building,1,4.06796054,256.09,36062832,7216x5412,7.3874,0.9953143069,47.9387476652,1.0452149053
big_building,2,3.879444668,242.01,29328542,7216x5412,6.0079,0.9941473072,46.5888723887,1.4262416735
big_building,3,3.731461473,230.98,23752141,7216x5412,4.8656,0.9930475002,45.4872487457,1.8380422342
big_building,4,3.723930274,223.88,19961602,7216x5412,4.0891,0.9919134037,44.5363903905,2.287922566
big_building,5,3.551906571,215.71,16879216,7216x5412,3.4577,0.9907002188,43.6286271397,2.8197957193
big_building,6,3.478285304,206.45,14756224,7216x5412,3.0228,0.9894476713,42.8738031492,3.355058105
big_building,7,3.406330752,200.68,12886957,7216x5412,2.6398,0.9882627331,42.1612186442,3.9532883848
big_building,8,3.31805766,193.14,11551837,7216x5412,2.3663,0.9870843456,41.5920901635,4.5068317429
big_building,9,3.250097348,185.4,10308401,7216x5412,2.1116,0.9858357595,41.0176629054,5.1441552886
big_building,10,3.216796597,183.46,9388866,7216x5412,1.9233,0.9847674879,40.5760553654,5.6947521119
big_building,11,3.198290113,186.52,8606531,7216x5412,1.763,0.9836316601,40.1553805766,6.2739680569
big_building,12,3.074389966,180.11,7853880,7216x5412,1.6088,0.9824117762,39.7193197034,6.9366277749
big_building,13,3.057407075,173.65,7280219,7216x5412,1.4913,0.9813143641,39.3692746089,7.5188756088
big_building,14,3.016615587,172.6,6779147,7216x5412,1.3887,0.9803243742,39.0592144378,8.0753046783
big_building,15,2.980869391,161.14,6334078,7216x5412,1.2975,0.9792693232,38.7574352106,8.6563905014
big_building,16,3.00942729,167.29,5886303,7216x5412,1.2058,0.9781237394,38.433143217,9.3275167837
big_building,17,2.950663629,157.71,5541321,7216x5412,1.1351,0.9770763061,38.1703315553,9.9093964853
big_building,18,2.973062552,171.05,5228753,7216x5412,1.0711,0.9761123184,37.9289293694,10.4758054389
big_building,19,2.836399585,150.28,4947009,7216x5412,1.0133,0.9750957085,37.6922980108,11.0624306156
big_building,20,2.850902619,151.34,4656282,7216x5412,0.9538,0.9739664868,37.4350645051,11.7374541922
big_building,21,2.874883777,148.36,4426618,7216x5412,0.9067,0.972946246,37.2224473736,12.3263820264
big_building,22,2.798522274,145.3,4216733,7216x5412,0.8637,0.9720394151,37.0288015047,12.8884357354
big_building,23,2.815868616,143.45,4024381,7216x5412,0.8243,0.9710096069,36.8390441902,13.4640570092
big_building,24,2.78856865,141.69,3796628,7216x5412,0.7777,0.969732501,36.6038524863,14.2133062003
big_building,25,2.750736149,138.21,3491076,7216x5412,0.7151,0.9678046364,36.2679620456,15.3562140215
big_building,26,2.756330813,138.11,3229832,7216x5412,0.6616,0.9658385239,35.9776341002,16.4178752296
big_building,27,2.741924508,145.19,3003190,7216x5412,0.6152,0.9639546707,35.6980535902,17.5095506895
big_building,28,2.667350949,130.11,2805778,7216x5412,0.5747,0.9620692465,35.4410201117,18.5771184275
big_building,29,2.651597931,127.35,2631835,7216x5412,0.5391,0.9600445294,35.1914985185,19.6757143559
big_building,30,2.648530534,136.38,2475676,7216x5412,0.5071,0.9581496008,34.9608475269,20.7489253491
big_building,31,2.64262094,140.35,2283924,7216x5412,0.4678,0.955307767,34.6478711478,22.2994035045
big_building,32,2.600557769,130.67,2101660,7216x5412,0.4305,0.952475276,34.3449457165,23.9103420638
big_building,33,2.581866054,135.47,1959896,7216x5412,0.4014,0.9497353007,34.0838479301,25.3919215631
big_building,34,2.57194849,122.83,1833223,7216x5412,0.3755,0.9469414715,33.8330248118,26.9015856796
big_building,35,2.533878079,118.37,1697228,7216x5412,0.3476,0.9434013238,33.5548626739,28.6809870547
big_building,36,2.469088484,111.15,1566858,7216x5412,0.3209,0.9396736835,33.2605891476,30.6917354501
big_building,37,2.478320625,110.03,1457795,7216x5412,0.2986,0.936086485,32.9968000002,32.6137216921
big_building,38,2.452787864,107.29,1346828,7216x5412,0.2758,0.9318492735,32.7084479952,34.8526304463
big_building,39,2.435726674,105.23,1246213,7216x5412,0.2552,0.9272992782,32.4301491605,37.1591220804
big_building,40,2.413922531,101.23,1158248,7216x5412,0.2372,0.9228068091,32.1764799049,39.3942077046
big_building,41,2.356056562,98.48,1067849,7216x5412,0.2187,0.9173428996,31.8897589389,42.0827843869
big_building,42,2.333437368,96.1,990745,7216x5412,0.2029,0.9121381275,31.6320237834,44.6558111518
big_building,43,2.343835443,95.08,914580,7216x5412,0.1873,0.9061729022,31.3507927517,47.6432177847
big_building,44,2.29216496,92.49,845404,7216x5412,0.1731,0.9001320647,31.0832519737,50.6704969323
big_building,45,2.303253496,92.48,778436,7216x5412,0.1594,0.8933210208,30.8024307087,54.0551765321
big_building,46,2.275205848,89.27,716656,7216x5412,0.1468,0.8862837247,30.521042423,57.6734748433
big_building,47,2.251928093,87.75,659899,7216x5412,0.1351,0.8791357796,30.252998145,61.3451943025
big_building,48,2.247589582,86.74,605828,7216x5412,0.1241,0.8711436649,29.9669054144,65.5224034307
big_building,49,2.226616372,85.25,555038,7216x5412,0.1136,0.8626792567,29.6798070672,70.0002601679
big_building,50,2.235879104,83.94,508209,7216x5412,0.1041,0.8536760926,29.3914877352,74.8051653678
big_building,51,2.215508675,82.87,463915,7216x5412,0.095,0.8442753852,29.1018670195,79.9638432057
big_building,52,2.203970458,82.77,422254,7216x5412,0.0864,0.8343745711,28.8099943868,85.5226052505
big_building,53,2.170705798,80.18,383220,7216x5412,0.0785,0.8235791646,28.5138420432,91.5579703172
big_building,54,2.199397936,81.33,346602,7216x5412,0.071,0.812273268,28.2124745573,98.1370288009
big_building,55,2.156064923,80.04,311887,7216x5412,0.0638,0.799958664,27.9034153131,105.3753013341
big_building,56,2.159398751,79.3,279060,7216x5412,0.0571,0.786935489,27.5864052364,113.3547796969
big_building,57,2.140054085,77.66,248598,7216x5412,0.0509,0.7729479876,27.2662662932,122.0263810517
big_building,58,2.146260419,77.48,218753,7216x5412,0.0448,0.7576202514,26.9357925225,131.6743273943
big_building,59,2.161550716,78.56,190161,7216x5412,0.0389,0.739975314,26.5898802196,142.5910735939
big_building,60,2.130579311,75.75,162752,7216x5412,0.0333,0.7204934593,26.2206384601,155.2446043485
big_building,61,2.183684089,78.01,135468,7216x5412,0.0277,0.6979025322,25.8025038485,170.9345984212
big_building,62,2.148917635,76.06,102768,7216x5412,0.021,0.6664786534,25.222968824,195.3365344624
big_building,63,2.122824383,74.64,70190,7216x5412,0.0143,0.6318248946,24.4752600663,232.0354571979
big_tree,0,3.34673533,207.15,40211442,6088x4550,11.6132,0.9975974671,53.0677380574,0.320853333
big_tree,1,2.993510241,180.29,33093996,6088x4550,9.5576,0.9946223172,47.6053296309,1.1286191054
big_tree,2,2.85943858,169.12,28330385,6088x4550,8.1819,0.9931087584,46.2034650148,1.558597084
big_tree,3,2.765645365,161.29,24487284,6088x4550,7.072,0.9913539355,44.9536004822,2.0783577854
big_tree,4,2.689759653,153.95,21484130,6088x4550,6.2047,0.9892950715,43.831201225,2.6912883929
big_tree,5,2.601740802,148.53,18805115,6088x4550,5.431,0.9868510778,42.7539524709,3.4489358276
big_tree,6,2.493215142,142.66,16778395,6088x4550,4.8456,0.9841743182,41.8343645073,4.26229898
big_tree,7,2.474506847,140.74,14938152,6088x4550,4.3142,0.9811297378,40.9544928461,5.219526132
big_tree,8,2.401851462,134.4,13477008,6088x4550,3.8922,0.9780820356,40.2293341973,6.1680365867
big_tree,9,2.377031963,130.84,12096879,6088x4550,3.4936,0.9745819472,39.5165140406,7.2682349352
big_tree,10,2.2717445,125.78,11018143,6088x4550,3.182,0.9712621653,38.9440043609,8.2923939245
big_tree,11,2.25909123,124.55,10066087,6088x4550,2.9071,0.9678219321,38.4148738687,9.3668372418
big_tree,12,2.187933819,118.48,9141730,6088x4550,2.6401,0.9639818074,37.8900370537,10.5700406011
big_tree,13,2.169064414,116.77,8386269,6088x4550,2.4219,0.9603483142,37.4523855061,11.690734839
big_tree,14,2.141247347,115.18,7719522,6088x4550,2.2294,0.9567950502,37.0634083944,12.786141945
big_tree,15,2.078934388,112.23,7128103,6088x4550,2.0586,0.9531479305,36.6969258953,13.9119424148
big_tree,16,2.068284592,109.74,6556318,6088x4550,1.8934,0.9491542809,36.324143317,15.1588420985
big_tree,17,2.060869754,109.14,6097804,6088x4550,1.761,0.9455415243,36.0144771719,16.2791844402
big_tree,18,2.035266723,105.98,5687770,6088x4550,1.6426,0.9421095281,35.7417586074,17.334227821
big_tree,19,2.022648803,105.36,5316912,6088x4550,1.5355,0.9385549659,35.4732233466,18.4398772701
big_tree,20,1.994616405,102.74,4951520,6088x4550,1.43,0.9347392225,35.1975246118,19.6484320684
big_tree,21,1.953843758,104.57,4654861,6088x4550,1.3443,0.931375839,34.9654833258,20.7267890957
big_tree,22,2.122634742,135.18,4389036,6088x4550,1.2675,0.9282517444,34.764155747,21.7102480831
big_tree,23,2.504172838,233.05,4143102,6088x4550,1.1965,0.9249756598,34.555951354,22.7764075609
big_tree,24,2.819743814,258.82,3844973,6088x4550,1.1104,0.9206905486,34.29516783,24.1859737886
big_tree,25,2.118187741,177.79,3465917,6088x4550,1.0009,0.9148063939,33.9549323654,26.1569513316
big_tree,26,1.838474701,92.47,3143906,6088x4550,0.9079,0.9092130632,33.6405958745,28.1203533403
big_tree,27,1.83010303,89.94,2865678,6088x4550,0.8276,0.9039862939,33.3586324025,30.0066229128
big_tree,28,1.811960487,87.37,2624615,6088x4550,0.758,0.8990773199,33.0987131844,31.8573056586
big_tree,29,1.793510752,85.78,2414639,6088x4550,0.6973,0.8944170112,32.8522041473,33.7178555785
big_tree,30,1.787021487,85.89,2229940,6088x4550,0.644,0.8900985435,32.632596191,35.4666967625
big_tree,31,1.768198772,83.39,2001914,6088x4550,0.5781,0.8842920212,32.3318096455,38.0101336202
big_tree,32,1.740344485,81.65,1795949,6088x4550,0.5186,0.8787531178,32.0485886057,40.5715406998
big_tree,33,1.730140131,80.06,1631840,6088x4550,0.4712,0.8739576508,31.8045129581,42.9169712351
big_tree,34,1.711130365,78.94,1490813,6088x4550,0.4305,0.8695632954,31.5796924215,45.1971571169
big_tree,35,1.71724892,79.07,1343908,6088x4550,0.3881,0.8646147383,31.3269907716,47.905048447
big_tree,36,1.691074776,75.71,1205960,6088x4550,0.3482,0.8596384015,31.0707526354,50.8165406877
big_tree,37,1.677383114,74.6,1093887,6088x4550,0.3159,0.8551779678,30.8438321651,53.5423149485
big_tree,38,1.661947198,73.34,982793,6088x4550,0.2838,0.850407688,30.6012371578,56.618276511
big_tree,39,1.656571094,73.29,884052,6088x4550,0.2553,0.8457143571,30.368457402,59.7357912521
big_tree,40,1.627665394,70.17,800152,6088x4550,0.231,0.8412294342,30.1557284505,62.7346552637
big_tree,41,1.631354564,69.65,715543,6088x4550,0.2066,0.8362276447,29.9224554495,66.1964677285
big_tree,42,1.624986308,69.1,647253,6088x4550,0.1869,0.8317204529,29.7206624643,69.3448342503
big_tree,43,1.595508278,67.34,580373,6088x4550,0.1676,0.8267742211,29.5011786717,72.9394515964
big_tree,44,1.570570398,67.1,525689,6088x4550,0.1518,0.8220909812,29.3037742319,76.3313489938
big_tree,45,1.569025034,66.27,473913,6088x4550,0.1368,0.8172871963,29.1061733883,79.8845921118
big_tree,46,1.574234787,66.07,428237,6088x4550,0.1236,0.8124212178,28.9075475896,83.6229726526
big_tree,47,1.548520875,64.13,389688,6088x4550,0.1125,0.8080459699,28.7312926239,87.0865525047
big_tree,48,1.531020433,63.17,353385,6088x4550,0.102,0.8032100847,28.5462571382,90.877139199
big_tree,49,1.559663602,63.34,322258,6088x4550,0.093,0.7985843371,28.3700298866,94.6405754309
big_tree,50,1.529354309,62.13,295573,6088x4550,0.0853,0.7940172636,28.1953431478,98.5249098328
big_tree,51,1.526225971,60.41,271587,6088x4550,0.0784,0.7893629998,28.02507457,102.4643770126
big_tree,52,1.529917921,60.5,249667,6088x4550,0.0721,0.7845694963,27.8533385847,106.5973730945
big_tree,53,1.493756284,59.07,230253,6088x4550,0.0664,0.7798078932,27.6816818185,110.8950545841
big_tree,54,1.50490985,58.97,212235,6088x4550,0.0612,0.7749160697,27.5073096343,115.4381604357
big_tree,55,1.513632171,58.75,195133,6088x4550,0.0563,0.7697852576,27.3152720022,120.6571771888
big_tree,56,1.497506392,58.16,179581,6088x4550,0.0518,0.7643578369,27.1112900104,126.4594707297
big_tree,57,1.479177669,57.04,164104,6088x4550,0.0473,0.7588606147,26.8914066247,133.026969779
big_tree,58,1.485908155,56.13,149695,6088x4550,0.0432,0.7526226952,26.6569677828,140.4053261204
big_tree,59,1.456356404,55.46,134739,6088x4550,0.0389,0.7460342256,26.3905607483,149.287788997
big_tree,60,1.440488896,54.17,120680,6088x4550,0.0348,0.7388264035,26.0997988237,159.6248413019
big_tree,61,1.475081869,54.71,106574,6088x4550,0.0307,0.7309217196,25.7601442984,172.6099914442
big_tree,62,1.43812124,53.59,89108,6088x4550,0.0257,0.7192339986,25.2529251864,193.9937964434
big_tree,63,1.425263479,52.39,67565,6088x4550,0.0195,0.7007000993,24.4205601119,234.9764561884
bridge,0,1.909223081,101.47,16797478,2749x4049,12.0728,0.9982083016,53.0068392904,0.3253841784
bridge,1,1.720457397,89.16,13815328,2749x4049,9.9295,0.9957514866,47.5091222868,1.1538998906
bridge,2,1.628347177,84.42,11902603,2749x4049,8.5547,0.9945841901,46.156774012,1.5754439605
bridge,3,1.585580684,81.3,10370142,2749x4049,7.4533,0.9932287627,44.961442375,2.0746083587
bridge,4,1.57544887,79.82,9187746,2749x4049,6.6035,0.9916345342,43.8844711991,2.6584790422
bridge,5,1.506611185,77.6,8132553,2749x4049,5.8451,0.9896916841,42.859671213,3.365993241
bridge,6,1.419273164,73.91,7293198,2749x4049,5.2418,0.9875329386,41.9591535796,4.1415699694
bridge,7,1.394247255,72.34,6528148,2749x4049,4.6919,0.9850407538,41.0981747859,5.0496686597
bridge,8,1.342030689,69.31,5923031,2749x4049,4.257,0.9824631262,40.388435077,5.9461635884
bridge,9,1.324542888,67.96,5347527,2749x4049,3.8434,0.9795809832,39.6959045346,6.9741278948
bridge,10,1.30887226,66.27,4899497,2749x4049,3.5214,0.9766859138,39.120817761,7.9615675599
bridge,11,1.278896048,64.75,4503406,2749x4049,3.2367,0.9736767862,38.5958540616,8.9845215499
bridge,12,1.219693146,62.06,4123747,2749x4049,2.9638,0.9703600897,38.0834506779,10.1096307411
bridge,13,1.232567007,62.4,3813756,2749x4049,2.741,0.9672108763,37.6523940409,11.1645431556
bridge,14,1.168470453,60.09,3534132,2749x4049,2.54,0.9639014119,37.2502023515,12.2478575249
bridge,15,1.162389659,58.59,3280214,2749x4049,2.3575,0.9605431394,36.881163581,13.3341090557
bridge,16,1.182000715,58.39,3027066,2749x4049,2.1756,0.9567804434,36.5012653831,14.5530433348
bridge,17,1.134075861,56.86,2823819,2749x4049,2.0295,0.9533750231,36.1838141092,15.6566538502
bridge,18,1.13348523,57.12,2639212,2749x4049,1.8968,0.9499052764,35.8946035539,16.7347799269
bridge,19,1.118222473,55.63,2470871,2749x4049,1.7758,0.946424227,35.6139590565,17.8519004029
bridge,20,1.077447545,54.48,2300728,2749x4049,1.6536,0.9425984641,35.3270875058,19.0709185043
bridge,21,1.051093561,53.09,2160433,2749x4049,1.5527,0.9390363641,35.0802855281,20.1860715391
bridge,22,1.084675442,54.11,2030103,2749x4049,1.4591,0.9354547519,34.8642715628,21.2154967299
bridge,23,1.084982213,53.41,1909980,2749x4049,1.3727,0.9317972484,34.6426549349,22.3262029049
bridge,24,1.027425945,51.12,1764228,2749x4049,1.268,0.9269342763,34.3621567489,23.8157732084
bridge,25,1.037117398,51.12,1572254,2749x4049,1.13,0.9197452271,33.9977774037,25.9001703487
bridge,26,0.991576019,48.59,1405576,2749x4049,1.0102,0.9126509567,33.6635745789,27.9719602865
bridge,27,1.008415689,48.86,1263424,2749x4049,0.908,0.9056451737,33.3672910056,29.9468577945
bridge,28,0.985164114,47.27,1140032,2749x4049,0.8193,0.8988351912,33.0950215684,31.884396709
bridge,29,0.990700156,46.83,1030668,2749x4049,0.7407,0.8918968613,32.8354224556,33.8483977185
bridge,30,0.976820153,45.88,936764,2749x4049,0.6732,0.8852478199,32.6088268325,35.6613416052
bridge,31,0.984012971,46.12,820752,2749x4049,0.5899,0.8758129977,32.3068846837,38.2289079846
bridge,32,0.975056139,44.71,717804,2749x4049,0.5159,0.8663278699,32.024051059,40.8014178382
bridge,33,0.944520536,43.62,637773,2749x4049,0.4583,0.8575913402,31.7895396703,43.0651925996
bridge,34,0.951591963,43.03,569721,2749x4049,0.4094,0.8493002333,31.5752038222,45.2438942525
bridge,35,0.914751025,41.38,500347,2749x4049,0.3596,0.8398592313,31.3483024397,47.6705449789
bridge,36,0.926868633,41.75,438189,2749x4049,0.3149,0.8301123718,31.1204018197,50.2389066062
bridge,37,0.83791326,38.38,389748,2749x4049,0.2801,0.8211979127,30.9251234955,52.5494302051
bridge,38,0.913086481,40.5,344893,2749x4049,0.2478,0.8126343836,30.7245172746,55.0336900314
bridge,39,0.8670433,37.98,307711,2749x4049,0.2211,0.8048619536,30.5461437819,57.3410950787
bridge,40,0.866319398,37.64,278351,2749x4049,0.2,0.7982721656,30.3889348963,59.454792979
bridge,41,0.870601428,37.88,250659,2749x4049,0.1801,0.7919520459,30.2224439465,61.7783018338
bridge,42,0.850071689,37.64,229274,2749x4049,0.1647,0.7866644124,30.0794780034,63.8458334295
bridge,43,0.827490135,35.6,210915,2749x4049,0.1515,0.7817829404,29.9221161057,66.20164031
bridge,44,0.841539529,34.77,194720,2749x4049,0.1399,0.7774649117,29.7702672966,68.5572882906
bridge,45,0.829137229,34.99,180412,2749x4049,0.1296,0.7732158275,29.626303876,70.8679668364
bridge,46,0.777648946,33.14,167422,2749x4049,0.1203,0.769103531,29.4636829719,73.5719155514
bridge,47,0.840465647,33.57,155679,2749x4049,0.1118,0.7651727035,29.3150583622,76.1332772003
bridge,48,0.769734877,32.27,144384,2749x4049,0.1037,0.760773085,29.1414325358,79.2386572059
bridge,49,0.777692545,31.62,134099,2749x4049,0.0963,0.75629307,28.9825036812,82.1920840984
bridge,50,0.769022955,31.18,125054,2749x4049,0.0898,0.7519588827,28.8153085151,85.4180217999
bridge,51,0.758371979,30.79,115630,2749x4049,0.0831,0.7472979923,28.6355857385,89.0270098592
bridge,52,0.749002867,31.11,107024,2749x4049,0.0769,0.7423232275,28.4630902131,92.6341966542
bridge,53,0.758822041,29.36,98788,2749x4049,0.071,0.7372034785,28.2805858958,96.609930857
bridge,54,0.764953915,29.49,91547,2749x4049,0.0657,0.7320170051,28.0949636498,100.8286600877
bridge,55,0.739933626,28.48,84347,2749x4049,0.0606,0.7264382705,27.8900615762,105.6998091734
bridge,56,0.697923335,27.64,77527,2749x4049,0.0557,0.7198649213,27.6715863645,111.1531371055
bridge,57,0.711008665,27.42,70889,2749x4049,0.0509,0.713025875,27.4314700861,117.4717266535
bridge,58,0.699633139,26.87,64365,2749x4049,0.0462,0.7056090431,27.1760020953,124.5891294717
bridge,59,0.667801402,26.32,57862,2749x4049,0.0415,0.6972055213,26.8859502611,133.1942064565
bridge,60,0.672609313,26.49,51464,2749x4049,0.0369,0.6875850687,26.5532287756,143.7995355369
bridge,61,0.678648858,25.15,44851,2749x4049,0.0322,0.6754622589,26.1414224702,158.1022730434
bridge,62,0.666039368,24.79,37085,2749x4049,0.0266,0.6579986524,25.5711052034,180.28925351
bridge,63,0.637296169,24.42,27973,2749x4049,0.0201,0.6289899224,24.6145330338,224.7124099971
cathedral,0,1.509574262,67.07,7430296,2000x3008,9.8807,0.9974569305,53.2644902148,0.3066417886
cathedral,1,1.350317949,59.46,5784364,2000x3008,7.6919,0.9938340474,48.0531258573,1.018046875
cathedral,2,1.248742366,55.94,4780276,2000x3008,6.3567,0.9919986444,46.6254898395,1.4142668994
cathedral,3,1.203072836,53.1,3978762,2000x3008,5.2909,0.9900285992,45.4151374208,1.8688163231
cathedral,4,1.129065249,50.75,3398602,2000x3008,4.5194,0.9878423144,44.3742530846,2.3749531804
cathedral,5,1.042630322,46.99,2892477,2000x3008,3.8463,0.9853919665,43.3906125067,2.9786474956
cathedral,6,1.00883111,45.38,2517088,2000x3008,3.3471,0.982815132,42.558597201,3.6076187943
cathedral,7,0.986094356,43.03,2171531,2000x3008,2.8876,0.9800272358,41.7832055328,4.3128048537
cathedral,8,0.935855175,40.56,1913936,2000x3008,2.5451,0.9773185639,41.1530531258,4.9862614694
cathedral,9,0.961032936,40.44,1680974,2000x3008,2.2353,0.9743467705,40.5413245047,5.7404760638
cathedral,10,0.889469664,37.98,1504540,2000x3008,2.0007,0.9716150402,40.0635330652,6.4080671543
cathedral,11,0.890175005,37.81,1352775,2000x3008,1.7989,0.9687299189,39.6148459274,7.1055183954
cathedral,12,0.862055758,36.48,1208064,2000x3008,1.6064,0.9657647642,39.1630485439,7.8845244902
cathedral,13,0.756590285,32.77,1097637,2000x3008,1.4596,0.9631214469,38.7994798343,8.5729911902
cathedral,14,0.837081438,34.95,1001257,2000x3008,1.3314,0.9605553777,38.479172228,9.2291804632
cathedral,15,0.820448658,33.39,918497,2000x3008,1.2214,0.9579753568,38.1772259779,9.8936778036
cathedral,16,0.735652985,32.08,838359,2000x3008,1.1148,0.9550920067,37.8646511681,10.6320067598
cathedral,17,0.765800667,31.29,774627,2000x3008,1.03,0.9525755445,37.6062175103,11.2838839207
cathedral,18,0.777776676,31.26,718777,2000x3008,0.9558,0.9502226163,37.3765939622,11.896548094
cathedral,19,0.758832191,30.28,668333,2000x3008,0.8887,0.9478942102,37.1556276656,12.5174998338
cathedral,20,0.734399823,31.02,616836,2000x3008,0.8202,0.9453966858,36.9195454591,13.2167846853
cathedral,21,0.751945154,29.1,576746,2000x3008,0.7669,0.9431562914,36.7253744834,13.821109652
cathedral,22,0.665925318,28.13,541560,2000x3008,0.7201,0.9411777572,36.5547512393,14.3749133976
cathedral,23,0.722648054,28.86,508617,2000x3008,0.6763,0.9390023008,36.3818806179,14.9586464982
cathedral,24,0.688295781,27.14,469042,2000x3008,0.6237,0.9363302948,36.1676081376,15.7151867797
cathedral,25,0.689079033,27.14,419210,2000x3008,0.5574,0.9325657799,35.8785648505,16.7966965315
cathedral,26,0.643041242,26.9,378092,2000x3008,0.5027,0.9290200688,35.6294513835,17.7883318373
cathedral,27,0.675503861,25.07,342526,2000x3008,0.4554,0.9257673908,35.3962884314,18.7694487478
cathedral,28,0.668407314,24.54,312841,2000x3008,0.416,0.9226225728,35.1844230298,19.7077959885
cathedral,29,0.631784736,23.98,287169,2000x3008,0.3818,0.919379217,34.9780639928,20.6668344969
cathedral,30,0.610681685,24.34,265482,2000x3008,0.353,0.9165997902,34.8053980509,21.5050549091
cathedral,31,0.60833513,21.94,238507,2000x3008,0.3171,0.9124833658,34.5570581659,22.770603668
cathedral,32,0.591164098,22.22,214443,2000x3008,0.2851,0.9085420033,34.329561859,23.995188996
cathedral,33,0.565996358,21.25,195902,2000x3008,0.2605,0.9052336261,34.1307713648,25.119050809
cathedral,34,0.559139031,20.56,180154,2000x3008,0.2395,0.9019944093,33.9464575085,26.2080440492
cathedral,35,0.554795601,21.07,163646,2000x3008,0.2176,0.8982410105,33.7472152279,27.4384034796
cathedral,36,0.548646537,20.34,148636,2000x3008,0.1976,0.8938761147,33.5300255902,28.8454821033
cathedral,37,0.523540516,20.04,136492,2000x3008,0.1815,0.8901273974,33.3474484885,30.0839952903
cathedral,38,0.534141031,19.03,124547,2000x3008,0.1656,0.8859755575,33.1469581223,31.5053674091
cathedral,39,0.527269145,19.08,113827,2000x3008,0.1513,0.8814304574,32.9422507212,33.025947695
cathedral,40,0.519682586,18.66,104994,2000x3008,0.1396,0.8770783737,32.7628253204,34.4189667553
cathedral,41,0.481885516,18.35,96354,2000x3008,0.1281,0.8718702616,32.56024497,36.0625027704
cathedral,42,0.490561027,17.96,88785,2000x3008,0.118,0.866990592,32.3659557048,37.7124537345
cathedral,43,0.476607043,17.5,81619,2000x3008,0.1085,0.8617815162,32.1656962088,39.4921465536
cathedral,44,0.475914951,17.74,75232,2000x3008,0.1,0.8561136267,31.9601125471,41.4065556848
cathedral,45,0.455456312,17.94,69208,2000x3008,0.092,0.850076937,31.764058123,43.318613586
cathedral,46,0.4791681,18.1,63614,2000x3008,0.0845,0.844149237,31.5585535527,45.4176862256
cathedral,47,0.473157206,16.82,58661,2000x3008,0.078,0.8383314261,31.3582494588,47.5614859818
cathedral,48,0.459200282,16.81,53935,2000x3008,0.0717,0.8317530273,31.1531418996,49.8615954676
cathedral,49,0.448256426,16.58,49702,2000x3008,0.066,0.8252410707,30.946403111,52.2925776263
cathedral,50,0.442454292,15.84,45821,2000x3008,0.0609,0.8178265629,30.7278859522,54.9910187832
cathedral,51,0.42955737,16.56,41957,2000x3008,0.0557,0.8105504845,30.5134067786,57.7749639295
cathedral,52,0.418438964,15.37,38646,2000x3008,0.0513,0.8033656148,30.3155939341,60.4673543883
cathedral,53,0.416249589,15.57,35396,2000x3008,0.047,0.7954826888,30.0807440068,63.8272245678
cathedral,54,0.420461059,15.44,32404,2000x3008,0.043,0.7880688968,29.8717386006,66.9740405585
cathedral,55,0.398067635,15.1,29544,2000x3008,0.0392,0.7794640998,29.628973499,70.8244174424
cathedral,56,0.39172124,15.18,26943,2000x3008,0.0358,0.7711071496,29.3899583744,74.8315125222
cathedral,57,0.40001186,14.84,24289,2000x3008,0.0322,0.7611080051,29.130266213,79.4426530918
cathedral,58,0.386931899,14.87,21759,2000x3008,0.0289,0.7510509646,28.847190919,84.7932475621
cathedral,59,0.3837925,14.78,19317,2000x3008,0.0256,0.740269484,28.5701714848,90.3781011192
cathedral,60,0.371535221,14.66,16996,2000x3008,0.0226,0.730125801,28.2258689465,97.8348235816
cathedral,61,0.361745878,14.44,14580,2000x3008,0.0193,0.7166219777,27.8286772077,107.2044073027
cathedral,62,0.354456271,14.05,11856,2000x3008,0.0157,0.6996321812,27.3085402212,120.8443468528
cathedral,63,0.352649606,14.14,8764,2000x3008,0.0116,0.674930812,26.4452540903,147.4195060949
deer,0,1.619247495,80.82,18506570,4043x2641,13.8657,0.9975533504,53.0292595208,0.3237087277
deer,1,1.542494881,69.69,15834194,4043x2641,11.8635,0.9940297997,47.0058243295,1.2956805156
deer,2,1.477923806,65.14,14012426,4043x2641,10.4985,0.992585156,45.7993888222,1.7105724718
deer,3,1.41265541,62.6,12624126,4043x2641,9.4584,0.9908360366,44.6679519062,2.2196534297
deer,4,1.44215005,62.37,11514123,4043x2641,8.6267,0.9887039363,43.5923524434,2.8434468614
deer,5,1.266069337,57.67,10560056,4043x2641,7.9119,0.9861153534,42.5776237293,3.5918483147
deer,6,1.341764779,59.41,9740093,4043x2641,7.2976,0.9831102342,41.6351368201,4.4623813193
deer,7,1.337115688,58.28,9007406,4043x2641,6.7486,0.9796385694,40.756254081,5.4632987883
deer,8,1.306531035,56.37,8362548,4043x2641,6.2655,0.975705051,39.9578051485,6.5659843918
deer,9,1.242462861,54.89,7760037,4043x2641,5.814,0.971299643,39.2050301972,7.8086748821
deer,10,1.244073724,54.91,7244888,4043x2641,5.4281,0.9666053175,38.5331188272,9.1152477708
deer,11,1.240742257,54.17,6773162,4043x2641,5.0746,0.9615387411,37.9131745229,10.5138774019
deer,12,1.247785784,53.34,6302469,4043x2641,4.722,0.9558410121,37.328694763,12.0284837155
deer,13,1.181353194,52.06,5879229,4043x2641,4.4049,0.9498672802,36.795876328,13.5985539335
deer,14,1.220595868,50.88,5491875,4043x2641,4.1147,0.9436615766,36.291554171,15.2730208195
deer,15,1.15452901,50.67,5152735,4043x2641,3.8606,0.9375390879,35.8452409151,16.9260753289
deer,16,1.196849891,49.17,4801061,4043x2641,3.5971,0.9304962684,35.3998187632,18.75419747
deer,17,1.158405609,48.82,4482866,4043x2641,3.3587,0.9234802647,34.9982468015,20.5710130985
deer,18,1.066480378,47.2,4197549,4043x2641,3.1449,0.9163339745,34.628331485,22.39995843
deer,19,1.118092863,48.38,3939293,4043x2641,2.9514,0.9090631632,34.2886528822,24.222282931
deer,20,1.107181676,46.18,3648693,4043x2641,2.7337,0.9005155662,33.9500537377,26.1863511365
deer,21,1.122044622,45.18,3411117,4043x2641,2.5557,0.8927288324,33.6504446513,28.0566552499
deer,22,1.047255393,44.37,3186595,4043x2641,2.3875,0.8845809403,33.3827741101,29.8402838425
deer,23,1.045230578,42.73,2967147,4043x2641,2.223,0.8763025296,33.1123121849,31.7577073533
deer,24,1.032117566,42.58,2691785,4043x2641,2.0167,0.8645550086,32.7700190347,34.3620018913
deer,25,1.026627583,41.62,2327888,4043x2641,1.7441,0.8473929063,32.3420615892,37.9205128236
deer,26,0.95877533,40.47,2001905,4043x2641,1.4998,0.8304643362,31.9748010828,41.2667486329
deer,27,0.935915446,39.28,1715650,4043x2641,1.2854,0.8135854548,31.6439165814,44.5336921605
deer,28,0.988590251,39.98,1457728,4043x2641,1.0921,0.7970666807,31.3464369343,47.6910261889
deer,29,0.909945013,37.71,1233237,4043x2641,0.9239,0.7813470917,31.0834304371,50.6684147872
deer,30,0.930124432,36.51,1043382,4043x2641,0.7817,0.7666577613,30.8582949499,53.3643060063
deer,31,0.860455744,35.32,820575,4043x2641,0.6148,0.7452330168,30.5768794263,56.9367165211
deer,32,0.847253762,35.04,649092,4043x2641,0.4863,0.7321911177,30.3603050715,59.8480292117
deer,33,0.849174847,33.98,529954,4043x2641,0.397,0.7284249676,30.1995123215,62.1053664586
deer,34,0.837308579,33.51,438509,4043x2641,0.3285,0.7184699651,30.0634170718,64.0823830619
deer,35,0.791796449,31.76,348164,4043x2641,0.2608,0.7109742891,29.9273622789,66.1217185981
deer,36,0.7583712,29.73,277224,4043x2641,0.2077,0.709165962,29.8076635911,67.9694885122
deer,37,0.734591362,29.09,219527,4043x2641,0.1644,0.7057467979,29.6997201525,69.6800326691
deer,38,0.708887591,28.73,167433,4043x2641,0.1254,0.7041980859,29.5942953364,71.3922101888
deer,39,0.687431559,26.94,139173,4043x2641,0.1042,0.7024658799,29.5208842306,72.6092478218
deer,40,0.689631874,26.46,115061,4043x2641,0.0862,0.7017986342,29.4570031769,73.6851620855
deer,41,0.678065366,25.23,97627,4043x2641,0.0731,0.7009566207,29.3985377185,74.6838312575
deer,42,0.671269641,25.64,81232,4043x2641,0.0608,0.7013632437,29.3455014369,75.6014660212
deer,43,0.658038038,25.26,66171,4043x2641,0.0495,0.701950999,29.2842633752,76.6750421421
deer,44,0.659614822,24.47,57244,4043x2641,0.0428,0.7019434162,29.2366569354,77.5201612328
deer,45,0.620173488,24.13,50944,4043x2641,0.0381,0.7014334925,29.1939880805,78.285540218
deer,46,0.615044696,23.14,46352,4043x2641,0.0347,0.7005748746,29.1507691859,79.0684895046
deer,47,0.619261286,22.91,42850,4043x2641,0.0321,0.6996372693,29.1112479039,79.791305438
deer,48,0.603637368,22.49,39821,4043x2641,0.0298,0.6986297359,29.0703421731,80.5464016774
deer,49,0.605031421,22.51,37163,4043x2641,0.0278,0.6976040433,29.0295419005,81.3066693215
deer,50,0.613480132,22.53,34793,4043x2641,0.026,0.6965217531,28.9779594413,82.278130787
deer,51,0.585305274,21.66,32410,4043x2641,0.0242,0.6954518887,28.9337772396,83.1194454203
deer,52,0.594633136,21.66,30189,4043x2641,0.0226,0.6944115568,28.886247044,84.0341199891
deer,53,0.566451909,21.05,28074,4043x2641,0.021,0.6933008182,28.8355365706,85.0210969176
deer,54,0.569801047,20.82,26199,4043x2641,0.0196,0.6922011635,28.7763039079,86.1886285288
deer,55,0.567436691,20.98,24421,4043x2641,0.0182,0.691072005,28.7163018529,87.387673136
deer,56,0.559628852,21.59,22605,4043x2641,0.0169,0.6898305814,28.6415790158,88.9042370436
deer,57,0.554546971,20.73,20837,4043x2641,0.0156,0.6884076709,28.5584519434,90.6223179702
deer,58,0.559474913,20.93,18867,4043x2641,0.0141,0.6868058517,28.4521033914,92.8688401714
deer,59,0.546903252,19.82,17321,4043x2641,0.0129,0.6851052478,28.3455705423,95.175092294
deer,60,0.530313272,20.29,15553,4043x2641,0.0116,0.6832611991,28.1979655309,98.4654358864
deer,61,0.543543865,20.48,13961,4043x2641,0.0104,0.6808974088,27.999822251,103.0618978944
deer,62,0.538650283,19.9,11777,4043x2641,0.0088,0.6777313676,27.6917809611,110.6374773282
deer,63,0.525500041,19.92,9394,4043x2641,0.007,0.6730982169,27.2421902367,122.7047393367
fireworks,0,1.494775326,67.78,4784022,3136x2352,5.1888,0.996991744,56.1265429848,0.1586448807
fireworks,1,1.210221173,53.02,3207774,3136x2352,3.4792,0.9908354111,50.2637717435,0.611932031
fireworks,2,1.068404643,46.03,2242444,3136x2352,2.4321,0.9908945301,49.4857681185,0.7319873049
fireworks,3,0.960014503,42.04,1610085,3136x2352,1.7463,0.9905352732,48.6541757471,0.8864674351
fireworks,4,0.932442797,39.42,1272797,3136x2352,1.3804,0.9896428857,47.9049725154,1.0533752484
fireworks,5,0.850718831,36.45,1035841,3136x2352,1.1234,0.9879479802,47.1159913178,1.2632265039
fireworks,6,0.803429147,34.36,882523,3136x2352,0.9571,0.9863411645,46.5024741285,1.4548993439
fireworks,7,0.832865398,34.51,760063,3136x2352,0.8243,0.9842065356,45.8890943956,1.6756021977
fireworks,8,0.774137407,31.95,677872,3136x2352,0.7352,0.9835816692,45.440929707,1.8577505141
fireworks,9,0.742701021,30.78,600630,3136x2352,0.6514,0.9840146135,44.9429653004,2.0834535903
fireworks,10,0.765514776,31.28,546134,3136x2352,0.5923,0.9816802586,44.5526570579,2.2793690924
fireworks,11,0.723018635,29.19,503313,3136x2352,0.5459,0.9813028115,44.1910483314,2.4772824601
fireworks,12,0.697323803,28.37,461413,3136x2352,0.5004,0.9823658495,43.78793601,2.7182334961
fireworks,13,0.707931748,28.22,430415,3136x2352,0.4668,0.9816158503,43.4614963707,2.930425763
fireworks,14,0.666251198,27.05,405224,3136x2352,0.4395,0.9816511281,43.1777049265,3.1283106142
fireworks,15,0.68345395,27.24,383258,3136x2352,0.4156,0.9814364748,42.8726764497,3.3559286278
fireworks,16,0.683943241,27.29,360586,3136x2352,0.391,0.9770478739,42.5057001271,3.6518282855
fireworks,17,0.624555598,25.54,344114,3136x2352,0.3732,0.9761822092,42.2565778211,3.8674310418
fireworks,18,0.664996765,26.23,329283,3136x2352,0.3571,0.9758161343,42.0440313514,4.0614136652
fireworks,19,0.698475706,26.42,317287,3136x2352,0.3441,0.9752472056,41.832454791,4.2641736462
fireworks,20,0.65432317,26.13,302764,3136x2352,0.3283,0.9782232787,41.6315031294,4.4661165035
fireworks,21,0.659180852,25.77,295824,3136x2352,0.3208,0.9777456627,41.4470818552,4.6598525571
fireworks,22,0.640894898,25.21,286732,3136x2352,0.3109,0.9771027085,41.3262405752,4.7913324237
fireworks,23,0.638399461,24.81,281678,3136x2352,0.3055,0.9765360128,41.1663813019,4.9709824592
fireworks,24,0.646996343,24.96,273903,3136x2352,0.297,0.9761299677,40.969856799,5.2010937373
fireworks,25,0.643529414,24.88,261538,3136x2352,0.2836,0.9758039858,40.7450451268,5.4774175401
fireworks,26,0.60431994,23.93,251331,3136x2352,0.2725,0.9752895671,40.5623453826,5.7127579401
fireworks,27,0.6293765,24.13,241883,3136x2352,0.2623,0.9755752077,40.37969443,5.9581429378
fireworks,28,0.608366879,23.19,232942,3136x2352,0.2526,0.9755497438,40.2103984575,6.1949886513
fireworks,29,0.613763223,23.5,225053,3136x2352,0.244,0.9750594503,40.0454328074,6.4348300332
fireworks,30,0.622407813,23.73,218298,3136x2352,0.2367,0.9711975995,39.8685040286,6.7023940582
fireworks,31,0.610131974,23.89,208498,3136x2352,0.2261,0.967764082,39.615828427,7.1039111037
fireworks,32,0.616457979,23.12,199290,3136x2352,0.2161,0.9678671706,39.3640331917,7.5279554743
fireworks,33,0.583075939,22.72,191702,3136x2352,0.2079,0.9695854103,39.2110738291,7.7978159057
fireworks,34,0.609980114,23.05,183499,3136x2352,0.199,0.9689991214,38.987611758,8.2095468396
fireworks,35,0.557097827,22.02,174284,3136x2352,0.189,0.96745003,38.7295199731,8.7122105698
fireworks,36,0.599606928,22.57,165002,3136x2352,0.1789,0.9658516456,38.4404343254,9.3118705151
fireworks,37,0.595234548,23.38,156067,3136x2352,0.1692,0.9656854192,38.1780318863,9.8918420312
fireworks,38,0.582533367,21.66,146590,3136x2352,0.1589,0.9647443474,37.8599325002,10.6435648558
fireworks,39,0.569982257,21.01,137524,3136x2352,0.1491,0.963518949,37.5396109953,11.4582755323
fireworks,40,0.573713006,21.41,129192,3136x2352,0.1401,0.9611075768,37.2072044607,12.3697213021
fireworks,41,0.565053345,21.14,119468,3136x2352,0.1295,0.9592585354,36.8348171915,13.4771679877
fireworks,42,0.573224635,21.49,111519,3136x2352,0.1209,0.9576961528,36.4937767733,14.5781590299
fireworks,43,0.578728559,21.21,103147,3136x2352,0.1118,0.9560683421,36.1260407914,15.8663226531
fireworks,44,0.553279387,21.13,95221,3136x2352,0.1032,0.9539856743,35.7396604964,17.3426041468
fireworks,45,0.574783468,21.94,88111,3136x2352,0.0955,0.951212956,35.3719187514,18.8750662972
fireworks,46,0.545151248,20.67,79286,3136x2352,0.0859,0.9483357634,34.9695315746,20.7074777509
fireworks,47,0.55861533,20.43,72304,3136x2352,0.0784,0.9458685709,34.6229362772,22.4278030223
fireworks,48,0.555493073,20.34,65757,3136x2352,0.0713,0.9424444357,34.2476343206,24.4521431048
fireworks,49,0.511573478,20.68,59315,3136x2352,0.0643,0.9382218491,33.8498055582,26.7978409423
fireworks,50,0.540137296,19.99,53620,3136x2352,0.0581,0.9264193715,33.4678706076,29.2612786664
fireworks,51,0.557615378,20.05,47603,3136x2352,0.0516,0.9246162256,33.1193471474,31.7063059572
fireworks,52,0.526946244,20.32,42873,3136x2352,0.0465,0.919301813,32.7733288299,34.335824293
fireworks,53,0.525387211,20.2,39031,3136x2352,0.0423,0.9079912959,32.4143162851,37.2948386306
fireworks,54,0.514193513,19.22,36594,3136x2352,0.0396,0.9048492231,32.0995345724,40.0983870562
fireworks,55,0.523121285,19.01,34425,3136x2352,0.0373,0.8802208337,31.7626619092,43.3325423308
fireworks,56,0.508790651,18.83,32744,3136x2352,0.0355,0.8739646756,31.4078128206,47.0217814698
fireworks,57,0.502317195,19.18,31145,3136x2352,0.0337,0.8690684573,31.0037938556,51.6060923599
fireworks,58,0.503389698,18.11,28685,3136x2352,0.0311,0.8634617323,30.5315301911,57.5343673263
fireworks,59,0.493240473,18.77,25511,3136x2352,0.0276,0.8550210437,29.9435703332,65.8754094431
fireworks,60,0.492922293,18.19,22597,3136x2352,0.0245,0.8562366751,29.4131589076,74.4328194687
fireworks,61,0.477251365,17.78,19581,3136x2352,0.0212,0.8300123448,28.8001320496,85.717038112
fireworks,62,0.444684686,17.55,15199,3136x2352,0.0164,0.8376115467,27.7591859472,108.9335773904
fireworks,63,0.453986709,16.86,9615,3136x2352,0.0104,0.7561865827,25.9954023937,163.5084198406
flower_foveon,0,0.750280179,32.21,2262811,2268x1512,5.2788,0.9968283729,52.9662150373,0.3284421279
flower_foveon,1,0.551309383,21.94,1214495,2268x1512,2.8332,0.9927651717,49.0490684922,0.8094192181
flower_foveon,2,0.469705457,19,773037,2268x1512,1.8034,0.9917425041,48.5015104445,0.9181831455
flower_foveon,3,0.409364772,16.86,537100,2268x1512,1.2529,0.9905707444,47.9091130508,1.0523714458
flower_foveon,4,0.397224523,15.51,396599,2268x1512,0.9252,0.9894286956,47.3945870214,1.1847362001
flower_foveon,5,0.374617368,14.64,305085,2268x1512,0.7117,0.9885196035,46.9378882654,1.3161080161
flower_foveon,6,0.364665005,14.53,259473,2268x1512,0.6053,0.9878195049,46.5608618367,1.4354701872
flower_foveon,7,0.390738587,13.7,223480,2268x1512,0.5213,0.9874738545,46.289848326,1.5279021016
flower_foveon,8,0.305364103,12.77,200215,2268x1512,0.467,0.9870832218,46.0225222145,1.624905615
flower_foveon,9,0.293342584,12.38,179910,2268x1512,0.4197,0.9866393784,45.7281165532,1.738876369
flower_foveon,10,0.326461973,12.7,165502,2268x1512,0.386,0.9863319362,45.5126870906,1.8273075634
flower_foveon,11,0.349715829,12.26,153605,2268x1512,0.3583,0.9859962634,45.2855039222,1.9254399062
flower_foveon,12,0.323307255,11.7,142052,2268x1512,0.3313,0.9856336756,45.0406473248,2.0371153834
flower_foveon,13,0.335818036,11.95,133140,2268x1512,0.3106,0.9853594007,44.8378642979,2.1344890494
flower_foveon,14,0.310132174,11.99,125433,2268x1512,0.2926,0.9850696032,44.6596181044,2.2239168758
flower_foveon,15,0.339465114,12.34,118709,2268x1512,0.2769,0.9847745752,44.4741924399,2.320925055
flower_foveon,16,0.312528579,11.55,111773,2268x1512,0.2607,0.9844476709,44.2547491231,2.4412117327
flower_foveon,17,0.32091333,11.48,106332,2268x1512,0.248,0.9841649241,44.0765402446,2.5434683418
flower_foveon,18,0.311483657,11.25,101629,2268x1512,0.237,0.9838876801,43.9239122211,2.634445016
flower_foveon,19,0.320425509,11.67,97228,2268x1512,0.2268,0.9836177568,43.7472610256,2.7438114135
flower_foveon,20,0.276817764,11.44,92622,2268x1512,0.216,0.9833022085,43.5754514061,2.8545340004
flower_foveon,21,0.256689676,11.4,89042,2268x1512,0.2077,0.98301467,43.4214490168,2.9575729068
flower_foveon,22,0.288554923,11.06,85573,2268x1512,0.1996,0.9827642246,43.2887921096,3.0493069942
flower_foveon,23,0.277438636,10.83,82428,2268x1512,0.1922,0.9824918505,43.1480835456,3.149720422
flower_foveon,24,0.275665511,10.75,78477,2268x1512,0.183,0.9821298777,42.9547786003,3.2930816645
flower_foveon,25,0.30043536,10.82,73335,2268x1512,0.171,0.9815772966,42.6926413647,3.4979711592
flower_foveon,26,0.275692911,10.43,68849,2268x1512,0.1606,0.9810612729,42.45607706,3.6937938584
flower_foveon,27,0.290944368,10.85,64868,2268x1512,0.1513,0.9806014768,42.2208914078,3.899341035
flower_foveon,28,0.268596894,10.54,61497,2268x1512,0.1434,0.9800936978,41.9825783475,4.1192915038
flower_foveon,29,0.259978443,10.51,58302,2268x1512,0.136,0.9796303734,41.7644441348,4.3314763491
flower_foveon,30,0.262479719,10.46,55557,2268x1512,0.1296,0.9791442982,41.5469426846,4.5539272922
flower_foveon,31,0.231048654,9.8,51904,2268x1512,0.121,0.978446884,41.2364428551,4.891432619
flower_foveon,32,0.24169792,9.92,48574,2268x1512,0.1133,0.9776513137,40.9188071634,5.2625913134
flower_foveon,33,0.246609101,10.09,45785,2268x1512,0.1068,0.9769899018,40.7323452323,5.4934583687
flower_foveon,34,0.25842574,10.13,43251,2268x1512,0.1009,0.9763304297,40.4872420755,5.8124088227
flower_foveon,35,0.235969286,9.69,40650,2268x1512,0.0948,0.9756313799,40.2145617761,6.1890527359
flower_foveon,36,0.245929151,9.89,38118,2268x1512,0.0889,0.9747712282,39.9356363447,6.5995865138
flower_foveon,37,0.232683548,9.67,35933,2268x1512,0.0838,0.9741345779,39.695295507,6.9751059717
flower_foveon,38,0.228722569,9.44,33698,2268x1512,0.0786,0.9731815359,39.407604806,7.4528070945
flower_foveon,39,0.239948856,9.54,31624,2268x1512,0.0737,0.9722630949,39.1121898227,7.9774001793
flower_foveon,40,0.226214743,9.37,29852,2268x1512,0.0696,0.9714156014,38.8592235336,8.4558643531
flower_foveon,41,0.218571945,9.03,27931,2268x1512,0.0651,0.9703258496,38.5710187429,9.036047112
flower_foveon,42,0.221092511,9.04,26348,2268x1512,0.0614,0.9693640805,38.3167246616,9.5809350203
flower_foveon,43,0.218915945,9.13,24734,2268x1512,0.0577,0.9682652852,38.0244547351,10.2479002003
flower_foveon,44,0.217225241,9.03,23273,2268x1512,0.0542,0.9671279821,37.7412283537,10.9384938132
flower_foveon,45,0.210827386,8.72,21882,2268x1512,0.051,0.9661862557,37.4764111219,11.6262390587
flower_foveon,46,0.211482077,8.73,20462,2268x1512,0.0477,0.9650804642,37.1790152758,12.4502718211
flower_foveon,47,0.215061346,9.58,19253,2268x1512,0.0449,0.964059241,36.9065941642,13.256257893
flower_foveon,48,0.207537608,8.57,18038,2268x1512,0.042,0.9627560659,36.6105832283,14.1912953281
flower_foveon,49,0.20414377,8.48,16928,2268x1512,0.0394,0.9613597777,36.3000408004,15.2432046664
flower_foveon,50,0.200076181,8.38,15744,2268x1512,0.0367,0.9599943008,35.9948761922,16.3528232109
flower_foveon,51,0.201395273,8.32,14646,2268x1512,0.0341,0.9585472751,35.7398943517,17.3416703215
flower_foveon,52,0.197917695,8.24,13694,2268x1512,0.0319,0.9572685766,35.4763552508,18.4265841911
flower_foveon,53,0.199127928,8.29,12771,2268x1512,0.0297,0.9556337253,35.1790115287,19.7323680787
flower_foveon,54,0.188116571,7.88,11934,2268x1512,0.0278,0.9540225437,34.859528867,21.2386776842
flower_foveon,55,0.197839795,8.22,11105,2268x1512,0.0259,0.9524755361,34.5404637283,22.8577768213
flower_foveon,56,0.197590474,8.25,10344,2268x1512,0.0241,0.9507155433,34.1903104966,24.7770336816
flower_foveon,57,0.19186969,7.99,9597,2268x1512,0.0223,0.9485814539,33.8714665855,26.6645158349
flower_foveon,58,0.192802473,7.96,8760,2268x1512,0.0204,0.9461805415,33.5187586433,28.9204133928
flower_foveon,59,0.185551415,7.73,8070,2268x1512,0.0188,0.9442194029,33.1684221755,31.350043178
flower_foveon,60,0.190204186,7.92,7328,2268x1512,0.017,0.9413426039,32.7056149883,34.8753730688
flower_foveon,61,0.190530967,7.86,6565,2268x1512,0.0153,0.9381192597,32.2225425367,38.9785884004
flower_foveon,62,0.190105886,7.95,5608,2268x1512,0.013,0.9335368059,31.556034425,45.4440384236
flower_foveon,63,0.18743969,7.79,4489,2268x1512,0.0104,0.9264860555,30.4400040754,58.7597518889
hdr,0,1.60933838,76.03,5192944,3072x2048,6.6031,0.9965356686,52.9740345679,0.3278512955
hdr,1,1.272306683,56.34,3291536,3072x2048,4.1854,0.9922099605,48.0764268861,1.0125994152
hdr,2,1.050075909,47.11,2081408,3072x2048,2.6466,0.9912468643,47.5184143231,1.1514336798
hdr,3,0.892546012,39.79,1341574,3072x2048,1.7058,0.9908836652,47.1263762738,1.2602094544
hdr,4,0.789345403,34.7,1049351,3072x2048,1.3343,0.9901472461,46.6622261241,1.4023542934
hdr,5,0.723511796,31.94,858718,3072x2048,1.0919,0.9892202775,46.1617319742,1.5736464394
hdr,6,0.778810089,31.32,739112,3072x2048,0.9398,0.9882880081,45.7340677946,1.736495177
hdr,7,0.69610652,28.56,638223,3072x2048,0.8115,0.987444103,45.3558634853,1.8944973946
hdr,8,0.695754119,27.56,570755,3072x2048,0.7257,0.9866631198,45.027788811,2.0431557761
hdr,9,0.661854908,26.82,508471,3072x2048,0.6465,0.9857012594,44.685531136,2.2106869486
hdr,10,0.658903161,25.15,464770,3072x2048,0.5909,0.9849473777,44.4210014815,2.3495257696
hdr,11,0.614857035,24.51,426163,3072x2048,0.5418,0.9841074868,44.1448047395,2.5038014518
hdr,12,0.614267444,24.53,391328,3072x2048,0.4975,0.9832355428,43.8719895938,2.6661304898
hdr,13,0.635298354,24.15,364237,3072x2048,0.4631,0.9824397813,43.6477584992,2.8074013922
hdr,14,0.587032918,23.14,341744,3072x2048,0.4345,0.9817279916,43.4458558898,2.9409982893
hdr,15,0.60437626,23.37,320138,3072x2048,0.407,0.9809367132,43.2360806965,3.0865427123
hdr,16,0.598599956,22.21,298217,3072x2048,0.3792,0.9800510181,43.0008270556,3.2583494186
hdr,17,0.576722933,22.57,281686,3072x2048,0.3581,0.9792651678,42.8093499889,3.4052214622
hdr,18,0.581326035,21.6,266246,3072x2048,0.3385,0.9785593532,42.6397029032,3.5408707195
hdr,19,0.555209252,22.15,252639,3072x2048,0.3212,0.9777780047,42.4592159921,3.691125075
hdr,20,0.55887116,21.19,238207,3072x2048,0.3028,0.9768519771,42.2705570177,3.8550024562
hdr,21,0.534069581,21.2,226916,3072x2048,0.2885,0.976120463,42.1141338126,3.9963818656
hdr,22,0.508980671,21.17,216547,3072x2048,0.2753,0.9754278812,41.9750041595,4.1264819039
hdr,23,0.549065778,20.12,207134,3072x2048,0.2633,0.9746819622,41.8266784585,4.2698489825
hdr,24,0.54996462,20.48,194597,3072x2048,0.2474,0.9736730157,41.6280144366,4.4697055817
hdr,25,0.538415682,20.73,179348,3072x2048,0.228,0.9722895244,41.3608763065,4.7532726924
hdr,26,0.526094792,19.57,165194,3072x2048,0.21,0.9709900687,41.1142684121,5.0309907595
hdr,27,0.527186644,19.64,153659,3072x2048,0.1953,0.9696406664,40.8828348287,5.3063620461
hdr,28,0.529491841,19.81,142940,3072x2048,0.1817,0.9683594743,40.6525457946,5.5953309801
hdr,29,0.498359556,18.67,133592,3072x2048,0.1698,0.9670772583,40.4220447122,5.9003243976
hdr,30,0.520469398,19.06,124663,3072x2048,0.1585,0.965898795,40.2059616941,6.2013207012
hdr,31,0.50041091,18.68,114545,3072x2048,0.1456,0.9641675171,39.9160328463,6.6294435395
hdr,32,0.49601778,19.17,104540,3072x2048,0.1329,0.9624460186,39.6188506279,7.0989693006
hdr,33,0.474747779,17.96,96743,3072x2048,0.123,0.9607346073,39.4004723566,7.4650569492
hdr,34,0.469906717,17.95,90082,3072x2048,0.1145,0.9592347456,39.1722314078,7.8678708076
hdr,35,0.472780144,17.81,83466,3072x2048,0.1061,0.9575717218,38.9230648929,8.3324721654
hdr,36,0.477623706,17.48,77031,3072x2048,0.0979,0.9557829125,38.652949231,8.8671782282
hdr,37,0.4749722,17.38,71278,3072x2048,0.0906,0.9541479186,38.4013754801,9.3959957759
hdr,38,0.438300691,16.51,65547,3072x2048,0.0833,0.9520995014,38.1299457289,10.0019755363
hdr,39,0.43768372,16.85,60909,3072x2048,0.0774,0.9501722612,37.8764548608,10.6031492551
hdr,40,0.430502233,16.43,56299,3072x2048,0.0715,0.9483435742,37.6329362333,11.2146761682
hdr,41,0.441584469,16.66,51675,3072x2048,0.0657,0.9462730902,37.3641360286,11.9307228724
hdr,42,0.407953839,15.75,47897,3072x2048,0.0609,0.9442841067,37.1086282229,12.6537001398
hdr,43,0.42909371,15.65,43895,3072x2048,0.0558,0.9422829319,36.8422047368,13.4542622036
hdr,44,0.421568912,16.27,40910,3072x2048,0.052,0.9400676922,36.5814424218,14.2868379487
hdr,45,0.398627046,15.64,37783,3072x2048,0.048,0.9377084603,36.311949526,15.2014637523
hdr,46,0.393624514,15.7,34927,3072x2048,0.0444,0.9356116863,36.0409408497,16.1802890566
hdr,47,0.414361985,15.36,32516,3072x2048,0.0413,0.9335075538,35.7920031382,17.1348397467
hdr,48,0.399147827,15.83,29956,3072x2048,0.038,0.9309127587,35.5093179173,18.2872570356
hdr,49,0.389464774,15.64,27983,3072x2048,0.0355,0.9284313147,35.2403669016,19.4555570814
hdr,50,0.389665725,15.8,26030,3072x2048,0.033,0.9259811469,34.9655829275,20.7263137499
hdr,51,0.383220119,15.53,24163,3072x2048,0.0307,0.9232567063,34.7277898162,21.89280351
hdr,52,0.381552095,15.38,22440,3072x2048,0.0285,0.9207787779,34.465264321,23.2570126322
hdr,53,0.390449247,15.76,20851,3072x2048,0.0265,0.9182166639,34.1933331017,24.7597953478
hdr,54,0.377776707,15.04,19275,3072x2048,0.0245,0.915396437,33.9346821506,26.279200342
hdr,55,0.377926926,14.96,17865,3072x2048,0.0227,0.9126165555,33.6490417395,28.0657199224
hdr,56,0.377910727,15.07,16505,3072x2048,0.0209,0.909807955,33.3395868603,30.1385028627
hdr,57,0.361994338,14.59,15217,3072x2048,0.0193,0.9068096164,33.0316186013,32.3532937368
hdr,58,0.364452655,14.5,13892,3072x2048,0.0176,0.9036006816,32.6964139696,34.949338807
hdr,59,0.361286257,14.6,12674,3072x2048,0.0161,0.9002199278,32.3365503937,37.9686644872
hdr,60,0.35441291,14.51,11444,3072x2048,0.0145,0.8970143209,31.9678936081,41.3324358198
hdr,61,0.352741506,14.36,10154,3072x2048,0.0129,0.8938510737,31.5303280486,45.7138244311
hdr,62,0.353487548,14.97,8631,3072x2048,0.0109,0.8893466975,30.88665417,53.016974926
hdr,63,0.347523754,13.99,6853,3072x2048,0.0087,0.8821270584,29.841758045,67.4379804929
leaves_iso_1600,0,1.637694299,74.82,9373073,3008x2000,12.4641,0.9984911372,53.1096867547,0.3177691157
leaves_iso_1600,1,1.567328,75.67,7679926,3008x2000,10.2126,0.9970235004,48.2831283005,0.9655339096
leaves_iso_1600,2,1.50473054,72.19,6631443,3008x2000,8.8184,0.9962174393,46.9189972922,1.3218453014
leaves_iso_1600,3,1.407345106,68.79,5784305,3008x2000,7.6918,0.9953679583,45.7544207872,1.728376219
leaves_iso_1600,4,1.390594346,67.77,5135821,3008x2000,6.8295,0.9944823936,44.7833703314,2.1614407137
leaves_iso_1600,5,1.290696347,63.87,4560553,3008x2000,6.0645,0.9934754913,43.8426403296,2.6842089982
leaves_iso_1600,6,1.269034725,62.45,4116687,3008x2000,5.4743,0.9924525351,43.0712769624,3.2059198803
leaves_iso_1600,7,1.26730784,62.1,3705424,3008x2000,4.9274,0.9914370835,42.3637997124,3.7731180186
leaves_iso_1600,8,1.193138683,58.88,3387242,3008x2000,4.5043,0.9904002763,41.7687576474,4.327176363
leaves_iso_1600,9,1.159936613,57.85,3078555,3008x2000,4.0938,0.9892379868,41.1715742465,4.9650421099
leaves_iso_1600,10,1.098048244,55.07,2837836,3008x2000,3.7737,0.9882533665,40.7145863796,5.5159678081
leaves_iso_1600,11,1.101851543,55.34,2626509,3008x2000,3.4926,0.9871451955,40.2624610517,6.121167387
leaves_iso_1600,12,1.079408089,53.58,2418852,3008x2000,3.2165,0.9859285872,39.7971398551,6.8134390514
leaves_iso_1600,13,1.021971042,50.95,2255244,3008x2000,2.9989,0.9848390275,39.4220676828,7.4280290337
leaves_iso_1600,14,1.009605172,50.72,2111405,3008x2000,2.8077,0.9838720804,39.0987211283,8.0021787456
leaves_iso_1600,15,0.991083128,49.67,1982769,3008x2000,2.6366,0.9827513259,38.7686926136,8.6339812168
leaves_iso_1600,16,0.96247804,48.67,1853067,3008x2000,2.4641,0.9815193023,38.417735523,9.3606672762
leaves_iso_1600,17,0.947462303,47.5,1750163,3008x2000,2.3273,0.9803432892,38.1205212451,10.0237040669
leaves_iso_1600,18,0.945908109,47.36,1657991,3008x2000,2.2047,0.979389549,37.8681802994,10.6233705674
leaves_iso_1600,19,0.940142156,46.91,1572991,3008x2000,2.0917,0.9782348529,37.6037656141,11.2902562611
leaves_iso_1600,20,0.919418196,45.74,1485303,3008x2000,1.9751,0.9769597774,37.3187381028,12.0560919215
leaves_iso_1600,21,0.902827106,44.54,1414515,3008x2000,1.881,0.9757833035,37.0782762215,12.7424441489
leaves_iso_1600,22,0.852204905,43.33,1349966,3008x2000,1.7951,0.9747706663,36.8747391734,13.3538484597
leaves_iso_1600,23,0.879740521,43.48,1289618,3008x2000,1.7149,0.9735108987,36.6455171044,14.077600953
leaves_iso_1600,24,0.89166927,43.6,1220177,3008x2000,1.6225,0.9720014719,36.3778670448,14.9724770612
leaves_iso_1600,25,0.868713174,42.29,1123399,3008x2000,1.4938,0.9697994541,35.9986452737,16.3386373559
leaves_iso_1600,26,0.831517805,40.48,1038870,3008x2000,1.3814,0.9673917601,35.6427558354,17.7339213209
leaves_iso_1600,27,0.808569409,39.59,965483,3008x2000,1.2838,0.9651870022,35.3237074174,19.0857670656
leaves_iso_1600,28,0.80488681,38.76,900447,3008x2000,1.1974,0.962996101,35.0233226531,20.4525797872
leaves_iso_1600,29,0.761704237,38.36,842589,3008x2000,1.1204,0.9605226413,34.7200991698,21.9316064384
leaves_iso_1600,30,0.778963259,37.33,791425,3008x2000,1.0524,0.9582989796,34.4465153289,23.3576328679
leaves_iso_1600,31,0.759230781,36.78,727867,3008x2000,0.9679,0.9546416285,34.0631578442,25.5131790226
leaves_iso_1600,32,0.744428396,36.17,668090,3008x2000,0.8884,0.9510552866,33.6972279715,27.7560437722
leaves_iso_1600,33,0.697609974,33.83,620795,3008x2000,0.8255,0.9476585906,33.3781288642,29.8722183067
leaves_iso_1600,34,0.693223743,33.67,578445,3008x2000,0.7692,0.9442440602,33.0719827391,32.0539892509
leaves_iso_1600,35,0.716448089,34.28,533173,3008x2000,0.709,0.939917789,32.7222891872,34.7417301086
leaves_iso_1600,36,0.703778858,33.19,490525,3008x2000,0.6522,0.9352054248,32.3620845693,37.7460841645
leaves_iso_1600,37,0.699860609,32.09,455837,3008x2000,0.6061,0.9310670207,32.0484707422,40.5726417886
leaves_iso_1600,38,0.694868997,31.65,421110,3008x2000,0.5599,0.925882099,31.694600114,44.0169908577
leaves_iso_1600,39,0.662595919,30.63,389275,3008x2000,0.5176,0.9203097027,31.343976651,47.7180508644
leaves_iso_1600,40,0.67513637,30.36,361741,3008x2000,0.481,0.9150745655,31.0288713403,51.3089617686
leaves_iso_1600,41,0.652294465,29.81,333361,3008x2000,0.4432,0.9084207019,30.6730651419,55.6895677083
leaves_iso_1600,42,0.665450197,29.41,310066,3008x2000,0.4123,0.9020793945,30.3543920663,59.9295689827
leaves_iso_1600,43,0.617442212,27.52,286587,3008x2000,0.381,0.8948551525,30.0061299805,64.9332832447
leaves_iso_1600,44,0.60859365,27.48,266212,3008x2000,0.354,0.8876486647,29.6743796489,70.0877948249
leaves_iso_1600,45,0.636364017,27.14,246353,3008x2000,0.3275,0.8798913836,29.3404660982,75.6891714317
leaves_iso_1600,46,0.605318842,26.46,228272,3008x2000,0.3035,0.8713623529,28.9964866712,81.9278756095
leaves_iso_1600,47,0.59186097,26.25,212656,3008x2000,0.2827,0.8633536818,28.6798108888,88.1250288121
leaves_iso_1600,48,0.590201786,25.03,196741,3008x2000,0.2616,0.8537180357,28.3330835795,95.4491363032
leaves_iso_1600,49,0.595614399,24.75,181909,3008x2000,0.2419,0.8444075837,28.0056460346,102.9237870124
leaves_iso_1600,50,0.596651712,24.65,168693,3008x2000,0.2243,0.8341781206,27.6667380393,111.2772942154
leaves_iso_1600,51,0.58742335,23.48,155795,3008x2000,0.2071,0.8239145005,27.3295800662,120.2603197584
leaves_iso_1600,52,0.580384453,23.14,143598,3008x2000,0.1909,0.8137179195,26.9995995882,129.753894559
leaves_iso_1600,53,0.549425408,22.42,132444,3008x2000,0.1761,0.8026350604,26.6624288799,140.2288824246
leaves_iso_1600,54,0.535723395,20.71,121829,3008x2000,0.162,0.7909468624,26.3294025791,151.404960051
leaves_iso_1600,55,0.481658926,20.6,111220,3008x2000,0.1478,0.7788902948,25.9742668967,164.3060939162
leaves_iso_1600,56,0.516691569,20.51,101359,3008x2000,0.1347,0.7654121888,25.5973842432,179.2016221188
leaves_iso_1600,57,0.504261339,20.14,92062,3008x2000,0.1224,0.7517455381,25.2226827073,195.3494038121
leaves_iso_1600,58,0.53765562,19.28,83129,3008x2000,0.1105,0.7377098049,24.8139489856,214.627547152
leaves_iso_1600,59,0.498420175,18.51,74335,3008x2000,0.0988,0.7221517962,24.3994236401,236.1228393174
leaves_iso_1600,60,0.47486725,18.75,65549,3008x2000,0.0871,0.7045809849,23.9453498637,262.1472912234
leaves_iso_1600,61,0.48323472,18.64,57436,3008x2000,0.0763,0.6868592784,23.4771672579,291.9870800643
leaves_iso_1600,62,0.485038893,18.66,47404,3008x2000,0.063,0.6590442477,22.7840854274,342.5088661902
leaves_iso_1600,63,0.451877514,17.61,35555,3008x2000,0.0472,0.6174268355,21.7958713797,430.0245231051
leaves_iso_200,0,1.541152217,72.44,7791505,3008x2000,10.361,0.9987881131,53.1790543291,0.3127338763
leaves_iso_200,1,1.410581354,69.96,5776707,3008x2000,7.6817,0.9974940674,48.1196840067,1.0025636636
leaves_iso_200,2,1.311650626,65.28,4742840,3008x2000,6.3069,0.9967161076,46.6272044071,1.4137086658
leaves_iso_200,3,1.258052578,62.9,3957243,3008x2000,5.2622,0.9958385644,45.3363696985,1.9030201684
leaves_iso_200,4,1.182553697,59.4,3421812,3008x2000,4.5502,0.9948304763,44.1920748721,2.4766969747
leaves_iso_200,5,1.15843151,58.14,2971226,3008x2000,3.951,0.9936098906,43.1030853092,3.1825250443
leaves_iso_200,6,1.097585513,55.66,2654640,3008x2000,3.5301,0.9922574857,42.1746209906,3.9411073249
leaves_iso_200,7,1.05026644,53.83,2373845,3008x2000,3.1567,0.9906920777,41.2814633699,4.8409881981
leaves_iso_200,8,1.018306533,52.23,2166999,3008x2000,2.8816,0.9890711304,40.5554628872,5.7218184286
leaves_iso_200,9,0.986041066,50.21,1973632,3008x2000,2.6245,0.9872267043,39.8356188238,6.7533378768
leaves_iso_200,10,0.925906421,48.41,1829572,3008x2000,2.4329,0.9853869755,39.261393854,7.7079870346
leaves_iso_200,11,0.934068541,47.5,1705085,3008x2000,2.2674,0.9834895638,38.7289297519,8.7133946698
leaves_iso_200,12,0.928931858,47.43,1584159,3008x2000,2.1065,0.9813506732,38.1850792699,9.8758033577
leaves_iso_200,13,0.886536677,44.96,1490133,3008x2000,1.9815,0.9793434127,37.7436347433,10.9324345634
leaves_iso_200,14,0.872035052,43.86,1408145,3008x2000,1.8725,0.9773465336,37.3557170505,11.953873504
leaves_iso_200,15,0.873818437,44.02,1334268,3008x2000,1.7742,0.9752994214,36.9804140126,13.0328368794
leaves_iso_200,16,0.883065939,44.1,1260088,3008x2000,1.6756,0.9730656642,36.5908666955,14.2558688497
leaves_iso_200,17,0.84209595,42.88,1200651,3008x2000,1.5966,0.9709652333,36.2664886921,15.3614245346
leaves_iso_200,18,0.849018447,42.07,1147526,3008x2000,1.5259,0.9689732377,35.9826302581,16.3989988364
leaves_iso_200,19,0.83798897,41.21,1098729,3008x2000,1.461,0.9669122365,35.6961182138,17.5173553302
leaves_iso_200,20,0.799341098,39.88,1047672,3008x2000,1.3931,0.9646925654,35.3937932477,18.780235594
leaves_iso_200,21,0.825806541,41.05,1007234,3008x2000,1.3394,0.9626225087,35.1417583194,19.9023577682
leaves_iso_200,22,0.816236798,40.25,970493,3008x2000,1.2905,0.9607569421,34.9199518009,20.9452322695
leaves_iso_200,23,0.8002588,39.38,934473,3008x2000,1.2426,0.9587452832,34.6932570554,22.0675772385
leaves_iso_200,24,0.786733118,39.27,893207,3008x2000,1.1877,0.9562269797,34.4198703627,23.5013778258
leaves_iso_200,25,0.761965718,37.65,835475,3008x2000,1.111,0.9525871119,34.0387196096,25.6571492132
leaves_iso_200,26,0.759273961,37.45,785276,3008x2000,1.0442,0.9487718049,33.6764384736,27.8892293329
leaves_iso_200,27,0.746648582,36.51,740719,3008x2000,0.9849,0.945381105,33.3614333536,29.9872765957
leaves_iso_200,28,0.721787082,35.84,701370,3008x2000,0.9326,0.9420280186,33.0661922934,32.0967553191
leaves_iso_200,29,0.72518285,35.15,665092,3008x2000,0.8844,0.9385347809,32.7793518313,34.2882387522
leaves_iso_200,30,0.770127878,35.98,632883,3008x2000,0.8415,0.9354549856,32.5256455696,36.3509532358
leaves_iso_200,31,0.715103375,34.44,591926,3008x2000,0.7871,0.9307192759,32.1743967638,39.4131081006
leaves_iso_200,32,0.717789422,33.97,551618,3008x2000,0.7335,0.9261127658,31.8434906687,42.5335168994
leaves_iso_200,33,0.702581856,33.56,520102,3008x2000,0.6916,0.9218917812,31.5568864319,45.4351240027
leaves_iso_200,34,0.741157068,33.72,491920,3008x2000,0.6541,0.9176339776,31.2840914853,48.3805958001
leaves_iso_200,35,0.74191374,33.07,460077,3008x2000,0.6118,0.9126449829,30.9790948441,51.9004204898
leaves_iso_200,36,0.696465441,32.07,429752,3008x2000,0.5714,0.9072684792,30.6681229749,55.752977172
leaves_iso_200,37,0.678138577,30.89,404349,3008x2000,0.5376,0.9021727774,30.388228366,59.4644661458
leaves_iso_200,38,0.674443108,30.94,377960,3008x2000,0.5026,0.8967332971,30.0966190146,63.594339262
leaves_iso_200,39,0.668407553,30.17,353072,3008x2000,0.4695,0.8907850985,29.8034760886,68.0350568484
leaves_iso_200,40,0.619682236,28.21,331103,3008x2000,0.4402,0.8850596581,29.5381086185,72.3218453568
leaves_iso_200,41,0.654239769,28.86,308508,3008x2000,0.4102,0.8783292516,29.2441898737,77.3858172651
leaves_iso_200,42,0.626794443,27.89,289175,3008x2000,0.3845,0.8720321529,28.9874150849,82.0991862256
leaves_iso_200,43,0.653285338,27.81,269501,3008x2000,0.3583,0.8649601192,28.703883033,87.6379192154
leaves_iso_200,44,0.643480854,27.64,251771,3008x2000,0.3348,0.8580095298,28.4372660625,93.1866618462
leaves_iso_200,45,0.620724789,26.49,234561,3008x2000,0.3119,0.8501169398,28.1547229408,99.4507509419
leaves_iso_200,46,0.588574551,25.46,218085,3008x2000,0.29,0.8418014963,27.8781338024,105.9905096964
leaves_iso_200,47,0.604004239,25.05,203896,3008x2000,0.2711,0.8339255656,27.6178184492,112.5378246343
leaves_iso_200,48,0.585931286,24.94,189140,3008x2000,0.2515,0.8250181111,27.3319730246,120.1940746897
leaves_iso_200,49,0.590502467,24.26,175517,3008x2000,0.2334,0.8158876632,27.0564143267,128.0674989473
leaves_iso_200,50,0.574422368,24.01,163319,3008x2000,0.2171,0.8061984081,26.7724231121,136.721888852
leaves_iso_200,51,0.556274165,22.81,151237,3008x2000,0.2011,0.7960349109,26.4838119032,146.1164696365
leaves_iso_200,52,0.551159783,22.11,139589,3008x2000,0.1856,0.7859710809,26.2062576595,155.7595181184
leaves_iso_200,53,0.550906072,22.04,128704,3008x2000,0.1711,0.7754156831,25.914530012,166.5817267841
leaves_iso_200,54,0.523286786,20.6,118527,3008x2000,0.1576,0.7638595165,25.6244767726,178.0871909353
leaves_iso_200,55,0.539121423,21.8,108647,3008x2000,0.1444,0.7516421593,25.3055482726,191.6573741135
leaves_iso_200,56,0.511872898,20.64,98914,3008x2000,0.1315,0.7391151767,24.9912469199,206.0419582779
leaves_iso_200,57,0.503535418,19.48,89875,3008x2000,0.1195,0.725479314,24.6471010451,223.0335804521
leaves_iso_200,58,0.499998429,19.54,81042,3008x2000,0.1077,0.711224548,24.2918123901,242.0466754211
leaves_iso_200,59,0.487289669,19.17,72575,3008x2000,0.0965,0.6959001761,23.922879953,263.5071267731
leaves_iso_200,60,0.482053836,17.75,64004,3008x2000,0.0851,0.6787438577,23.5157567537,289.4041040004
leaves_iso_200,61,0.487175869,17.75,55889,3008x2000,0.0743,0.6601628401,23.0803960525,319.9195318595
leaves_iso_200,62,0.452833336,17.55,46155,3008x2000,0.0613,0.6323925897,22.4578973987,369.224593473
leaves_iso_200,63,0.436055636,17.48,34358,3008x2000,0.0456,0.5891451389,21.4929246808,461.0923244127
nightshot_iso_100,0,1.782395846,87.21,6349727,3136x2352,6.887,0.9969084351,53.3023158677,0.3039826342
nightshot_iso_100,1,1.421694751,74.42,4014640,3136x2352,4.3543,0.9924822068,48.3695552369,0.9465091947
nightshot_iso_100,2,1.210511724,63.59,2701576,3136x2352,2.9301,0.9918507052,47.7751358876,1.0853424065
nightshot_iso_100,3,1.101048081,57.93,1913272,3136x2352,2.0751,0.9909747046,47.0896980235,1.2708975969
nightshot_iso_100,4,1.006986116,52.54,1497304,3136x2352,1.624,0.9901254806,46.4438215485,1.4746814117
nightshot_iso_100,5,0.925636471,47.09,1219263,3136x2352,1.3224,0.9893187648,45.812800587,1.7052980764
nightshot_iso_100,6,0.93803246,45.09,1029475,3136x2352,1.1165,0.988600847,45.2989863416,1.9194717587
nightshot_iso_100,7,0.856568865,41.63,881898,3136x2352,0.9565,0.9880453534,44.8247165856,2.1409607343
nightshot_iso_100,8,0.820643688,43.15,782544,3136x2352,0.8487,0.9875611808,44.4420472096,2.3381676092
nightshot_iso_100,9,0.811550737,35.79,704940,3136x2352,0.7645,0.9869484115,44.0002379814,2.5885500273
nightshot_iso_100,10,0.804013699,34.77,643638,3136x2352,0.6981,0.9865162612,43.6995532333,2.774118685
nightshot_iso_100,11,0.809909553,34.3,599116,3136x2352,0.6498,0.9860100225,43.3853066576,2.9822887834
nightshot_iso_100,12,0.778639248,32.71,552042,3136x2352,0.5987,0.9854865236,43.0647782511,3.2107207573
nightshot_iso_100,13,0.797640184,32.96,519297,3136x2352,0.5632,0.9850247873,42.8071976454,3.4069094926
nightshot_iso_100,14,0.80450826,32.79,491483,3136x2352,0.533,0.9846443163,42.6004175805,3.5730459621
nightshot_iso_100,15,0.732412478,30.37,463942,3136x2352,0.5031,0.9842423615,42.3824539979,3.7569460714
nightshot_iso_100,16,0.72929512,30.54,436217,3136x2352,0.4731,0.9837294636,42.1532537855,3.9605452752
nightshot_iso_100,17,0.747911945,30.11,415259,3136x2352,0.4503,0.9832619332,41.9575696244,4.1430807548
nightshot_iso_100,18,0.713384892,29.62,397504,3136x2352,0.4311,0.9828713483,41.7951872355,4.3009227022
nightshot_iso_100,19,0.694426946,29.78,378362,3136x2352,0.4103,0.9824405247,41.6151663283,4.482948276
nightshot_iso_100,20,0.682088016,28.39,360891,3136x2352,0.3914,0.9819067128,41.4297049875,4.6785347775
nightshot_iso_100,21,0.725697841,28.84,346965,3136x2352,0.3763,0.9814730691,41.274741477,4.8484867507
nightshot_iso_100,22,0.685624435,27.94,335085,3136x2352,0.3634,0.9811445856,41.1547106936,4.9843587307
nightshot_iso_100,23,0.676300023,28.18,322688,3136x2352,0.3499,0.9806677961,41.0127871274,5.1499338203
nightshot_iso_100,24,0.720287648,27.43,306350,3136x2352,0.3322,0.9800905893,40.8416395339,5.3569353788
nightshot_iso_100,25,0.666623839,26.99,286185,3136x2352,0.3104,0.9792205499,40.5932207623,5.6722881489
nightshot_iso_100,26,0.690712987,27.17,268126,3136x2352,0.2908,0.9784051624,40.3709914404,5.9700946546
nightshot_iso_100,27,0.70856571,26.88,252317,3136x2352,0.2736,0.9776078379,40.1556209287,6.2736208456
nightshot_iso_100,28,0.665683467,26.34,236909,3136x2352,0.2569,0.9767447131,39.9421308266,6.5897248036
nightshot_iso_100,29,0.66704635,26.99,222663,3136x2352,0.2415,0.9758593599,39.715386879,6.9429121962
nightshot_iso_100,30,0.650324821,25.36,210194,3136x2352,0.2279,0.9750059061,39.5069919572,7.2841883192
nightshot_iso_100,31,0.657682867,25.93,193505,3136x2352,0.2098,0.9738143439,39.2195704394,7.7825750411
nightshot_iso_100,32,0.658967331,25.2,178873,3136x2352,0.194,0.9726096689,38.924268262,8.3301636742
nightshot_iso_100,33,0.638423182,24.24,166949,3136x2352,0.181,0.9712610217,38.6864714172,8.7989980032
nightshot_iso_100,34,0.644194826,25.21,157442,3136x2352,0.1707,0.9702089123,38.4614916443,9.2668300101
nightshot_iso_100,35,0.615651407,24.54,145412,3136x2352,0.1577,0.9688590759,38.1896368041,9.8654450168
nightshot_iso_100,36,0.624067307,23.52,134577,3136x2352,0.1459,0.967395413,37.891498619,10.5664839809
nightshot_iso_100,37,0.576859994,23.35,126036,3136x2352,0.1367,0.9662081493,37.6444578318,11.1849636671
nightshot_iso_100,38,0.615771647,23.26,116795,3136x2352,0.1266,0.9645444589,37.3374450599,12.0042727603
nightshot_iso_100,39,0.602979497,23.08,108761,3136x2352,0.1179,0.9628057717,37.0318370462,12.8794303914
nightshot_iso_100,40,0.605655543,22.68,101411,3136x2352,0.1099,0.9611192275,36.7673630909,13.6881278128
nightshot_iso_100,41,0.595525249,22.8,93672,3136x2352,0.1015,0.9591909464,36.425090207,14.8105552356
nightshot_iso_100,42,0.603127587,22.97,87200,3136x2352,0.0945,0.9574242804,36.1482150401,15.785518693
nightshot_iso_100,43,0.582670298,22.84,80399,3136x2352,0.0872,0.9554435758,35.8235051603,17.0110000101
nightshot_iso_100,44,0.560373805,22.39,73758,3136x2352,0.0799,0.9535778595,35.5233616989,18.2282170388
nightshot_iso_100,45,0.558204289,21.09,67944,3136x2352,0.0736,0.9514331878,35.2125146433,19.5807307936
nightshot_iso_100,46,0.563847452,21.04,62358,3136x2352,0.0676,0.9490948823,34.8772464422,21.1522083988
nightshot_iso_100,47,0.546733702,20.99,58014,3136x2352,0.0629,0.9469134053,34.575379494,22.6747449883
nightshot_iso_100,48,0.565260926,20.79,52977,3136x2352,0.0574,0.9444617887,34.2593309179,24.3863761916
nightshot_iso_100,49,0.543256593,20.16,49130,3136x2352,0.0532,0.9418033961,33.9138269592,26.4056987883
nightshot_iso_100,50,0.552874516,19.9,45349,3136x2352,0.0491,0.939074187,33.6026717641,28.3669853544
nightshot_iso_100,51,0.546436162,19.97,41498,3136x2352,0.045,0.9364415421,33.3119082599,30.3311959589
nightshot_iso_100,52,0.535190944,19.69,38651,3136x2352,0.0419,0.9338006301,33.0117244352,32.5018377036
nightshot_iso_100,53,0.525412741,18.98,35813,3136x2352,0.0388,0.9311250187,32.7063729654,34.8692867772
nightshot_iso_100,54,0.510535985,19.08,33274,3136x2352,0.036,0.928165007,32.4073813513,37.3544396287
nightshot_iso_100,55,0.486171956,18.8,30855,3136x2352,0.0334,0.9254317517,32.0659935615,40.4092699819
nightshot_iso_100,56,0.488863853,18.34,28311,3136x2352,0.0307,0.9220077764,31.6985896492,43.9765743404
nightshot_iso_100,57,0.49566272,18.58,25795,3136x2352,0.0279,0.9188350648,31.3689399252,47.4445539908
nightshot_iso_100,58,0.491983951,18.22,23252,3136x2352,0.0252,0.915083273,30.9566725181,52.1690717156
nightshot_iso_100,59,0.452748916,18.3,20817,3136x2352,0.0225,0.911046648,30.5315745419,57.53377978
nightshot_iso_100,60,0.460869475,17.5,18327,3136x2352,0.0198,0.9063948294,29.9996906436,65.0296320218
nightshot_iso_100,61,0.465563907,17.56,15849,3136x2352,0.0171,0.9019533191,29.4495969138,73.8109286604
nightshot_iso_100,62,0.442690602,17.04,12952,3136x2352,0.014,0.894741888,28.6180790573,89.3866075767
nightshot_iso_100,63,0.454783411,17,9518,3136x2352,0.0103,0.8848788497,27.484427893,116.0479763387
nightshot_iso_1600,0,1.738815941,76.09,10650033,3136x2352,11.5512,0.9977382031,53.4711278719,0.2923934056
nightshot_iso_1600,1,1.448876107,61.45,8908446,3136x2352,9.6622,0.9944454529,47.7543488008,1.0905497456
nightshot_iso_1600,2,1.344173644,55.95,7676014,3136x2352,8.3255,0.9928546652,46.3664388573,1.5011928081
nightshot_iso_1600,3,1.288462141,54.84,6701033,3136x2352,7.268,0.9910857667,45.1822108423,1.9717837204
nightshot_iso_1600,4,1.245000147,52.48,5926043,3136x2352,6.4274,0.9890227439,44.1102751881,2.5237878315
nightshot_iso_1600,5,1.181997866,49.91,5249692,3136x2352,5.6939,0.9865033531,43.080310503,3.1992583385
nightshot_iso_1600,6,1.140969367,47.84,4715280,3136x2352,5.1142,0.9837010656,42.1699398766,3.945357602
nightshot_iso_1600,7,1.126277392,46.57,4214647,3136x2352,4.5712,0.980434385,41.2996403217,4.8207690788
nightshot_iso_1600,8,1.056993786,45.27,3815869,3136x2352,4.1387,0.9770032029,40.5606409674,5.7150003868
nightshot_iso_1600,9,1.068211472,43.97,3448592,3136x2352,3.7404,0.9731530404,39.8537952579,6.7251323414
nightshot_iso_1600,10,1.030519302,43.08,3127757,3136x2352,3.3924,0.9691917957,39.2431685236,7.740401858
nightshot_iso_1600,11,0.988791762,41.49,2830686,3136x2352,3.0702,0.9649699892,38.67638816,8.8194508618
nightshot_iso_1600,12,0.973051624,40.4,2539573,3136x2352,2.7544,0.9601531735,38.1159875689,10.0341734509
nightshot_iso_1600,13,0.941082027,38.79,2313440,3136x2352,2.5091,0.9555707933,37.6565263793,11.1539250772
nightshot_iso_1600,14,0.901360672,38.16,2113978,3136x2352,2.2928,0.9508454463,37.2406892926,12.2747154054
nightshot_iso_1600,15,0.873187155,35.58,1937095,3136x2352,2.101,0.9461162313,36.861188932,13.3955783126
nightshot_iso_1600,16,0.868959445,35.76,1766322,3136x2352,1.9157,0.9407096457,36.4762864658,14.6369879159
nightshot_iso_1600,17,0.839865305,34.44,1628463,3136x2352,1.7662,0.9356242466,36.1511453562,15.7748713192
nightshot_iso_1600,18,0.791048737,34.05,1507448,3136x2352,1.635,0.930677298,35.8610904305,16.8644164378
nightshot_iso_1600,19,0.8000621,33.32,1400012,3136x2352,1.5184,0.9256771728,35.5867312979,17.9641730948
nightshot_iso_1600,20,0.777308884,33.18,1294113,3136x2352,1.4036,0.920154682,35.3044326422,19.1706614034
nightshot_iso_1600,21,0.790306206,33.08,1207375,3136x2352,1.3095,0.9152170516,35.0668143243,20.2487831043
nightshot_iso_1600,22,0.772135682,32.19,1129803,3136x2352,1.2254,0.9104507192,34.8534852117,21.2682540677
nightshot_iso_1600,23,0.766656689,31.43,1059286,3136x2352,1.1489,0.905677163,34.6441469383,22.318534134
nightshot_iso_1600,24,0.752318645,30.55,970481,3136x2352,1.0526,0.8989073581,34.3710941556,23.7668127918
nightshot_iso_1600,25,0.732035667,30.27,859870,3136x2352,0.9326,0.8897369558,34.0221545748,25.755198617
nightshot_iso_1600,26,0.70436876,28.94,766078,3136x2352,0.8309,0.880656143,33.7056877997,27.7020290844
nightshot_iso_1600,27,0.691277548,27.93,686131,3136x2352,0.7441,0.8721237407,33.4248531721,29.5525556391
nightshot_iso_1600,28,0.678958408,27.86,617373,3136x2352,0.6696,0.8639399947,33.1671051398,31.3595517927
nightshot_iso_1600,29,0.620247868,26.37,556961,3136x2352,0.604,0.8560724032,32.9259959507,33.1497887979
nightshot_iso_1600,30,0.643144173,26.08,504764,3136x2352,0.5474,0.8486267703,32.7107871255,34.8338637113
nightshot_iso_1600,31,0.666004978,25.62,441024,3136x2352,0.4783,0.8385884372,32.4251332985,37.2020636114
nightshot_iso_1600,32,0.636627577,24.58,385320,3136x2352,0.4179,0.8289738547,32.1625903294,39.5203996671
nightshot_iso_1600,33,0.62545292,23.92,340451,3136x2352,0.3692,0.8202702432,31.936976009,41.627732965
nightshot_iso_1600,34,0.619866797,23.2,302699,3136x2352,0.3283,0.8123163124,31.7311020317,43.648583833
nightshot_iso_1600,35,0.623385916,23.79,264297,3136x2352,0.2866,0.8036749316,31.5143539694,45.8822771509
nightshot_iso_1600,36,0.568102703,24.2,229050,3136x2352,0.2484,0.7951185005,31.295779675,48.2505639107
nightshot_iso_1600,37,0.594062425,23.49,200874,3136x2352,0.2178,0.7877382939,31.1067280647,50.3973329978
nightshot_iso_1600,38,0.577171284,22.41,174293,3136x2352,0.189,0.780577627,30.9123716831,52.7039532862
nightshot_iso_1600,39,0.543036443,21.26,150994,3136x2352,0.1637,0.7742117704,30.732241091,54.9359010026
nightshot_iso_1600,40,0.555773784,20.85,132093,3136x2352,0.1432,0.7686153302,30.5746090578,56.9664892052
nightshot_iso_1600,41,0.552577746,21.31,114117,3136x2352,0.1237,0.7638734944,30.4100114016,59.1669552201
nightshot_iso_1600,42,0.550444011,20.21,100102,3136x2352,0.1085,0.760210267,30.2683906065,61.1281567341
nightshot_iso_1600,43,0.541492249,20.44,87052,3136x2352,0.0944,0.7571706173,30.1232484624,63.2055936347
nightshot_iso_1600,44,0.532501037,19.57,76746,3136x2352,0.0832,0.7549395043,29.9993540564,65.034672149
nightshot_iso_1600,45,0.51677518,19.32,67803,3136x2352,0.0735,0.7527103292,29.8779776589,66.8778949797
nightshot_iso_1600,46,0.519033195,19.62,60250,3136x2352,0.0653,0.7509184293,29.7610026716,68.7036948309
nightshot_iso_1600,47,0.490674017,18.98,54223,3136x2352,0.0588,0.7494520833,29.6617549498,70.291832568
nightshot_iso_1600,48,0.509197922,18.87,48561,3136x2352,0.0526,0.7475650306,29.5555552397,72.0318944436
nightshot_iso_1600,49,0.486167817,18.31,44007,3136x2352,0.0477,0.7457683037,29.4565460374,73.6929186136
nightshot_iso_1600,50,0.489689855,18.3,40350,3136x2352,0.0437,0.7437070805,29.351651606,75.4944803814
nightshot_iso_1600,51,0.486974148,18.35,37269,3136x2352,0.0404,0.741567955,29.2553923428,77.1864605749
nightshot_iso_1600,52,0.48762523,17.87,34277,3136x2352,0.0371,0.7397011193,29.1584843584,78.9281502806
nightshot_iso_1600,53,0.46256782,18.17,31744,3136x2352,0.0344,0.7374441581,29.0498064803,80.9281686739
nightshot_iso_1600,54,0.475471121,17.7,29303,3136x2352,0.0317,0.7348856258,28.9421041645,82.9602294255
nightshot_iso_1600,55,0.464000653,18.22,26986,3136x2352,0.0292,0.73295091,28.8224262884,85.2781424804
nightshot_iso_1600,56,0.463097621,17.44,24677,3136x2352,0.0267,0.7305307594,28.6847136197,88.0256009956
nightshot_iso_1600,57,0.459111962,17.72,22588,3136x2352,0.0244,0.7279881732,28.5447134986,90.9094459611
nightshot_iso_1600,58,0.443740025,17.26,20589,3136x2352,0.0223,0.7251483088,28.379831216,94.4272276778
nightshot_iso_1600,59,0.435584305,17.12,18525,3136x2352,0.02,0.7222334894,28.195546774,98.5202904371
nightshot_iso_1600,60,0.43375729,17.01,16534,3136x2352,0.0179,0.7186155669,27.9663859301,103.8584335068
nightshot_iso_1600,61,0.434760553,16.58,14392,3136x2352,0.0156,0.7139681753,27.6584437303,111.4900185813
nightshot_iso_1600,62,0.418310663,16.13,11896,3136x2352,0.0129,0.706738749,27.2551590754,122.3388667808
nightshot_iso_1600,63,0.421148581,17.03,8783,3136x2352,0.0095,0.6944854634,26.5285543857,144.6188561841
spider_web,0,1.493749933,83.53,8058649,4256x2848,5.3187,0.9964192717,53.0615535139,0.3213105677
spider_web,1,1.122985265,58.41,3766643,4256x2848,2.486,0.9933614311,49.4732746496,0.7340960646
spider_web,2,1.001566773,49.96,2460787,4256x2848,1.6241,0.9926275102,49.076355679,0.804349494
spider_web,3,0.989708625,44.33,1846988,4256x2848,1.219,0.991670709,48.4715244762,0.9245446998
spider_web,4,0.95845495,45.23,1488370,4256x2848,0.9823,0.9905786904,47.8746706471,1.0607506246
spider_web,5,0.927301455,41.3,1204219,4256x2848,0.7947,0.9894592235,47.3159259324,1.2063901084
spider_web,6,0.905935233,39.53,1014539,4256x2848,0.6696,0.988277295,46.8058379147,1.356739813
spider_web,7,0.922263333,41.33,845573,4256x2848,0.558,0.9871797031,46.4110539077,1.4858500051
spider_web,8,0.893525764,37.46,725767,4256x2848,0.479,0.9861025698,46.0223344861,1.6249758548
spider_web,9,0.892459851,37.98,615152,4256x2848,0.406,0.9849486672,45.631771963,1.777882948
spider_web,10,0.853309157,35.32,533517,4256x2848,0.3521,0.9839832487,45.3252083661,1.9079172046
spider_web,11,0.858468349,35.59,467716,4256x2848,0.3086,0.983035416,45.0340658859,2.0402048342
spider_web,12,0.843173433,36.16,404197,4256x2848,0.2667,0.9820880888,44.7435975873,2.1813261318
spider_web,13,0.836146446,32.57,358670,4256x2848,0.2367,0.9813576036,44.5239159223,2.2945037332
spider_web,14,0.857048396,36.56,321181,4256x2848,0.2119,0.9807900883,44.3326540976,2.3978110161
spider_web,15,0.874833169,38.93,289443,4256x2848,0.191,0.980212223,44.1497665105,2.5009425172
spider_web,16,0.776345103,34.29,259972,4256x2848,0.1715,0.9797146244,43.9548240466,2.6157603729
spider_web,17,0.812701669,32.01,239098,4256x2848,0.1578,0.9793176034,43.802887714,2.708891369
spider_web,18,0.801704854,30.92,221711,4256x2848,0.1463,0.9789829606,43.6692729005,2.7935282707
spider_web,19,0.790762927,34.26,206563,4256x2848,0.1363,0.9786927613,43.5411059641,2.8771980975
spider_web,20,0.806326584,31.28,192176,4256x2848,0.1268,0.9782941934,43.4138209861,2.9627722088
spider_web,21,0.809318082,30.23,181205,4256x2848,0.1195,0.9780551964,43.3066081588,3.0368234546
spider_web,22,0.779881101,31.42,171742,4256x2848,0.1133,0.9778073569,43.2078963283,3.106638557
spider_web,23,0.801550663,31.28,163123,4256x2848,0.1076,0.9775239982,43.1035178868,3.1822080658
spider_web,24,0.768667394,30.47,152891,4256x2848,0.1009,0.9772318765,42.9809829047,3.2732718108
spider_web,25,0.740163276,31.17,140352,4256x2848,0.0926,0.9767250705,42.798687911,3.4135916677
spider_web,26,0.769691316,32.22,129908,4256x2848,0.0857,0.9762525609,42.6441066732,3.5372820768
spider_web,27,0.755346623,32.24,120941,4256x2848,0.0798,0.975803506,42.485174237,3.6691286294
spider_web,28,0.749265067,28.04,113349,4256x2848,0.0748,0.975334929,42.3379357576,3.7956554725
spider_web,29,0.712329189,31.56,106815,4256x2848,0.0704,0.9748196817,42.1799615473,3.9362638898
spider_web,30,0.711354207,31.24,101246,4256x2848,0.0668,0.9743796535,42.0187728501,4.085103609
spider_web,31,0.720432309,28.15,93813,4256x2848,0.0619,0.9737896507,41.8120372894,4.2842680184
spider_web,32,0.744582107,30.71,87075,4256x2848,0.0574,0.9731479913,41.6061856963,4.4922280079
spider_web,33,0.722591543,28.28,82059,4256x2848,0.0541,0.9724421523,41.4910286324,4.6129367265
spider_web,34,0.736002916,30.17,77287,4256x2848,0.051,0.9718279244,41.3253286729,4.792338581
spider_web,35,0.699903819,29.38,72163,4256x2848,0.0476,0.9711301901,41.1544852082,4.984617525
spider_web,36,0.707979598,28.06,67294,4256x2848,0.0444,0.9703002315,40.9580682203,5.2152308715
spider_web,37,0.714203613,27.19,63151,4256x2848,0.0416,0.9697417376,40.7826146328,5.4302384131
spider_web,38,0.697921345,26.94,58701,4256x2848,0.0387,0.9689189087,40.5951174125,5.6698114889
spider_web,39,0.704056329,27.26,54792,4256x2848,0.0361,0.9680395059,40.4049016979,5.9236609233
spider_web,40,0.707435418,28.83,51558,4256x2848,0.034,0.9672883525,40.2306546265,6.1661615415
spider_web,41,0.682230416,28.14,48102,4256x2848,0.0317,0.9663081887,40.0104432924,6.4868825032
spider_web,42,0.692669011,31.53,45111,4256x2848,0.0297,0.9651506646,39.7973526434,6.8131052262
spider_web,43,0.677746026,30.88,42104,4256x2848,0.0277,0.964353917,39.5872733648,7.1507735389
spider_web,44,0.678594499,26.06,39657,4256x2848,0.0261,0.9635108842,39.37531074,7.5084326038
spider_web,45,0.670625489,25.18,37171,4256x2848,0.0245,0.9623941108,39.1321413991,7.9408358942
spider_web,46,0.6793823,25.84,34837,4256x2848,0.0229,0.9613126383,38.8854236163,8.4050054473
spider_web,47,0.666437439,25.01,32644,4256x2848,0.0215,0.9603929405,38.674481553,8.8233235608
spider_web,48,0.677843177,26.07,30566,4256x2848,0.0201,0.9593820062,38.4291420981,9.3361141068
spider_web,49,0.664056593,24.94,28731,4256x2848,0.0189,0.9584447476,38.1815604559,9.8838083402
spider_web,50,0.662339388,25.08,26969,4256x2848,0.0177,0.9569711211,37.8877766744,10.5755434386
spider_web,51,0.667734112,26.14,25210,4256x2848,0.0166,0.9555634299,37.6623896007,11.1388768071
spider_web,52,0.670260628,25.49,23609,4256x2848,0.0155,0.9545719293,37.422837881,11.7705450204
spider_web,53,0.664926355,24.96,21947,4256x2848,0.0144,0.9531950179,37.1794334444,12.449073081
spider_web,54,0.655273742,24.36,20560,4256x2848,0.0135,0.9518713886,36.9302823813,13.1841496132
spider_web,55,0.655571583,24.73,19103,4256x2848,0.0126,0.9509155816,36.6449420644,14.0794650612
spider_web,56,0.657968169,25.11,17889,4256x2848,0.0118,0.9492921632,36.3142627758,15.1933689176
spider_web,57,0.655482712,28.29,16452,4256x2848,0.0108,0.9477006471,35.9708310695,16.4436132576
spider_web,58,0.657229227,25.32,15131,4256x2848,0.0099,0.946203098,35.6179160339,17.8356424495
spider_web,59,0.644048095,27.87,13866,4256x2848,0.0091,0.9447975063,35.2544883277,19.3923985482
spider_web,60,0.645321739,24.6,12549,4256x2848,0.0082,0.9429399054,34.8180138928,21.4426754155
spider_web,61,0.644579297,23.91,11232,4256x2848,0.0074,0.9415577805,34.2578865555,24.3944878821
spider_web,62,0.660832595,25.15,9547,4256x2848,0.0063,0.9392319854,33.4982138634,29.0575487118
spider_web,63,0.64163684,23.82,7746,4256x2848,0.0051,0.9355050317,32.1909516203,39.2631553922
