Filename,q_flag,Time,Energy,File Size,Resolution,bpp
artificial,0,0.911508446,31.79,3331020,3072x2048,4.2356
artificial,1,0.879584896,33.32,3351197,3072x2048,4.2612
artificial,2,0.910064302,33.39,3378542,3072x2048,4.2960
artificial,3,0.901514620,33.88,3378243,3072x2048,4.2956
artificial,4,0.880581109,33.82,3379042,3072x2048,4.2966
artificial,5,0.848261488,33.11,3390793,3072x2048,4.3116
artificial,6,0.853162980,36.32,3375247,3072x2048,4.2918
artificial,7,0.843514096,34.93,3376121,3072x2048,4.2929
artificial,8,0.847197005,33.14,3370073,3072x2048,4.2852
artificial,9,0.835746776,31.17,3388842,3072x2048,4.3091
artificial,10,0.842047212,32.56,3394529,3072x2048,4.3163
artificial,11,0.821897932,32.34,3383394,3072x2048,4.3022
artificial,12,0.816282458,30.81,3379841,3072x2048,4.2976
artificial,13,0.812142448,31.17,3375633,3072x2048,4.2923
artificial,14,0.817775121,32.39,3370956,3072x2048,4.2863
artificial,15,0.803484396,30.98,3362481,3072x2048,4.2756
artificial,16,0.804687779,31.76,3352778,3072x2048,4.2632
artificial,17,0.778946605,29.25,3342465,3072x2048,4.2501
artificial,18,0.779106525,30.22,3329021,3072x2048,4.2330
artificial,19,0.780987639,30.98,3327794,3072x2048,4.2315
artificial,20,0.787397926,31.24,3340611,3072x2048,4.2478
artificial,21,0.776914770,35.08,3325073,3072x2048,4.2280
artificial,22,0.779272756,39.22,3318613,3072x2048,4.2198
artificial,23,0.789572032,37.37,3314703,3072x2048,4.2148
artificial,24,0.770448003,32.95,3296956,3072x2048,4.1922
artificial,25,0.791780867,35.23,3309149,3072x2048,4.2078
artificial,26,0.779560896,35.66,3291089,3072x2048,4.1848
artificial,27,0.776659439,38.10,3282443,3072x2048,4.1738
artificial,28,0.755654056,31.79,3276943,3072x2048,4.1668
artificial,29,0.759133975,30.49,3283504,3072x2048,4.1751
artificial,30,0.742193573,29.82,3261412,3072x2048,4.1470
artificial,31,0.749486021,29.58,3260676,3072x2048,4.1461
artificial,32,0.742119513,29.35,3254672,3072x2048,4.1385
artificial,33,0.735887058,31.66,3254167,3072x2048,4.1378
artificial,34,0.745956942,33.02,3254075,3072x2048,4.1377
artificial,35,0.726988245,26.55,3260846,3072x2048,4.1463
artificial,36,0.733780142,28.12,3263232,3072x2048,4.1494
artificial,37,0.724719599,28.86,3267660,3072x2048,4.1550
artificial,38,0.731137395,28.04,3255258,3072x2048,4.1392
artificial,39,0.731302676,27.28,3256882,3072x2048,4.1413
artificial,40,0.718265303,27.87,3238482,3072x2048,4.1179
artificial,41,0.701897183,28.55,3217274,3072x2048,4.0909
artificial,42,0.717347271,28.44,3227740,3072x2048,4.1042
artificial,43,0.712238868,29.61,3226924,3072x2048,4.1032
artificial,44,0.708777269,27.34,3206617,3072x2048,4.0774
artificial,45,0.706847965,27.94,3224951,3072x2048,4.1007
artificial,46,0.700655829,27.17,3226465,3072x2048,4.1026
artificial,47,0.715966167,32.23,3233479,3072x2048,4.1115
artificial,48,0.708465289,29.65,3235890,3072x2048,4.1146
artificial,49,0.716969090,27.84,3236103,3072x2048,4.1149
artificial,50,0.711861747,29.10,3241482,3072x2048,4.1217
artificial,51,0.708128818,28.39,3239280,3072x2048,4.1189
artificial,52,0.701421501,27.28,3213601,3072x2048,4.0863
artificial,53,0.692098738,33.15,3189395,3072x2048,4.0555
artificial,54,0.686016072,29.78,3173321,3072x2048,4.0350
artificial,55,0.686323343,28.59,3160585,3072x2048,4.0188
artificial,56,0.685677242,27.39,3184328,3072x2048,4.0490
artificial,57,0.688781740,28.39,3185057,3072x2048,4.0500
artificial,58,0.685479121,27.40,3171393,3072x2048,4.0326
artificial,59,0.681174840,27.10,3177041,3072x2048,4.0398
artificial,60,0.690303503,31.60,3178094,3072x2048,4.0411
artificial,61,0.683937097,31.05,3159026,3072x2048,4.0169
artificial,62,0.711579397,30.83,3192322,3072x2048,4.0592
artificial,63,0.719772307,34.53,3173764,3072x2048,4.0356
artificial,64,0.735471616,36.06,3180737,3072x2048,4.0445
artificial,65,0.746380973,50.61,3193788,3072x2048,4.0611
artificial,66,0.729713431,48.06,3198222,3072x2048,4.0667
artificial,67,0.720212678,37.51,3177164,3072x2048,4.0399
artificial,68,0.696328468,30.54,3146574,3072x2048,4.0010
artificial,69,0.706558334,29.83,3170226,3072x2048,4.0311
artificial,70,0.688312728,28.69,3170411,3072x2048,4.0313
artificial,71,0.674347764,29.07,3149248,3072x2048,4.0044
artificial,72,0.684155588,29.96,3168027,3072x2048,4.0283
artificial,73,0.687081736,30.04,3163057,3072x2048,4.0220
artificial,74,0.678247394,28.48,3168434,3072x2048,4.0288
artificial,75,0.674279664,26.48,3145332,3072x2048,3.9994
artificial,76,0.688739320,28.03,3161879,3072x2048,4.0205
artificial,77,0.664599300,26.60,3103924,3072x2048,3.9468
artificial,78,0.680084248,30.82,3132159,3072x2048,3.9827
artificial,79,0.657853142,29.67,3097647,3072x2048,3.9388
artificial,80,0.667974137,28.56,3112941,3072x2048,3.9583
artificial,81,0.656124668,27.51,3094569,3072x2048,3.9349
artificial,82,0.655396957,28.40,3071555,3072x2048,3.9056
artificial,83,0.634564574,26.90,3047430,3072x2048,3.8750
artificial,84,0.619205646,27.44,3015201,3072x2048,3.8340
artificial,85,0.678316643,30.41,3038795,3072x2048,3.8640
artificial,86,0.597297221,27.89,2947913,3072x2048,3.7484
artificial,87,0.589778022,24.21,2931382,3072x2048,3.7274
artificial,88,0.609968313,25.14,2944131,3072x2048,3.7436
artificial,89,0.592624750,26.87,2904663,3072x2048,3.6934
artificial,90,0.585717912,26.17,2884313,3072x2048,3.6675
artificial,91,0.589987973,25.98,2862364,3072x2048,3.6396
artificial,92,0.590410364,26.09,2847756,3072x2048,3.6211
artificial,93,0.593620202,24.05,2871416,3072x2048,3.6511
artificial,94,0.558703395,24.26,2805873,3072x2048,3.5678
artificial,95,0.570386734,22.82,2831387,3072x2048,3.6002
artificial,96,0.592484959,27.90,2802751,3072x2048,3.5638
artificial,97,0.578727575,28.04,2761347,3072x2048,3.5112
artificial,98,0.578396954,24.91,2780439,3072x2048,3.5355
artificial,99,0.605158951,25.51,2770780,3072x2048,3.5232
big_building,0,7.679266072,252.72,27903251,7216x5412,5.7159
big_building,1,8.585378715,287.25,31590675,7216x5412,6.4713
big_building,2,8.784302961,286.38,32628540,7216x5412,6.6839
big_building,3,8.854621817,293.61,33262074,7216x5412,6.8137
big_building,4,8.955974960,298.04,33757446,7216x5412,6.9152
big_building,5,8.830025385,281.65,34034046,7216x5412,6.9718
big_building,6,8.825683425,311.73,34435712,7216x5412,7.0541
big_building,7,8.864118690,282.42,34846995,7216x5412,7.1384
big_building,8,8.864399941,313.42,34912512,7216x5412,7.1518
big_building,9,8.925597004,398.55,35281361,7216x5412,7.2273
big_building,10,8.952191571,369.89,35583731,7216x5412,7.2893
big_building,11,8.951399368,370.04,35933489,7216x5412,7.3609
big_building,12,9.027314058,381.88,36085197,7216x5412,7.3920
big_building,13,8.868841292,360.39,36144978,7216x5412,7.4042
big_building,14,8.881481684,368.54,36280180,7216x5412,7.4319
big_building,15,8.992414501,368.85,36634858,7216x5412,7.5046
big_building,16,8.875398439,364.59,36865928,7216x5412,7.5519
big_building,17,8.933849585,367.45,36925361,7216x5412,7.5641
big_building,18,9.036241041,368.09,37163169,7216x5412,7.6128
big_building,19,8.889712735,369.37,37276481,7216x5412,7.6360
big_building,20,8.880550682,367.38,37280295,7216x5412,7.6368
big_building,21,8.806916998,362.30,37267175,7216x5412,7.6341
big_building,22,8.908110200,367.12,37492085,7216x5412,7.6802
big_building,23,8.784006971,370.12,37614642,7216x5412,7.7053
big_building,24,8.840516352,366.35,37771902,7216x5412,7.7375
big_building,25,8.843321498,367.08,37963261,7216x5412,7.7767
big_building,26,8.975577059,375.35,38088994,7216x5412,7.8025
big_building,27,8.846225646,370.37,38228290,7216x5412,7.8310
big_building,28,8.929942355,371.49,38381165,7216x5412,7.8623
big_building,29,8.877419194,368.53,38477556,7216x5412,7.8821
big_building,30,8.812787373,366.08,38619871,7216x5412,7.9112
big_building,31,8.937884835,375.53,38801103,7216x5412,7.9484
big_building,32,8.796061640,370.71,38954420,7216x5412,7.9798
big_building,33,8.884505452,368.01,39052982,7216x5412,7.9999
big_building,34,8.821655235,371.01,39647296,7216x5412,8.1217
big_building,35,8.807217970,378.26,39644399,7216x5412,8.1211
big_building,36,8.829135423,376.76,39841371,7216x5412,8.1614
big_building,37,8.911939590,372.00,39900461,7216x5412,8.1736
big_building,38,8.858444476,369.02,39911698,7216x5412,8.1759
big_building,39,8.956762252,377.63,40377779,7216x5412,8.2713
big_building,40,9.021151083,374.85,40351271,7216x5412,8.2659
big_building,41,8.874572257,376.52,40387449,7216x5412,8.2733
big_building,42,8.993974585,379.90,40884499,7216x5412,8.3751
big_building,43,9.077215813,375.95,40500197,7216x5412,8.2964
big_building,44,8.965928045,373.82,40935561,7216x5412,8.3856
big_building,45,8.981516244,373.03,40940182,7216x5412,8.3865
big_building,46,8.915417779,370.57,40863308,7216x5412,8.3708
big_building,47,8.879977620,370.43,41061132,7216x5412,8.4113
big_building,48,8.845352313,376.95,41213710,7216x5412,8.4426
big_building,49,8.966647796,382.23,41191251,7216x5412,8.4380
big_building,50,8.956140610,373.64,41346800,7216x5412,8.4698
big_building,51,8.804275791,373.19,41325596,7216x5412,8.4655
big_building,52,8.864219651,375.15,41431689,7216x5412,8.4872
big_building,53,8.870612796,374.27,41609965,7216x5412,8.5237
big_building,54,9.030967547,378.99,41886523,7216x5412,8.5804
big_building,55,8.973391914,376.10,42022733,7216x5412,8.6083
big_building,56,9.156032880,382.99,42197282,7216x5412,8.6441
big_building,57,9.102188915,382.27,42215271,7216x5412,8.6477
big_building,58,8.930788807,372.86,42813098,7216x5412,8.7702
big_building,59,8.877284474,371.74,42592316,7216x5412,8.7250
big_building,60,8.956527801,379.96,42701179,7216x5412,8.7473
big_building,61,9.138933067,391.57,43220749,7216x5412,8.8537
big_building,62,9.114761307,385.28,43341108,7216x5412,8.8784
big_building,63,9.117651743,381.81,43487052,7216x5412,8.9083
big_building,64,9.116713471,382.47,43429613,7216x5412,8.8965
big_building,65,9.024435661,386.15,43429613,7216x5412,8.8965
big_building,66,9.227691918,382.44,43918495,7216x5412,8.9966
big_building,67,9.244444200,389.30,43871491,7216x5412,8.9870
big_building,68,9.235156807,382.45,44045687,7216x5412,9.0227
big_building,69,9.280535861,387.06,44209607,7216x5412,9.0563
big_building,70,9.384473740,391.29,44209607,7216x5412,9.0563
big_building,71,9.241440543,383.13,43982577,7216x5412,9.0098
big_building,72,9.227812559,393.24,43974592,7216x5412,9.0081
big_building,73,9.041291763,375.07,44184451,7216x5412,9.0511
big_building,74,9.317493243,387.05,44255077,7216x5412,9.0656
big_building,75,9.117283903,387.22,44255077,7216x5412,9.0656
big_building,76,9.153291843,385.04,44620890,7216x5412,9.1405
big_building,77,9.281204982,386.58,44935178,7216x5412,9.2049
big_building,78,9.448823470,397.02,45835871,7216x5412,9.3894
big_building,79,9.633516413,397.35,46449431,7216x5412,9.5151
big_building,80,9.793222541,420.78,46813268,7216x5412,9.5896
big_building,81,9.904202798,410.81,47539646,7216x5412,9.7384
big_building,82,10.298791183,436.78,47987986,7216x5412,9.8303
big_building,83,10.453815129,445.45,48991717,7216x5412,10.0359
big_building,84,10.531499214,453.08,49273736,7216x5412,10.0937
big_building,85,11.071506702,466.09,50586482,7216x5412,10.3626
big_building,86,11.278502049,479.66,50843070,7216x5412,10.4151
big_building,87,11.025079396,470.25,50858525,7216x5412,10.4183
big_building,88,11.588009381,488.12,52524962,7216x5412,10.7597
big_building,89,12.416242189,531.62,54047426,7216x5412,11.0716
big_building,90,12.369340252,528.24,54345583,7216x5412,11.1326
big_building,91,12.498228694,534.25,55019277,7216x5412,11.2706
big_building,92,13.333948160,567.40,55744215,7216x5412,11.4191
big_building,93,12.807826927,541.99,57228726,7216x5412,11.7232
big_building,94,12.958424183,550.52,57215647,7216x5412,11.7206
big_building,95,13.732956827,589.04,59937501,7216x5412,12.2781
big_building,96,13.656256485,577.09,59756101,7216x5412,12.2410
big_building,97,13.981179396,592.54,60629200,7216x5412,12.4198
big_building,98,14.124493214,595.42,60776229,7216x5412,12.4500
big_building,99,14.567206179,623.55,60077638,7216x5412,12.3068
big_tree,0,4.889591888,214.90,18202110,6088x4550,5.2568
big_tree,1,5.712467292,241.13,20589252,6088x4550,5.9462
big_tree,2,5.890694227,248.45,21007642,6088x4550,6.0671
big_tree,3,5.970395736,255.54,21304005,6088x4550,6.1526
big_tree,4,6.129915445,256.53,21652101,6088x4550,6.2532
big_tree,5,6.175780508,266.85,22012601,6088x4550,6.3573
big_tree,6,6.139237618,260.69,21906354,6088x4550,6.3266
big_tree,7,6.283256107,263.20,22330218,6088x4550,6.4490
big_tree,8,6.406546235,269.11,22610550,6088x4550,6.5300
big_tree,9,6.449138212,270.14,22768554,6088x4550,6.5756
big_tree,10,6.402000433,271.96,22803869,6088x4550,6.5858
big_tree,11,6.530300794,275.28,23185846,6088x4550,6.6961
big_tree,12,6.741511031,281.67,23454527,6088x4550,6.7737
big_tree,13,6.907262715,296.20,23812427,6088x4550,6.8771
big_tree,14,6.885705601,290.31,23981236,6088x4550,6.9258
big_tree,15,6.908549608,294.63,23969921,6088x4550,6.9226
big_tree,16,6.978354393,291.65,24246578,6088x4550,7.0025
big_tree,17,7.084152176,301.22,24587656,6088x4550,7.1010
big_tree,18,7.228497297,302.17,24893400,6088x4550,7.1893
big_tree,19,7.367691285,311.20,25347059,6088x4550,7.3203
big_tree,20,7.493594699,317.40,25420941,6088x4550,7.3416
big_tree,21,7.593691779,319.15,25715212,6088x4550,7.4266
big_tree,22,7.664714286,321.80,25828640,6088x4550,7.4594
big_tree,23,7.754689072,333.18,26007994,6088x4550,7.5112
big_tree,24,7.713409448,322.68,25968141,6088x4550,7.4997
big_tree,25,7.678104070,319.59,25955979,6088x4550,7.4962
big_tree,26,7.891879544,327.60,26390438,6088x4550,7.6216
big_tree,27,7.869293477,330.56,26491908,6088x4550,7.6509
big_tree,28,8.041803748,335.57,26900066,6088x4550,7.7688
big_tree,29,8.267117460,347.56,27306427,6088x4550,7.8862
big_tree,30,8.136602874,338.04,27290216,6088x4550,7.8815
big_tree,31,8.306825119,348.95,27455386,6088x4550,7.9292
big_tree,32,8.497957556,360.99,27919392,6088x4550,8.0632
big_tree,33,8.476664874,353.64,27927168,6088x4550,8.0654
big_tree,34,8.525916396,354.51,28018678,6088x4550,8.0919
big_tree,35,8.755916171,363.05,28426717,6088x4550,8.2097
big_tree,36,8.729614925,367.01,28381705,6088x4550,8.1967
big_tree,37,8.659988181,361.93,28466037,6088x4550,8.2211
big_tree,38,8.937166943,370.45,28938181,6088x4550,8.3574
big_tree,39,8.882559146,369.23,28946071,6088x4550,8.3597
big_tree,40,8.959712849,380.08,29177158,6088x4550,8.4264
big_tree,41,9.293737383,393.78,29501001,6088x4550,8.5200
big_tree,42,9.232863132,383.21,29572536,6088x4550,8.5406
big_tree,43,9.431629898,396.50,29821379,6088x4550,8.6125
big_tree,44,9.410671055,402.34,29824649,6088x4550,8.6134
big_tree,45,9.541894223,405.21,30172617,6088x4550,8.7139
big_tree,46,9.707268606,408.68,30801586,6088x4550,8.8956
big_tree,47,9.799717596,414.96,30893944,6088x4550,8.9223
big_tree,48,9.815700276,418.31,30821175,6088x4550,8.9012
big_tree,49,9.733947762,410.70,30851246,6088x4550,8.9099
big_tree,50,9.934721593,414.19,31334938,6088x4550,9.0496
big_tree,51,9.954312772,422.07,31341470,6088x4550,9.0515
big_tree,52,10.001914971,411.44,31464758,6088x4550,9.0871
big_tree,53,9.929199640,417.60,31505415,6088x4550,9.0989
big_tree,54,10.054558872,413.19,31707996,6088x4550,9.1574
big_tree,55,10.100052136,422.32,31708662,6088x4550,9.1576
big_tree,56,10.100207017,427.52,31928027,6088x4550,9.2209
big_tree,57,10.312184647,431.34,31981484,6088x4550,9.2363
big_tree,58,10.352738927,432.19,32313774,6088x4550,9.3323
big_tree,59,10.353363968,428.14,32361143,6088x4550,9.3460
big_tree,60,10.413690829,435.07,32416816,6088x4550,9.3621
big_tree,61,10.624088495,464.21,32729715,6088x4550,9.4524
big_tree,62,10.470703102,442.81,32762900,6088x4550,9.4620
big_tree,63,10.635293092,449.61,33108722,6088x4550,9.5619
big_tree,64,10.732467225,453.68,33105779,6088x4550,9.5610
big_tree,65,10.986526900,466.42,33856476,6088x4550,9.7779
big_tree,66,10.845360917,461.32,33862179,6088x4550,9.7795
big_tree,67,10.748618357,458.07,33822791,6088x4550,9.7681
big_tree,68,10.888456515,462.95,34119946,6088x4550,9.8539
big_tree,69,10.985593588,470.09,34202378,6088x4550,9.8778
big_tree,70,11.205828317,477.48,34516191,6088x4550,9.9684
big_tree,71,11.149664957,473.92,34526840,6088x4550,9.9715
big_tree,72,11.223530341,484.59,34528002,6088x4550,9.9718
big_tree,73,11.033129126,473.51,34791201,6088x4550,10.0478
big_tree,74,11.187586251,498.40,34818301,6088x4550,10.0556
big_tree,75,11.324161533,500.96,35082362,6088x4550,10.1319
big_tree,76,11.308875565,505.23,35440112,6088x4550,10.2352
big_tree,77,11.423358331,493.15,35822099,6088x4550,10.3455
big_tree,78,11.591725761,482.32,36028418,6088x4550,10.4051
big_tree,79,11.709348074,487.24,36714457,6088x4550,10.6033
big_tree,80,11.705160594,490.35,36830532,6088x4550,10.6368
big_tree,81,11.323072190,473.17,38204654,6088x4550,11.0336
big_tree,82,11.553713775,478.11,38138350,6088x4550,11.0145
big_tree,83,10.595124342,448.01,39799903,6088x4550,11.4943
big_tree,84,11.005569567,459.35,39972982,6088x4550,11.5443
big_tree,85,10.622554341,441.88,40629100,6088x4550,11.7338
big_tree,86,9.116695411,389.11,42011121,6088x4550,12.1330
big_tree,87,9.250402985,400.03,42210063,6088x4550,12.1904
big_tree,88,9.147938050,392.84,42104437,6088x4550,12.1599
big_tree,89,8.942479026,382.54,43110846,6088x4550,12.4506
big_tree,90,8.967032268,387.57,43009822,6088x4550,12.4214
big_tree,91,8.685803246,376.62,43731944,6088x4550,12.6299
big_tree,92,8.934710647,378.96,43625487,6088x4550,12.5992
big_tree,93,9.034822127,383.82,43474256,6088x4550,12.5555
big_tree,94,8.731560960,372.74,44081044,6088x4550,12.7308
big_tree,95,8.242236048,351.71,44597245,6088x4550,12.8798
big_tree,96,8.882820128,375.92,44166762,6088x4550,12.7555
big_tree,97,9.023516469,389.17,43993577,6088x4550,12.7055
big_tree,98,8.612878433,371.49,44527605,6088x4550,12.8597
big_tree,99,9.216922172,398.22,43890812,6088x4550,12.6758
bridge,0,1.889518728,89.56,7352376,2749x4049,5.2843
bridge,1,2.030271849,91.63,7899667,2749x4049,5.6777
bridge,2,2.135289221,95.04,8102790,2749x4049,5.8237
bridge,3,2.147567332,98.42,8278408,2749x4049,5.9499
bridge,4,2.266093628,101.72,8430398,2749x4049,6.0592
bridge,5,2.271682702,100.63,8669655,2749x4049,6.2311
bridge,6,2.326528909,103.04,8828232,2749x4049,6.3451
bridge,7,2.383177460,106.95,9022647,2749x4049,6.4848
bridge,8,2.558618178,112.24,9258912,2749x4049,6.6546
bridge,9,2.532820494,110.74,9358511,2749x4049,6.7262
bridge,10,2.567690491,113.13,9557445,2749x4049,6.8692
bridge,11,2.663890731,117.58,9713700,2749x4049,6.9815
bridge,12,2.634460587,115.66,9822933,2749x4049,7.0600
bridge,13,2.684045711,119.02,9979815,2749x4049,7.1728
bridge,14,2.840831152,125.23,10177555,2749x4049,7.3149
bridge,15,2.842584567,126.33,10350482,2749x4049,7.4392
bridge,16,2.827761710,125.93,10470463,2749x4049,7.5254
bridge,17,2.890551656,128.72,10515728,2749x4049,7.5579
bridge,18,2.918907978,128.36,10670838,2749x4049,7.6694
bridge,19,2.898444077,128.16,10702019,2749x4049,7.6918
bridge,20,2.928405892,127.92,10851683,2749x4049,7.7994
bridge,21,2.983820980,132.36,10910487,2749x4049,7.8417
bridge,22,3.080729362,136.24,11044535,2749x4049,7.9380
bridge,23,3.092451821,138.23,11222113,2749x4049,8.0657
bridge,24,3.153635573,141.14,11327380,2749x4049,8.1413
bridge,25,3.102908147,137.78,11353805,2749x4049,8.1603
bridge,26,3.154067465,139.67,11510900,2749x4049,8.2732
bridge,27,3.160270900,141.43,11525897,2749x4049,8.2840
bridge,28,3.316136239,145.68,11720427,2749x4049,8.4238
bridge,29,3.244018920,143.14,11724232,2749x4049,8.4265
bridge,30,3.303274047,144.35,11786504,2749x4049,8.4713
bridge,31,3.328590180,147.30,11963091,2749x4049,8.5982
bridge,32,3.270331615,143.98,11984902,2749x4049,8.6139
bridge,33,3.416384359,148.75,12245153,2749x4049,8.8009
bridge,34,3.337946253,145.26,12236583,2749x4049,8.7948
bridge,35,3.357976403,147.86,12307657,2749x4049,8.8459
bridge,36,3.563250376,156.19,12501734,2749x4049,8.9854
bridge,37,3.448282789,151.53,12488115,2749x4049,8.9756
bridge,38,3.502316464,153.82,12587733,2749x4049,9.0472
bridge,39,3.654440624,164.86,12849705,2749x4049,9.2355
bridge,40,3.629984213,182.45,12852380,2749x4049,9.2374
bridge,41,3.605849413,174.49,12912325,2749x4049,9.2805
bridge,42,3.598991666,172.61,12907538,2749x4049,9.2770
bridge,43,3.579437526,171.57,12982453,2749x4049,9.3309
bridge,44,3.620477239,181.41,13025086,2749x4049,9.3615
bridge,45,3.662868005,178.02,13287183,2749x4049,9.5499
bridge,46,3.778442854,219.52,13304504,2749x4049,9.5623
bridge,47,4.058899944,296.77,13218075,2749x4049,9.5002
bridge,48,3.706866305,186.06,13248208,2749x4049,9.5219
bridge,49,3.752122628,171.06,13493722,2749x4049,9.6983
bridge,50,3.792550468,184.53,13505937,2749x4049,9.7071
bridge,51,3.695627807,170.62,13513736,2749x4049,9.7127
bridge,52,3.765434591,170.41,13638353,2749x4049,9.8023
bridge,53,3.918390963,186.62,13852477,2749x4049,9.9562
bridge,54,3.816495979,187.18,13923134,2749x4049,10.0070
bridge,55,3.783393546,177.70,14017840,2749x4049,10.0750
bridge,56,3.896329488,179.15,14023888,2749x4049,10.0794
bridge,57,3.936334807,176.85,14178565,2749x4049,10.1905
bridge,58,3.838038523,175.98,14390111,2749x4049,10.3426
bridge,59,3.865050880,177.63,14400931,2749x4049,10.3504
bridge,60,3.905521521,176.69,14682390,2749x4049,10.5527
bridge,61,3.968876469,183.37,14651287,2749x4049,10.5303
bridge,62,3.900306277,178.72,14720666,2749x4049,10.5802
bridge,63,4.031486345,193.67,14711710,2749x4049,10.5737
bridge,64,3.982536893,196.65,14713707,2749x4049,10.5752
bridge,65,3.918012522,175.14,15014411,2749x4049,10.7913
bridge,66,3.958186332,171.67,15018453,2749x4049,10.7942
bridge,67,4.011522136,174.11,15126796,2749x4049,10.8721
bridge,68,3.912782519,170.72,15041137,2749x4049,10.8105
bridge,69,3.921567791,170.92,15002529,2749x4049,10.7828
bridge,70,3.887330005,170.82,15062776,2749x4049,10.8261
bridge,71,4.057051120,177.30,15428843,2749x4049,11.0892
bridge,72,3.931514955,174.00,15434302,2749x4049,11.0931
bridge,73,3.957877381,171.63,15551892,2749x4049,11.1776
bridge,74,4.043401105,176.77,15404755,2749x4049,11.0719
bridge,75,3.854377583,172.37,15575141,2749x4049,11.1943
bridge,76,4.018350432,176.19,15712586,2749x4049,11.2931
bridge,77,3.833119320,168.19,16113757,2749x4049,11.5814
bridge,78,4.010088272,182.77,16198784,2749x4049,11.6425
bridge,79,3.848476168,169.11,16688327,2749x4049,11.9944
bridge,80,3.336354470,146.39,17172097,2749x4049,12.3421
bridge,81,3.236768691,143.10,17558428,2749x4049,12.6198
bridge,82,3.879463036,171.55,16955562,2749x4049,12.1865
bridge,83,3.366940706,151.60,17708488,2749x4049,12.7276
bridge,84,3.385793503,151.64,17787278,2749x4049,12.7843
bridge,85,3.066930947,136.42,18059416,2749x4049,12.9798
bridge,86,3.009157373,134.56,18157898,2749x4049,13.0506
bridge,87,2.980287841,132.32,18275639,2749x4049,13.1353
bridge,88,2.988969162,131.91,18329374,2749x4049,13.1739
bridge,89,3.367848489,149.47,18023057,2749x4049,12.9537
bridge,90,2.968712362,132.10,18488063,2749x4049,13.2879
bridge,91,2.996022170,132.63,18521334,2749x4049,13.3118
bridge,92,3.140891401,139.89,18495409,2749x4049,13.2932
bridge,93,3.038049855,133.78,18656627,2749x4049,13.4091
bridge,94,2.939450199,129.94,18631851,2749x4049,13.3913
bridge,95,3.040801612,133.18,18666703,2749x4049,13.4163
bridge,96,3.070606586,135.05,18613237,2749x4049,13.3779
bridge,97,3.143357248,136.83,18672289,2749x4049,13.4203
bridge,98,3.017172503,132.99,18633768,2749x4049,13.3927
bridge,99,3.093796454,136.92,18537972,2749x4049,13.3238
cathedral,0,0.899125805,44.47,3084203,2000x3008,4.1013
cathedral,1,1.082962964,51.39,3720403,2000x3008,4.9473
cathedral,2,1.146987844,54.39,3853834,2000x3008,5.1247
cathedral,3,1.157590850,53.10,3977680,2000x3008,5.2894
cathedral,4,1.169275509,54.25,4036212,2000x3008,5.3673
cathedral,5,1.201354559,54.95,4095398,2000x3008,5.4460
cathedral,6,1.191451974,55.93,4161772,2000x3008,5.5342
cathedral,7,1.201901761,56.29,4178143,2000x3008,5.5560
cathedral,8,1.243443244,57.01,4240243,2000x3008,5.6386
cathedral,9,1.219829706,55.42,4281108,2000x3008,5.6929
cathedral,10,1.237787831,58.90,4346868,2000x3008,5.7804
cathedral,11,1.236591907,58.33,4358471,2000x3008,5.7958
cathedral,12,1.276994458,61.07,4426348,2000x3008,5.8861
cathedral,13,1.278939183,60.98,4471777,2000x3008,5.9465
cathedral,14,1.287730585,59.76,4533710,2000x3008,6.0288
cathedral,15,1.294589582,59.70,4566092,2000x3008,6.0719
cathedral,16,1.294478682,60.87,4601548,2000x3008,6.1190
cathedral,17,1.302232952,59.62,4611613,2000x3008,6.1324
cathedral,18,1.327916226,61.89,4638841,2000x3008,6.1686
cathedral,19,1.299430965,60.60,4658330,2000x3008,6.1945
cathedral,20,1.337168518,61.37,4717267,2000x3008,6.2729
cathedral,21,1.363845735,62.64,4755171,2000x3008,6.3233
cathedral,22,1.347402014,61.96,4781804,2000x3008,6.3587
cathedral,23,1.363327344,61.97,4826004,2000x3008,6.4175
cathedral,24,1.370926683,62.72,4863287,2000x3008,6.4671
cathedral,25,1.377284909,63.31,4892853,2000x3008,6.5064
cathedral,26,1.378454111,63.79,4896727,2000x3008,6.5116
cathedral,27,1.365316148,64.63,4899363,2000x3008,6.5151
cathedral,28,1.380563827,64.55,4958143,2000x3008,6.5932
cathedral,29,1.403454294,63.43,4966918,2000x3008,6.6049
cathedral,30,1.389009728,64.52,4973180,2000x3008,6.6132
cathedral,31,1.422486702,66.60,5025989,2000x3008,6.6834
cathedral,32,1.399594314,64.35,5065332,2000x3008,6.7358
cathedral,33,1.421551719,64.79,5116425,2000x3008,6.8037
cathedral,34,1.407836485,64.04,5120419,2000x3008,6.8090
cathedral,35,1.439620474,65.39,5169594,2000x3008,6.8744
cathedral,36,1.423465794,64.81,5179290,2000x3008,6.8873
cathedral,37,1.447917805,65.82,5193529,2000x3008,6.9062
cathedral,38,1.473958160,67.23,5261654,2000x3008,6.9968
cathedral,39,1.463900125,67.97,5282796,2000x3008,7.0249
cathedral,40,1.449165978,67.42,5276009,2000x3008,7.0159
cathedral,41,1.476289386,64.91,5309588,2000x3008,7.0606
cathedral,42,1.439481584,51.13,5315891,2000x3008,7.0690
cathedral,43,1.531873525,51.69,5397249,2000x3008,7.1771
cathedral,44,1.463735375,50.56,5405135,2000x3008,7.1876
cathedral,45,1.476794147,51.97,5420608,2000x3008,7.2082
cathedral,46,1.508233546,52.00,5523047,2000x3008,7.3444
cathedral,47,1.521243078,52.87,5547378,2000x3008,7.3768
cathedral,48,1.511792585,52.09,5549639,2000x3008,7.3798
cathedral,49,1.538996413,52.94,5554647,2000x3008,7.3864
cathedral,50,1.554659552,50.66,5650303,2000x3008,7.5137
cathedral,51,1.520846027,51.76,5613719,2000x3008,7.4650
cathedral,52,1.536448386,52.21,5623419,2000x3008,7.4779
cathedral,53,1.545322328,52.76,5658659,2000x3008,7.5248
cathedral,54,1.546362501,53.74,5661731,2000x3008,7.5288
cathedral,55,1.558007000,53.09,5717876,2000x3008,7.6035
cathedral,56,1.558326201,54.53,5717876,2000x3008,7.6035
cathedral,57,1.554893712,54.10,5733276,2000x3008,7.6240
cathedral,58,1.577139227,55.06,5738100,2000x3008,7.6304
cathedral,59,1.596472676,61.74,5738100,2000x3008,7.6304
cathedral,60,1.607474133,70.57,5803949,2000x3008,7.7180
cathedral,61,1.609234907,58.45,5806687,2000x3008,7.7216
cathedral,62,1.619416223,65.32,5872520,2000x3008,7.8092
cathedral,63,1.622071230,60.66,5871581,2000x3008,7.8079
cathedral,64,1.686961832,66.00,6000260,2000x3008,7.9790
cathedral,65,1.719456764,76.12,6024491,2000x3008,8.0112
cathedral,66,1.664144015,59.24,6005256,2000x3008,7.9857
cathedral,67,1.656526556,66.30,5981070,2000x3008,7.9535
cathedral,68,1.736106905,69.88,6139030,2000x3008,8.1636
cathedral,69,1.700416266,59.35,6144302,2000x3008,8.1706
cathedral,70,1.696270765,61.59,6139621,2000x3008,8.1643
cathedral,71,1.711363332,67.48,6246238,2000x3008,8.3061
cathedral,72,1.762637281,72.77,6243702,2000x3008,8.3027
cathedral,73,1.836228774,86.39,6310752,2000x3008,8.3919
cathedral,74,1.794329700,80.37,6307717,2000x3008,8.3879
cathedral,75,1.777134066,80.58,6373079,2000x3008,8.4748
cathedral,76,1.859023511,91.47,6430982,2000x3008,8.5518
cathedral,77,1.895726433,96.94,6542954,2000x3008,8.7007
cathedral,78,1.905908408,93.93,6616753,2000x3008,8.7988
cathedral,79,1.912154244,90.29,6678419,2000x3008,8.8808
cathedral,80,1.920147114,94.27,6943042,2000x3008,9.2327
cathedral,81,2.026850900,96.43,7040568,2000x3008,9.3624
cathedral,82,2.050360099,103.14,7169647,2000x3008,9.5341
cathedral,83,2.366710409,105.93,7202208,2000x3008,9.5774
cathedral,84,2.072742935,91.71,7451718,2000x3008,9.9091
cathedral,85,2.138908530,94.25,7539725,2000x3008,10.0262
cathedral,86,2.054762740,90.80,7779731,2000x3008,10.3453
cathedral,87,2.011509072,89.62,8152053,2000x3008,10.8404
cathedral,88,2.158780140,95.44,8025235,2000x3008,10.6718
cathedral,89,2.069761958,95.40,8371725,2000x3008,11.1326
cathedral,90,2.184177293,98.34,8530616,2000x3008,11.3439
cathedral,91,2.147827712,95.65,8513927,2000x3008,11.3217
cathedral,92,2.186084768,97.50,8687474,2000x3008,11.5524
cathedral,93,2.499176400,108.87,8774576,2000x3008,11.6683
cathedral,94,2.264909245,98.81,8839919,2000x3008,11.7552
cathedral,95,2.299077620,100.32,9000054,2000x3008,11.9681
cathedral,96,2.311408931,101.76,9004894,2000x3008,11.9745
cathedral,97,2.404688904,106.43,8900768,2000x3008,11.8361
cathedral,98,2.382971880,106.34,9007707,2000x3008,11.9783
cathedral,99,2.415990983,108.66,8913080,2000x3008,11.8525
deer,0,0.845642252,41.82,2902323,4043x2641,2.1745
deer,1,0.896472658,41.60,3089919,4043x2641,2.3150
deer,2,0.935138545,44.51,3230650,4043x2641,2.4205
deer,3,0.992348448,47.30,3171259,4043x2641,2.3760
deer,4,0.955123975,45.04,3259835,4043x2641,2.4423
deer,5,0.923863217,44.61,3233099,4043x2641,2.4223
deer,6,0.921587561,43.47,3260807,4043x2641,2.4431
deer,7,0.958110152,44.45,3320855,4043x2641,2.4880
deer,8,0.951622487,43.36,3361467,4043x2641,2.5185
deer,9,0.973271210,46.50,3344860,4043x2641,2.5060
deer,10,0.998607414,46.99,3409760,4043x2641,2.5547
deer,11,1.000876048,47.56,3509010,4043x2641,2.6290
deer,12,1.002024912,46.91,3527528,4043x2641,2.6429
deer,13,1.005695801,46.91,3568435,4043x2641,2.6735
deer,14,1.059495886,49.29,3580457,4043x2641,2.6826
deer,15,1.073379090,50.19,3717426,4043x2641,2.7852
deer,16,1.098857254,51.92,3818819,4043x2641,2.8611
deer,17,1.105219939,52.38,3883984,4043x2641,2.9100
deer,18,1.122818123,52.62,3947228,4043x2641,2.9573
deer,19,1.178694653,54.84,4081041,4043x2641,3.0576
deer,20,1.177046898,54.42,4096025,4043x2641,3.0688
deer,21,1.193486099,55.02,4166053,4043x2641,3.1213
deer,22,1.255425085,58.37,4340985,4043x2641,3.2524
deer,23,1.393027008,60.19,4549608,4043x2641,3.4087
deer,24,1.351843225,62.47,4750007,4043x2641,3.5588
deer,25,1.418776642,65.15,4916481,4043x2641,3.6835
deer,26,1.489181218,66.83,5161549,4043x2641,3.8672
deer,27,1.527440284,67.05,5417208,4043x2641,4.0587
deer,28,1.568451436,71.85,5486354,4043x2641,4.1105
deer,29,1.662640091,75.95,5756727,4043x2641,4.3131
deer,30,1.630367231,73.22,5754650,4043x2641,4.3115
deer,31,1.668999827,74.30,5792113,4043x2641,4.3396
deer,32,1.755585993,79.08,6192513,4043x2641,4.6396
deer,33,1.806797791,77.53,6265548,4043x2641,4.6943
deer,34,1.889657218,81.65,6708120,4043x2641,5.0259
deer,35,1.917446028,89.79,6765177,4043x2641,5.0687
deer,36,2.075591972,90.48,7170173,4043x2641,5.3721
deer,37,2.055601543,90.50,7276451,4043x2641,5.4517
deer,38,2.109088775,93.47,7344752,4043x2641,5.5029
deer,39,2.177105075,93.97,7781835,4043x2641,5.8304
deer,40,2.242382378,100.32,7797316,4043x2641,5.8420
deer,41,2.352442243,103.37,7889922,4043x2641,5.9114
deer,42,2.339622991,107.83,8146225,4043x2641,6.1034
deer,43,2.396825884,105.62,8192442,4043x2641,6.1380
deer,44,2.370866129,106.06,8284403,4043x2641,6.2069
deer,45,2.614662258,115.02,8802862,4043x2641,6.5954
deer,46,2.494207417,110.79,8800863,4043x2641,6.5939
deer,47,2.729271024,119.64,9453547,4043x2641,7.0829
deer,48,2.654975639,117.57,9489307,4043x2641,7.1097
deer,49,2.775458439,120.16,9486804,4043x2641,7.1078
deer,50,2.852768242,129.95,10170953,4043x2641,7.6204
deer,51,2.865640905,123.75,10142589,4043x2641,7.5991
deer,52,2.983391019,131.11,10270362,4043x2641,7.6949
deer,53,3.073116122,131.02,10291628,4043x2641,7.7108
deer,54,3.097385173,138.77,10842963,4043x2641,8.1239
deer,55,3.045338233,131.66,10868714,4043x2641,8.1432
deer,56,3.168155429,137.85,11080841,4043x2641,8.3021
deer,57,3.154513686,139.51,11090891,4043x2641,8.3096
deer,58,3.168192910,136.94,11465847,4043x2641,8.5906
deer,59,3.343683388,146.29,12091121,4043x2641,9.0590
deer,60,3.362535615,145.20,12219646,4043x2641,9.1553
deer,61,3.328820761,143.38,12221693,4043x2641,9.1569
deer,62,3.357024072,148.36,12110081,4043x2641,9.0732
deer,63,3.356982082,145.78,12218378,4043x2641,9.1544
deer,64,3.547774078,152.95,12809300,4043x2641,9.5971
deer,65,3.470840686,152.03,12897955,4043x2641,9.6635
deer,66,3.473726813,151.34,12789036,4043x2641,9.5819
deer,67,3.539710408,157.82,12872857,4043x2641,9.6447
deer,68,3.651955798,159.94,13590793,4043x2641,10.1826
deer,69,3.656943711,159.93,13701374,4043x2641,10.2655
deer,70,3.778599984,165.52,13910017,4043x2641,10.4218
deer,71,3.738206153,162.74,13880696,4043x2641,10.3998
deer,72,3.814113313,164.72,14226678,4043x2641,10.6591
deer,73,3.794427644,163.90,14457456,4043x2641,10.8320
deer,74,3.747477466,163.14,14459444,4043x2641,10.8335
deer,75,3.844311738,166.50,14967092,4043x2641,11.2138
deer,76,3.841509271,163.44,15261019,4043x2641,11.4340
deer,77,3.677505051,162.06,15893021,4043x2641,11.9076
deer,78,3.564376349,156.66,16371906,4043x2641,12.2663
deer,79,3.678005523,158.56,16221585,4043x2641,12.1537
deer,80,3.525026040,156.94,16865073,4043x2641,12.6358
deer,81,3.352952031,145.80,17255631,4043x2641,12.9285
deer,82,3.382329255,147.13,17344981,4043x2641,12.9954
deer,83,2.460259122,112.14,18507899,4043x2641,13.8667
deer,84,2.563416380,113.78,18402740,4043x2641,13.7879
deer,85,2.312522634,105.37,18739637,4043x2641,14.0403
deer,86,2.567764161,112.46,18475429,4043x2641,13.8424
deer,87,2.229683157,100.03,18766667,4043x2641,14.0606
deer,88,2.372967275,108.03,18813158,4043x2641,14.0954
deer,89,2.371557072,105.63,18725009,4043x2641,14.0294
deer,90,2.269013345,106.89,18831267,4043x2641,14.1090
deer,91,2.299676662,104.41,18712339,4043x2641,14.0199
deer,92,2.240610624,102.91,18842915,4043x2641,14.1177
deer,93,2.332935794,105.87,18705038,4043x2641,14.0144
deer,94,2.351428690,104.93,18756230,4043x2641,14.0528
deer,95,2.393116685,106.27,18788817,4043x2641,14.0772
deer,96,2.346540078,102.47,18874498,4043x2641,14.1414
deer,97,2.338323208,108.10,18688461,4043x2641,14.0020
deer,98,2.367885072,105.00,18830651,4043x2641,14.1085
deer,99,2.457595875,114.81,18626270,4043x2641,13.9554
fireworks,0,0.467025536,24.09,1942707,3136x2352,2.1070
fireworks,1,0.505886563,24.56,2060191,3136x2352,2.2345
fireworks,2,0.510169164,25.68,2182976,3136x2352,2.3676
fireworks,3,0.519926428,25.94,2173688,3136x2352,2.3576
fireworks,4,0.516838591,25.95,2205516,3136x2352,2.3921
fireworks,5,0.516991901,26.77,2188308,3136x2352,2.3734
fireworks,6,0.515156166,27.73,2215463,3136x2352,2.4029
fireworks,7,0.529107222,27.56,2244549,3136x2352,2.4344
fireworks,8,0.516997830,25.87,2226228,3136x2352,2.4146
fireworks,9,0.516071378,25.21,2226178,3136x2352,2.4145
fireworks,10,0.555899718,29.29,2257021,3136x2352,2.4480
fireworks,11,0.519929698,24.79,2270949,3136x2352,2.4631
fireworks,12,0.537246201,26.74,2268591,3136x2352,2.4605
fireworks,13,0.520493489,25.42,2274993,3136x2352,2.4674
fireworks,14,0.520708580,28.48,2267804,3136x2352,2.4596
fireworks,15,0.569471972,29.04,2261166,3136x2352,2.4525
fireworks,16,0.531078266,27.95,2277977,3136x2352,2.4707
fireworks,17,0.601909963,27.99,2278414,3136x2352,2.4712
fireworks,18,0.570853805,28.98,2279742,3136x2352,2.4726
fireworks,19,0.537931903,26.39,2273408,3136x2352,2.4657
fireworks,20,0.540027079,26.94,2287562,3136x2352,2.4811
fireworks,21,0.522913056,25.71,2280490,3136x2352,2.4734
fireworks,22,0.534339084,27.78,2288020,3136x2352,2.4816
fireworks,23,0.528897031,28.27,2299058,3136x2352,2.4935
fireworks,24,0.537330151,27.99,2310961,3136x2352,2.5065
fireworks,25,0.536527339,25.92,2313285,3136x2352,2.5090
fireworks,26,0.542110094,26.08,2307926,3136x2352,2.5032
fireworks,27,0.533900063,26.17,2313555,3136x2352,2.5093
fireworks,28,0.542860116,28.41,2317157,3136x2352,2.5132
fireworks,29,0.534869235,26.77,2309917,3136x2352,2.5053
fireworks,30,0.532787850,27.42,2315132,3136x2352,2.5110
fireworks,31,0.526117254,28.12,2305612,3136x2352,2.5007
fireworks,32,0.540839070,28.13,2319259,3136x2352,2.5155
fireworks,33,0.552727810,27.85,2326096,3136x2352,2.5229
fireworks,34,0.537990894,26.18,2336277,3136x2352,2.5339
fireworks,35,0.573835093,29.50,2327932,3136x2352,2.5249
fireworks,36,0.541258612,26.77,2339832,3136x2352,2.5378
fireworks,37,0.535479787,25.80,2349727,3136x2352,2.5485
fireworks,38,0.554931045,27.65,2353108,3136x2352,2.5522
fireworks,39,0.536273869,28.21,2366866,3136x2352,2.5671
fireworks,40,0.552650670,28.74,2361848,3136x2352,2.5617
fireworks,41,0.549979863,28.35,2363882,3136x2352,2.5639
fireworks,42,0.565936023,26.81,2367775,3136x2352,2.5681
fireworks,43,0.666784265,31.92,2367575,3136x2352,2.5679
fireworks,44,0.539285837,26.28,2367728,3136x2352,2.5680
fireworks,45,0.542745555,25.72,2378757,3136x2352,2.5800
fireworks,46,0.536716280,26.11,2374064,3136x2352,2.5749
fireworks,47,0.557357132,28.38,2388433,3136x2352,2.5905
fireworks,48,0.541233481,27.82,2401274,3136x2352,2.6044
fireworks,49,0.537783452,28.01,2393077,3136x2352,2.5955
fireworks,50,0.551750027,26.31,2420190,3136x2352,2.6249
fireworks,51,0.585279892,28.41,2428064,3136x2352,2.6335
fireworks,52,0.561934063,27.73,2435128,3136x2352,2.6411
fireworks,53,0.553480852,27.05,2435128,3136x2352,2.6411
fireworks,54,0.550676015,27.58,2454849,3136x2352,2.6625
fireworks,55,0.578265424,29.63,2457425,3136x2352,2.6653
fireworks,56,0.549641803,28.06,2418532,3136x2352,2.6231
fireworks,57,0.546006283,28.35,2421424,3136x2352,2.6263
fireworks,58,0.544605860,25.88,2404927,3136x2352,2.6084
fireworks,59,0.545744272,25.34,2429742,3136x2352,2.6353
fireworks,60,0.573250581,27.89,2427891,3136x2352,2.6333
fireworks,61,0.554535634,26.64,2424871,3136x2352,2.6300
fireworks,62,0.538889996,25.99,2421011,3136x2352,2.6258
fireworks,63,0.591044796,30.41,2427873,3136x2352,2.6333
fireworks,64,0.549155141,28.49,2436259,3136x2352,2.6424
fireworks,65,0.555753088,28.99,2438737,3136x2352,2.6450
fireworks,66,0.574645085,27.81,2452537,3136x2352,2.6600
fireworks,67,0.576443380,28.30,2464028,3136x2352,2.6725
fireworks,68,0.632671320,29.77,2471108,3136x2352,2.6802
fireworks,69,0.553963973,28.87,2470222,3136x2352,2.6792
fireworks,70,0.586836155,29.06,2473656,3136x2352,2.6829
fireworks,71,0.563831707,30.70,2471697,3136x2352,2.6808
fireworks,72,0.572448030,29.87,2492863,3136x2352,2.7038
fireworks,73,0.562638615,28.69,2492863,3136x2352,2.7038
fireworks,74,0.567517217,27.11,2489783,3136x2352,2.7004
fireworks,75,0.819421816,39.49,2504020,3136x2352,2.7159
fireworks,76,0.573247591,28.42,2535409,3136x2352,2.7499
fireworks,77,0.568351219,28.24,2540005,3136x2352,2.7549
fireworks,78,0.568261238,29.31,2536609,3136x2352,2.7512
fireworks,79,0.592608630,31.28,2526832,3136x2352,2.7406
fireworks,80,0.574212474,29.33,2563194,3136x2352,2.7800
fireworks,81,0.593440351,29.43,2617105,3136x2352,2.8385
fireworks,82,0.589078721,28.32,2612599,3136x2352,2.8336
fireworks,83,0.639392186,33.10,2669832,3136x2352,2.8957
fireworks,84,0.601377992,29.36,2666468,3136x2352,2.8920
fireworks,85,0.638213013,31.43,2775980,3136x2352,3.0108
fireworks,86,0.638370853,32.68,2769146,3136x2352,3.0034
fireworks,87,0.660259998,33.84,2831881,3136x2352,3.0715
fireworks,88,0.671006975,31.94,2878309,3136x2352,3.1218
fireworks,89,0.730312454,33.29,2945038,3136x2352,3.1942
fireworks,90,0.784193098,38.56,3150875,3136x2352,3.4174
fireworks,91,0.764768509,36.26,3137409,3136x2352,3.4028
fireworks,92,0.916349978,42.32,3544211,3136x2352,3.8441
fireworks,93,0.924388747,46.29,3509164,3136x2352,3.8061
fireworks,94,1.122946194,52.45,4057278,3136x2352,4.4005
fireworks,95,1.175232354,54.54,4049283,3136x2352,4.3919
fireworks,96,1.186820983,53.45,4415736,3136x2352,4.7893
fireworks,97,1.195762715,57.88,4352216,3136x2352,4.7204
fireworks,98,1.412791087,66.02,4888750,3136x2352,5.3024
fireworks,99,1.453260649,66.61,4824883,3136x2352,5.2331
flower_foveon,0,0.450404285,22.60,1381071,2268x1512,3.2218
flower_foveon,1,0.464284759,23.95,1407856,2268x1512,3.2843
flower_foveon,2,0.454566585,22.97,1425045,2268x1512,3.3244
flower_foveon,3,0.447841778,23.43,1419444,2268x1512,3.3114
flower_foveon,4,0.457156171,25.16,1438651,2268x1512,3.3562
flower_foveon,5,0.450077884,23.02,1413845,2268x1512,3.2983
flower_foveon,6,0.452457960,23.56,1440642,2268x1512,3.3608
flower_foveon,7,0.457999213,22.82,1440161,2268x1512,3.3597
flower_foveon,8,0.459093016,22.68,1455929,2268x1512,3.3965
flower_foveon,9,0.473456773,25.11,1435140,2268x1512,3.3480
flower_foveon,10,0.452564050,22.70,1446120,2268x1512,3.3736
flower_foveon,11,0.450851705,22.42,1447938,2268x1512,3.3778
flower_foveon,12,0.458436785,22.91,1471017,2268x1512,3.4317
flower_foveon,13,0.456481489,22.68,1472662,2268x1512,3.4355
flower_foveon,14,0.449595812,23.76,1449568,2268x1512,3.3816
flower_foveon,15,0.442806735,23.69,1448554,2268x1512,3.3793
flower_foveon,16,0.451037947,23.66,1459622,2268x1512,3.4051
flower_foveon,17,0.454594515,23.07,1468261,2268x1512,3.4252
flower_foveon,18,0.452998241,21.91,1475864,2268x1512,3.4430
flower_foveon,19,0.473761063,23.24,1475279,2268x1512,3.4416
flower_foveon,20,0.458818026,22.12,1466944,2268x1512,3.4222
flower_foveon,21,0.450096973,21.69,1452084,2268x1512,3.3875
flower_foveon,22,0.437904403,22.23,1449001,2268x1512,3.3803
flower_foveon,23,0.450177384,23.12,1457259,2268x1512,3.3996
flower_foveon,24,0.447332577,23.67,1468385,2268x1512,3.4255
flower_foveon,25,0.447584957,23.71,1461862,2268x1512,3.4103
flower_foveon,26,0.448842990,23.15,1461234,2268x1512,3.4089
flower_foveon,27,0.478086033,25.26,1470113,2268x1512,3.4296
flower_foveon,28,0.447109516,20.95,1467775,2268x1512,3.4241
flower_foveon,29,0.450421744,21.63,1474760,2268x1512,3.4404
flower_foveon,30,0.470976346,24.89,1450540,2268x1512,3.3839
flower_foveon,31,0.433867974,21.80,1437757,2268x1512,3.3541
flower_foveon,32,0.435564387,22.52,1444706,2268x1512,3.3703
flower_foveon,33,0.432376990,21.95,1443280,2268x1512,3.3670
flower_foveon,34,0.439434807,22.86,1447891,2268x1512,3.3777
flower_foveon,35,0.432329750,23.25,1449204,2268x1512,3.3808
flower_foveon,36,0.444083659,24.53,1457444,2268x1512,3.4000
flower_foveon,37,0.447369197,23.65,1459749,2268x1512,3.4054
flower_foveon,38,0.451264266,23.98,1465424,2268x1512,3.4186
flower_foveon,39,0.454461034,22.27,1463542,2268x1512,3.4142
flower_foveon,40,0.458123204,22.73,1466433,2268x1512,3.4210
flower_foveon,41,0.474937505,25.44,1469560,2268x1512,3.4283
flower_foveon,42,0.444560710,22.34,1472568,2268x1512,3.4353
flower_foveon,43,0.444762721,22.76,1471176,2268x1512,3.4320
flower_foveon,44,0.440674330,22.39,1459816,2268x1512,3.4055
flower_foveon,45,0.434112203,22.56,1459400,2268x1512,3.4046
flower_foveon,46,0.436860421,24.29,1465936,2268x1512,3.4198
flower_foveon,47,0.444587520,24.14,1481628,2268x1512,3.4564
flower_foveon,48,0.454439034,24.34,1482685,2268x1512,3.4589
flower_foveon,49,0.451804478,22.88,1487224,2268x1512,3.4695
flower_foveon,50,0.452984321,22.52,1487224,2268x1512,3.4695
flower_foveon,51,0.464324029,22.75,1504408,2268x1512,3.5096
flower_foveon,52,0.454573625,23.09,1508517,2268x1512,3.5192
flower_foveon,53,0.480827990,24.52,1508517,2268x1512,3.5192
flower_foveon,54,0.461141941,23.24,1522897,2268x1512,3.5527
flower_foveon,55,0.471936729,24.25,1522527,2268x1512,3.5518
flower_foveon,56,0.439966958,22.44,1472262,2268x1512,3.4346
flower_foveon,57,0.443619447,24.28,1470690,2268x1512,3.4309
flower_foveon,58,0.442468644,22.57,1458564,2268x1512,3.4026
flower_foveon,59,0.436185849,23.56,1459858,2268x1512,3.4056
flower_foveon,60,0.444036149,21.41,1467190,2268x1512,3.4227
flower_foveon,61,0.435874058,21.20,1464755,2268x1512,3.4171
flower_foveon,62,0.479732958,25.33,1467062,2268x1512,3.4225
flower_foveon,63,0.450258804,22.48,1466801,2268x1512,3.4218
flower_foveon,64,0.432928971,22.36,1466000,2268x1512,3.4200
flower_foveon,65,0.429572452,22.09,1466000,2268x1512,3.4200
flower_foveon,66,0.437781623,21.99,1480132,2268x1512,3.4529
flower_foveon,67,0.441058441,24.05,1483354,2268x1512,3.4605
flower_foveon,68,0.446373875,24.69,1486470,2268x1512,3.4677
flower_foveon,69,0.447375747,23.88,1488055,2268x1512,3.4714
flower_foveon,70,0.448281619,23.81,1488055,2268x1512,3.4714
flower_foveon,71,0.446138824,22.30,1482512,2268x1512,3.4585
flower_foveon,72,0.449977923,21.68,1484671,2268x1512,3.4635
flower_foveon,73,0.486824335,25.55,1492739,2268x1512,3.4824
flower_foveon,74,0.450722085,22.66,1494757,2268x1512,3.4871
flower_foveon,75,0.445365842,22.60,1495878,2268x1512,3.4897
flower_foveon,76,0.466056864,23.61,1517990,2268x1512,3.5413
flower_foveon,77,0.448007588,22.34,1522679,2268x1512,3.5522
flower_foveon,78,0.447529847,24.51,1493407,2268x1512,3.4839
flower_foveon,79,0.442240124,23.57,1493336,2268x1512,3.4837
flower_foveon,80,0.435280087,23.22,1477177,2268x1512,3.4460
flower_foveon,81,0.443072727,22.64,1501845,2268x1512,3.5036
flower_foveon,82,0.450085504,22.59,1515399,2268x1512,3.5352
flower_foveon,83,0.462696045,22.79,1526683,2268x1512,3.5615
flower_foveon,84,0.455093466,23.54,1541112,2268x1512,3.5952
flower_foveon,85,0.489773493,25.76,1562053,2268x1512,3.6441
flower_foveon,86,0.477433832,24.63,1578906,2268x1512,3.6834
flower_foveon,87,0.461576563,24.17,1558628,2268x1512,3.6361
flower_foveon,88,0.469621893,24.07,1576705,2268x1512,3.6782
flower_foveon,89,0.459374087,25.33,1573350,2268x1512,3.6704
flower_foveon,90,0.485468472,25.35,1620659,2268x1512,3.7808
flower_foveon,91,0.508674120,26.34,1658317,2268x1512,3.8686
flower_foveon,92,0.509820453,24.90,1719748,2268x1512,4.0119
flower_foveon,93,0.574898595,28.22,1818779,2268x1512,4.2430
flower_foveon,94,0.544544699,27.05,1823811,2268x1512,4.2547
flower_foveon,95,0.582985605,29.17,1932772,2268x1512,4.5089
flower_foveon,96,0.738002733,34.14,2316738,2268x1512,5.4047
flower_foveon,97,0.750360773,37.32,2284145,2268x1512,5.3286
flower_foveon,98,0.989898371,48.42,2891490,2268x1512,6.7455
flower_foveon,99,0.938575543,43.09,2809855,2268x1512,6.5550
hdr,0,0.819056195,38.96,2399581,3072x2048,3.0512
hdr,1,0.832160217,40.00,2548956,3072x2048,3.2411
hdr,2,0.836730759,39.03,2566712,3072x2048,3.2637
hdr,3,0.853333810,42.73,2590890,3072x2048,3.2944
hdr,4,0.830121433,40.47,2601818,3072x2048,3.3083
hdr,5,0.829303700,37.83,2583453,3072x2048,3.2850
hdr,6,0.862321313,41.86,2621211,3072x2048,3.3330
hdr,7,0.832857669,39.05,2661684,3072x2048,3.3845
hdr,8,0.850048112,39.20,2639894,3072x2048,3.3567
hdr,9,0.829997772,41.41,2651264,3072x2048,3.3712
hdr,10,0.842855574,41.12,2669761,3072x2048,3.3947
hdr,11,0.838253973,39.25,2688619,3072x2048,3.4187
hdr,12,0.897943912,43.18,2721759,3072x2048,3.4608
hdr,13,0.848687699,39.69,2692292,3072x2048,3.4234
hdr,14,0.844614128,39.25,2698511,3072x2048,3.4313
hdr,15,0.873941542,44.33,2750595,3072x2048,3.4975
hdr,16,0.846170812,42.40,2736007,3072x2048,3.4790
hdr,17,0.870014122,37.86,2755000,3072x2048,3.5031
hdr,18,0.874700214,42.47,2749190,3072x2048,3.4957
hdr,19,0.876624529,41.57,2748054,3072x2048,3.4943
hdr,20,0.843289826,40.18,2731991,3072x2048,3.4739
hdr,21,0.839853616,42.14,2746685,3072x2048,3.4925
hdr,22,0.845661102,41.74,2761861,3072x2048,3.5118
hdr,23,0.853473061,38.58,2768723,3072x2048,3.5206
hdr,24,0.913980222,43.48,2774715,3072x2048,3.5282
hdr,25,0.880004857,41.43,2776402,3072x2048,3.5303
hdr,26,0.850200593,40.78,2784933,3072x2048,3.5412
hdr,27,0.851510176,43.03,2802959,3072x2048,3.5641
hdr,28,0.846970985,40.63,2771412,3072x2048,3.5240
hdr,29,0.883741286,41.25,2756988,3072x2048,3.5056
hdr,30,0.830965475,39.87,2750600,3072x2048,3.4975
hdr,31,0.831596347,38.44,2765255,3072x2048,3.5162
hdr,32,0.841183760,40.86,2769961,3072x2048,3.5221
hdr,33,0.837473371,40.49,2782919,3072x2048,3.5386
hdr,34,0.838173752,38.77,2784941,3072x2048,3.5412
hdr,35,0.883066535,41.67,2795978,3072x2048,3.5552
hdr,36,0.860310578,39.78,2825647,3072x2048,3.5929
hdr,37,0.846037792,39.68,2820481,3072x2048,3.5864
hdr,38,0.855709617,42.76,2835625,3072x2048,3.6056
hdr,39,0.858570185,43.40,2840581,3072x2048,3.6119
hdr,40,0.855219225,39.03,2841101,3072x2048,3.6126
hdr,41,0.896944019,43.63,2855828,3072x2048,3.6313
hdr,42,0.842013522,39.42,2832436,3072x2048,3.6016
hdr,43,0.839189485,38.58,2828040,3072x2048,3.5960
hdr,44,0.859178365,43.99,2845752,3072x2048,3.6185
hdr,45,0.859727017,42.71,2879264,3072x2048,3.6611
hdr,46,0.861485511,38.06,2870175,3072x2048,3.6496
hdr,47,0.910162143,44.21,2889285,3072x2048,3.6739
hdr,48,0.866378723,40.99,2890537,3072x2048,3.6755
hdr,49,0.883425346,41.93,2929143,3072x2048,3.7245
hdr,50,0.897093290,44.52,2929510,3072x2048,3.7250
hdr,51,0.881615512,43.08,2950075,3072x2048,3.7512
hdr,52,0.897788831,40.49,2978965,3072x2048,3.7879
hdr,53,0.913683421,42.47,2987925,3072x2048,3.7993
hdr,54,0.862618663,40.10,2917792,3072x2048,3.7101
hdr,55,0.880978159,43.11,2918585,3072x2048,3.7111
hdr,56,0.866653203,43.31,2903853,3072x2048,3.6924
hdr,57,0.859625556,40.70,2896967,3072x2048,3.6836
hdr,58,0.913070840,43.52,2920873,3072x2048,3.7140
hdr,59,0.881888372,41.97,2920873,3072x2048,3.7140
hdr,60,0.854017612,39.79,2921596,3072x2048,3.7150
hdr,61,0.854413184,42.59,2920334,3072x2048,3.7133
hdr,62,0.876516669,43.03,2933399,3072x2048,3.7300
hdr,63,0.862770834,39.82,2942185,3072x2048,3.7411
hdr,64,0.905447320,43.58,2959030,3072x2048,3.7626
hdr,65,0.864040467,40.16,2958807,3072x2048,3.7623
hdr,66,0.872239358,41.96,2955182,3072x2048,3.7577
hdr,67,0.895545976,46.03,2981552,3072x2048,3.7912
hdr,68,0.885339381,44.57,2981552,3072x2048,3.7912
hdr,69,0.892217248,41.48,2964803,3072x2048,3.7699
hdr,70,0.901363430,44.37,2964803,3072x2048,3.7699
hdr,71,0.872881259,41.33,2993324,3072x2048,3.8062
hdr,72,0.874366673,42.37,2992397,3072x2048,3.8050
hdr,73,0.894366632,45.57,3029357,3072x2048,3.8520
hdr,74,0.886223693,41.63,3025571,3072x2048,3.8472
hdr,75,0.930229082,45.25,3016703,3072x2048,3.8359
hdr,76,0.917644741,42.67,3084218,3072x2048,3.9217
hdr,77,0.879081085,40.89,3026844,3072x2048,3.8488
hdr,78,1.151752985,55.77,3048532,3072x2048,3.8764
hdr,79,0.881630171,43.52,3030530,3072x2048,3.8535
hdr,80,0.893629551,41.03,3070649,3072x2048,3.9045
hdr,81,0.965327310,46.20,3127898,3072x2048,3.9773
hdr,82,0.908582849,42.12,3143910,3072x2048,3.9976
hdr,83,0.933227950,44.59,3197711,3072x2048,4.0660
hdr,84,0.939912596,45.53,3214486,3072x2048,4.0874
hdr,85,0.996507718,44.37,3329916,3072x2048,4.2342
hdr,86,1.007042834,49.54,3325745,3072x2048,4.2289
hdr,87,1.003730256,45.21,3364953,3072x2048,4.2787
hdr,88,1.000977409,47.12,3378909,3072x2048,4.2965
hdr,89,1.009957091,49.99,3446733,3072x2048,4.3827
hdr,90,1.038815904,47.58,3526481,3072x2048,4.4841
hdr,91,1.090057351,51.75,3543927,3072x2048,4.5063
hdr,92,1.125324080,51.21,3780846,3072x2048,4.8075
hdr,93,1.116200726,52.70,3776341,3072x2048,4.8018
hdr,94,1.260534667,60.94,4126819,3072x2048,5.2475
hdr,95,1.276754368,55.44,4124867,3072x2048,5.2450
hdr,96,1.329898671,58.64,4412871,3072x2048,5.6112
hdr,97,1.375655725,63.12,4368998,3072x2048,5.5554
hdr,98,1.623299143,74.52,4946167,3072x2048,6.2893
hdr,99,1.638581191,74.14,4948596,3072x2048,6.2924
leaves_iso_1600,0,1.717827848,75.10,7170651,3008x2000,9.5354
leaves_iso_1600,1,1.922500530,88.28,7907015,3008x2000,10.5146
leaves_iso_1600,2,1.940368665,86.17,8039367,3008x2000,10.6906
leaves_iso_1600,3,1.870574780,82.43,8093235,3008x2000,10.7622
leaves_iso_1600,4,1.888980996,87.01,8189219,3008x2000,10.8899
leaves_iso_1600,5,1.928995996,85.17,8261182,3008x2000,10.9856
leaves_iso_1600,6,1.860791715,85.61,8287742,3008x2000,11.0209
leaves_iso_1600,7,1.886417540,83.88,8349497,3008x2000,11.1030
leaves_iso_1600,8,1.904646975,85.57,8390762,3008x2000,11.1579
leaves_iso_1600,9,1.864585115,86.24,8439357,3008x2000,11.2225
leaves_iso_1600,10,1.872182764,83.55,8465733,3008x2000,11.2576
leaves_iso_1600,11,1.908167485,85.30,8503442,3008x2000,11.3077
leaves_iso_1600,12,1.885958319,85.89,8564240,3008x2000,11.3886
leaves_iso_1600,13,1.898932530,81.59,8590235,3008x2000,11.4231
leaves_iso_1600,14,1.880550695,81.55,8611289,3008x2000,11.4511
leaves_iso_1600,15,1.874049928,88.01,8648294,3008x2000,11.5003
leaves_iso_1600,16,1.902101019,82.80,8656894,3008x2000,11.5118
leaves_iso_1600,17,1.882883881,83.72,8702094,3008x2000,11.5719
leaves_iso_1600,18,1.889460927,89.59,8738991,3008x2000,11.6209
leaves_iso_1600,19,1.943191911,86.82,8793095,3008x2000,11.6929
leaves_iso_1600,20,1.871812783,83.34,8832977,3008x2000,11.7459
leaves_iso_1600,21,1.875556563,89.82,8831172,3008x2000,11.7435
leaves_iso_1600,22,1.922844941,85.54,8845459,3008x2000,11.7625
leaves_iso_1600,23,1.863237832,81.98,8876214,3008x2000,11.8034
leaves_iso_1600,24,1.948122974,90.48,8900082,3008x2000,11.8352
leaves_iso_1600,25,1.902513850,86.08,8931264,3008x2000,11.8766
leaves_iso_1600,26,1.888161004,83.86,8944001,3008x2000,11.8936
leaves_iso_1600,27,1.862929121,86.30,9008776,3008x2000,11.9797
leaves_iso_1600,28,1.907801953,85.88,9072813,3008x2000,12.0649
leaves_iso_1600,29,1.850645490,84.25,9112921,3008x2000,12.1182
leaves_iso_1600,30,1.856801296,85.16,9166461,3008x2000,12.1894
leaves_iso_1600,31,1.893073626,84.68,9169334,3008x2000,12.1932
leaves_iso_1600,32,1.840177735,82.90,9179381,3008x2000,12.2066
leaves_iso_1600,33,1.846187580,83.93,9209058,3008x2000,12.2460
leaves_iso_1600,34,1.899407472,84.17,9242075,3008x2000,12.2899
leaves_iso_1600,35,1.869558128,84.44,9220363,3008x2000,12.2611
leaves_iso_1600,36,1.856111414,84.63,9256356,3008x2000,12.3089
leaves_iso_1600,37,1.861186907,83.77,9303350,3008x2000,12.3714
leaves_iso_1600,38,1.902335349,85.13,9359435,3008x2000,12.4460
leaves_iso_1600,39,1.836869286,83.13,9363548,3008x2000,12.4515
leaves_iso_1600,40,1.865339867,82.93,9378363,3008x2000,12.4712
leaves_iso_1600,41,1.868231504,84.53,9408156,3008x2000,12.5108
leaves_iso_1600,42,1.813494437,82.27,9430513,3008x2000,12.5405
leaves_iso_1600,43,1.976008973,85.94,9430987,3008x2000,12.5412
leaves_iso_1600,44,1.844356994,83.72,9455189,3008x2000,12.5733
leaves_iso_1600,45,1.832688925,83.90,9467982,3008x2000,12.5904
leaves_iso_1600,46,1.875298462,84.87,9478097,3008x2000,12.6038
leaves_iso_1600,47,1.793543688,81.62,9549193,3008x2000,12.6983
leaves_iso_1600,48,1.815683053,84.44,9572246,3008x2000,12.7290
leaves_iso_1600,49,1.820524225,83.38,9663861,3008x2000,12.8508
leaves_iso_1600,50,1.753219418,78.59,9663861,3008x2000,12.8508
leaves_iso_1600,51,1.850103429,84.90,9682675,3008x2000,12.8758
leaves_iso_1600,52,1.782622651,78.45,9773032,3008x2000,12.9960
leaves_iso_1600,53,1.739575093,77.62,9795379,3008x2000,13.0257
leaves_iso_1600,54,1.758084210,81.26,9786006,3008x2000,13.0133
leaves_iso_1600,55,1.788651176,78.50,9787300,3008x2000,13.0150
leaves_iso_1600,56,1.748519905,78.44,9868667,3008x2000,13.1232
leaves_iso_1600,57,1.765127217,84.23,9860888,3008x2000,13.1128
leaves_iso_1600,58,1.755264342,75.84,9846910,3008x2000,13.0942
leaves_iso_1600,59,1.725773299,77.12,9888111,3008x2000,13.1490
leaves_iso_1600,60,1.716293205,81.05,9931916,3008x2000,13.2073
leaves_iso_1600,61,1.730802762,80.43,9945799,3008x2000,13.2257
leaves_iso_1600,62,1.699933384,77.11,9979178,3008x2000,13.2701
leaves_iso_1600,63,1.733932519,81.51,9985463,3008x2000,13.2785
leaves_iso_1600,64,1.691545933,77.43,10032814,3008x2000,13.3415
leaves_iso_1600,65,1.766971642,82.04,10032814,3008x2000,13.3415
leaves_iso_1600,66,1.683542693,77.05,10063605,3008x2000,13.3824
leaves_iso_1600,67,1.710191420,79.77,10083536,3008x2000,13.4089
leaves_iso_1600,68,1.727336732,80.03,10081436,3008x2000,13.4061
leaves_iso_1600,69,1.752115554,81.92,10117263,3008x2000,13.4538
leaves_iso_1600,70,1.596138445,73.15,10153397,3008x2000,13.5018
leaves_iso_1600,71,1.738757451,81.28,10146297,3008x2000,13.4924
leaves_iso_1600,72,1.651980435,76.84,10192021,3008x2000,13.5532
leaves_iso_1600,73,1.623958404,74.49,10266707,3008x2000,13.6525
leaves_iso_1600,74,1.574560052,71.99,10333837,3008x2000,13.7418
leaves_iso_1600,75,1.628812557,74.37,10326956,3008x2000,13.7326
leaves_iso_1600,76,1.550836752,69.07,10377321,3008x2000,13.7996
leaves_iso_1600,77,1.533268088,71.54,10500497,3008x2000,13.9634
leaves_iso_1600,78,1.581935020,71.98,10536788,3008x2000,14.0116
leaves_iso_1600,79,1.507824424,73.21,10651879,3008x2000,14.1647
leaves_iso_1600,80,1.517359938,70.08,10660935,3008x2000,14.1767
leaves_iso_1600,81,1.494494222,72.22,10668006,3008x2000,14.1861
leaves_iso_1600,82,1.510234411,69.89,10778021,3008x2000,14.3324
leaves_iso_1600,83,1.440691127,67.92,10868521,3008x2000,14.4528
leaves_iso_1600,84,1.510711672,70.77,10853686,3008x2000,14.4330
leaves_iso_1600,85,1.426193940,65.33,10913930,3008x2000,14.5132
leaves_iso_1600,86,1.405951410,68.51,10961227,3008x2000,14.5760
leaves_iso_1600,87,1.435233213,66.37,10990961,3008x2000,14.6156
leaves_iso_1600,88,1.396497517,67.61,11070746,3008x2000,14.7217
leaves_iso_1600,89,1.440967468,67.13,11053808,3008x2000,14.6992
leaves_iso_1600,90,1.502877363,68.75,11136361,3008x2000,14.8089
leaves_iso_1600,91,1.378565981,64.25,11086853,3008x2000,14.7431
leaves_iso_1600,92,1.337150369,61.53,11173330,3008x2000,14.8581
leaves_iso_1600,93,1.333744530,66.09,11176637,3008x2000,14.8625
leaves_iso_1600,94,1.368525966,63.44,11166682,3008x2000,14.8493
leaves_iso_1600,95,1.375051053,64.19,11142511,3008x2000,14.8171
leaves_iso_1600,96,1.502817632,67.56,11184947,3008x2000,14.8735
leaves_iso_1600,97,1.448089405,64.58,11168595,3008x2000,14.8518
leaves_iso_1600,98,1.352414107,65.51,11173434,3008x2000,14.8582
leaves_iso_1600,99,1.466846872,67.31,11124771,3008x2000,14.7935
leaves_iso_200,0,1.678104640,79.62,7037704,3008x2000,9.3586
leaves_iso_200,1,1.866425210,84.25,7724607,3008x2000,10.2720
leaves_iso_200,2,1.845342407,88.26,7823471,3008x2000,10.4035
leaves_iso_200,3,1.850370460,83.54,7908625,3008x2000,10.5167
leaves_iso_200,4,1.829134697,86.92,7979249,3008x2000,10.6107
leaves_iso_200,5,1.853379777,83.59,8048230,3008x2000,10.7024
leaves_iso_200,6,1.835722263,86.49,8062575,3008x2000,10.7215
leaves_iso_200,7,1.848668816,81.88,8099599,3008x2000,10.7707
leaves_iso_200,8,1.835703023,85.30,8136332,3008x2000,10.8195
leaves_iso_200,9,1.840339925,81.28,8187861,3008x2000,10.8881
leaves_iso_200,10,1.805080287,82.34,8206142,3008x2000,10.9124
leaves_iso_200,11,1.844564635,81.05,8241315,3008x2000,10.9591
leaves_iso_200,12,1.805119187,82.54,8250696,3008x2000,10.9716
leaves_iso_200,13,1.777727428,78.64,8314041,3008x2000,11.0559
leaves_iso_200,14,1.790719831,83.07,8320834,3008x2000,11.0649
leaves_iso_200,15,1.807360053,80.49,8369430,3008x2000,11.1295
leaves_iso_200,16,1.784489976,80.68,8365106,3008x2000,11.1238
leaves_iso_200,17,1.793870818,80.04,8370162,3008x2000,11.1305
leaves_iso_200,18,1.808954587,83.18,8406002,3008x2000,11.1781
leaves_iso_200,19,1.745663389,78.47,8409957,3008x2000,11.1834
leaves_iso_200,20,1.797639698,81.58,8464905,3008x2000,11.2565
leaves_iso_200,21,1.749995849,79.41,8502897,3008x2000,11.3070
leaves_iso_200,22,1.863157432,83.86,8500240,3008x2000,11.3035
leaves_iso_200,23,1.762937652,78.33,8520197,3008x2000,11.3300
leaves_iso_200,24,1.895894044,84.72,8535450,3008x2000,11.3503
leaves_iso_200,25,1.765326397,79.86,8535319,3008x2000,11.3501
leaves_iso_200,26,1.782676011,80.59,8549644,3008x2000,11.3692
leaves_iso_200,27,1.742193940,79.01,8563937,3008x2000,11.3882
leaves_iso_200,28,1.783533323,80.57,8588511,3008x2000,11.4208
leaves_iso_200,29,1.769398168,78.92,8606512,3008x2000,11.4448
leaves_iso_200,30,1.803081582,81.48,8641528,3008x2000,11.4913
leaves_iso_200,31,1.710633070,77.72,8692250,3008x2000,11.5588
leaves_iso_200,32,1.745531958,79.09,8695178,3008x2000,11.5627
leaves_iso_200,33,1.728199465,76.85,8708896,3008x2000,11.5809
leaves_iso_200,34,1.752634966,79.62,8706201,3008x2000,11.5773
leaves_iso_200,35,1.713307618,76.40,8725515,3008x2000,11.6030
leaves_iso_200,36,1.720312425,77.86,8737416,3008x2000,11.6189
leaves_iso_200,37,1.716285305,75.92,8746076,3008x2000,11.6304
leaves_iso_200,38,1.704868557,77.59,8764787,3008x2000,11.6553
leaves_iso_200,39,1.709684479,75.53,8786663,3008x2000,11.6843
leaves_iso_200,40,1.718169559,79.11,8792730,3008x2000,11.6924
leaves_iso_200,41,1.756923187,78.49,8801927,3008x2000,11.7046
leaves_iso_200,42,1.695722814,80.86,8830154,3008x2000,11.7422
leaves_iso_200,43,1.730997051,77.67,8832691,3008x2000,11.7455
leaves_iso_200,44,1.710551321,83.91,8831397,3008x2000,11.7438
leaves_iso_200,45,1.722168430,77.23,8834399,3008x2000,11.7478
leaves_iso_200,46,1.749415678,83.07,8838783,3008x2000,11.7537
leaves_iso_200,47,1.728521226,78.49,8840188,3008x2000,11.7555
leaves_iso_200,48,1.709170847,80.45,8841413,3008x2000,11.7571
leaves_iso_200,49,1.730968882,77.90,8874623,3008x2000,11.8013
leaves_iso_200,50,1.690820461,80.37,8890422,3008x2000,11.8223
leaves_iso_200,51,1.738623141,79.26,8901585,3008x2000,11.8372
leaves_iso_200,52,1.697939279,81.42,8913344,3008x2000,11.8528
leaves_iso_200,53,1.728399255,79.21,8909686,3008x2000,11.8479
leaves_iso_200,54,1.666784081,80.40,8942012,3008x2000,11.8909
leaves_iso_200,55,1.719912714,78.10,8952201,3008x2000,11.9045
leaves_iso_200,56,1.668203145,76.04,8945164,3008x2000,11.8951
leaves_iso_200,57,1.736681006,79.07,8981494,3008x2000,11.9434
leaves_iso_200,58,1.709858779,78.75,8983792,3008x2000,11.9465
leaves_iso_200,59,1.721744269,78.19,8960108,3008x2000,11.9150
leaves_iso_200,60,1.685799459,78.04,8970361,3008x2000,11.9286
leaves_iso_200,61,1.712625165,78.12,8994512,3008x2000,11.9607
leaves_iso_200,62,1.679391493,76.86,9003458,3008x2000,11.9726
leaves_iso_200,63,1.735731933,79.53,9013783,3008x2000,11.9864
leaves_iso_200,64,1.675441863,75.03,9018055,3008x2000,11.9920
leaves_iso_200,65,1.681213827,75.40,8997136,3008x2000,11.9642
leaves_iso_200,66,1.683786104,74.69,9004736,3008x2000,11.9743
leaves_iso_200,67,1.686289550,77.53,9004327,3008x2000,11.9738
leaves_iso_200,68,1.698454871,76.01,9024408,3008x2000,12.0005
leaves_iso_200,69,1.695959724,78.61,9039550,3008x2000,12.0206
leaves_iso_200,70,1.702485780,76.81,9039550,3008x2000,12.0206
leaves_iso_200,71,1.678943722,78.70,9040186,3008x2000,12.0215
leaves_iso_200,72,1.710822652,77.19,9038243,3008x2000,12.0189
leaves_iso_200,73,1.697203267,80.51,9048567,3008x2000,12.0326
leaves_iso_200,74,1.771004461,79.90,9068207,3008x2000,12.0587
leaves_iso_200,75,1.693509498,81.60,9072698,3008x2000,12.0647
leaves_iso_200,76,1.705194548,77.97,9158001,3008x2000,12.1781
leaves_iso_200,77,1.672427536,79.57,9143048,3008x2000,12.1583
leaves_iso_200,78,1.695885734,75.94,9228364,3008x2000,12.2717
leaves_iso_200,79,1.702992212,79.62,9199285,3008x2000,12.2330
leaves_iso_200,80,1.701422787,76.98,9294629,3008x2000,12.3598
leaves_iso_200,81,1.714079120,79.29,9236526,3008x2000,12.2826
leaves_iso_200,82,1.620259746,75.44,9335314,3008x2000,12.4139
leaves_iso_200,83,1.592272545,73.91,9334645,3008x2000,12.4130
leaves_iso_200,84,1.639170582,76.23,9366889,3008x2000,12.4559
leaves_iso_200,85,1.575604834,72.18,9392896,3008x2000,12.4905
leaves_iso_200,86,1.589252427,74.17,9412152,3008x2000,12.5161
leaves_iso_200,87,1.647966964,75.22,9465140,3008x2000,12.5866
leaves_iso_200,88,1.657948899,80.01,9491877,3008x2000,12.6221
leaves_iso_200,89,1.706265800,77.47,9600293,3008x2000,12.7663
leaves_iso_200,90,1.671353232,80.53,9578512,3008x2000,12.7373
leaves_iso_200,91,1.728004495,76.71,9674170,3008x2000,12.8645
leaves_iso_200,92,1.712488246,82.12,9664780,3008x2000,12.8521
leaves_iso_200,93,1.750299750,79.93,9727117,3008x2000,12.9349
leaves_iso_200,94,1.768774746,82.76,9871378,3008x2000,13.1268
leaves_iso_200,95,1.805560698,80.54,9838487,3008x2000,13.0830
leaves_iso_200,96,1.795917185,83.96,9942722,3008x2000,13.2217
leaves_iso_200,97,1.899519553,85.44,10019745,3008x2000,13.3241
leaves_iso_200,98,1.906744321,90.25,10099726,3008x2000,13.4304
leaves_iso_200,99,1.974682491,87.82,10013967,3008x2000,13.3164
nightshot_iso_100,0,0.768957220,39.40,2734346,3136x2352,2.9657
nightshot_iso_100,1,0.886451383,43.72,2988374,3136x2352,3.2412
nightshot_iso_100,2,0.904457058,43.37,3048435,3136x2352,3.3063
nightshot_iso_100,3,0.890729174,41.85,3107329,3136x2352,3.3702
nightshot_iso_100,4,0.875609266,44.52,3089842,3136x2352,3.3512
nightshot_iso_100,5,0.887027885,42.35,3126603,3136x2352,3.3911
nightshot_iso_100,6,0.936456848,43.94,3182110,3136x2352,3.4513
nightshot_iso_100,7,0.896123977,41.62,3210317,3136x2352,3.4819
nightshot_iso_100,8,0.878342462,43.48,3161421,3136x2352,3.4289
nightshot_iso_100,9,0.938524353,43.32,3205035,3136x2352,3.4762
nightshot_iso_100,10,0.934479283,42.57,3252838,3136x2352,3.5280
nightshot_iso_100,11,0.910660813,44.48,3270555,3136x2352,3.5473
nightshot_iso_100,12,0.924405488,44.79,3244258,3136x2352,3.5187
nightshot_iso_100,13,0.935952377,44.89,3256602,3136x2352,3.5321
nightshot_iso_100,14,0.925297310,42.86,3296749,3136x2352,3.5757
nightshot_iso_100,15,0.943227245,47.59,3338906,3136x2352,3.6214
nightshot_iso_100,16,0.956562459,42.75,3343385,3136x2352,3.6262
nightshot_iso_100,17,0.941993142,43.24,3358929,3136x2352,3.6431
nightshot_iso_100,18,0.943073655,45.03,3353231,3136x2352,3.6369
nightshot_iso_100,19,0.947835326,46.57,3342816,3136x2352,3.6256
nightshot_iso_100,20,0.955170834,45.38,3355205,3136x2352,3.6391
nightshot_iso_100,21,0.942677793,43.75,3397726,3136x2352,3.6852
nightshot_iso_100,22,0.990088032,48.05,3405275,3136x2352,3.6934
nightshot_iso_100,23,0.986971744,44.65,3416168,3136x2352,3.7052
nightshot_iso_100,24,0.950976114,44.84,3431609,3136x2352,3.7219
nightshot_iso_100,25,0.959672056,46.10,3432870,3136x2352,3.7233
nightshot_iso_100,26,0.951518606,47.07,3433320,3136x2352,3.7238
nightshot_iso_100,27,0.988539328,47.77,3442694,3136x2352,3.7340
nightshot_iso_100,28,0.943224565,44.75,3408569,3136x2352,3.6969
nightshot_iso_100,29,0.948125168,47.13,3402808,3136x2352,3.6907
nightshot_iso_100,30,0.983193384,44.55,3421837,3136x2352,3.7113
nightshot_iso_100,31,0.962900464,43.98,3432705,3136x2352,3.7231
nightshot_iso_100,32,0.969298661,45.61,3431453,3136x2352,3.7218
nightshot_iso_100,33,0.962469093,45.84,3456382,3136x2352,3.7488
nightshot_iso_100,34,0.977451420,46.16,3466036,3136x2352,3.7593
nightshot_iso_100,35,0.955722967,43.74,3479276,3136x2352,3.7736
nightshot_iso_100,36,0.960186457,46.63,3478639,3136x2352,3.7729
nightshot_iso_100,37,0.960218917,44.04,3487331,3136x2352,3.7824
nightshot_iso_100,38,0.976231767,45.58,3492406,3136x2352,3.7879
nightshot_iso_100,39,0.962475863,47.86,3497971,3136x2352,3.7939
nightshot_iso_100,40,1.013776951,49.94,3502759,3136x2352,3.7991
nightshot_iso_100,41,1.039878836,49.87,3501341,3136x2352,3.7976
nightshot_iso_100,42,0.996695139,45.95,3502447,3136x2352,3.7988
nightshot_iso_100,43,0.965596511,48.46,3512071,3136x2352,3.8092
nightshot_iso_100,44,1.029283110,48.39,3512027,3136x2352,3.8092
nightshot_iso_100,45,0.984005387,43.80,3546996,3136x2352,3.8471
nightshot_iso_100,46,0.974606043,49.08,3542914,3136x2352,3.8427
nightshot_iso_100,47,0.973169819,46.37,3541252,3136x2352,3.8409
nightshot_iso_100,48,1.013894161,48.09,3591448,3136x2352,3.8953
nightshot_iso_100,49,0.988680118,46.64,3581918,3136x2352,3.8850
nightshot_iso_100,50,0.999980787,49.48,3600849,3136x2352,3.9055
nightshot_iso_100,51,1.024779439,48.17,3607075,3136x2352,3.9122
nightshot_iso_100,52,1.013658441,46.45,3635672,3136x2352,3.9433
nightshot_iso_100,53,1.031810886,50.36,3635672,3136x2352,3.9433
nightshot_iso_100,54,1.002203412,44.89,3580753,3136x2352,3.8837
nightshot_iso_100,55,1.009581441,45.88,3586159,3136x2352,3.8896
nightshot_iso_100,56,0.984978219,48.15,3556020,3136x2352,3.8569
nightshot_iso_100,57,0.980742659,46.95,3552530,3136x2352,3.8531
nightshot_iso_100,58,1.004450058,47.95,3575762,3136x2352,3.8783
nightshot_iso_100,59,0.980177477,45.29,3575762,3136x2352,3.8783
nightshot_iso_100,60,0.964995939,48.57,3565507,3136x2352,3.8672
nightshot_iso_100,61,1.003143585,46.15,3561257,3136x2352,3.8626
nightshot_iso_100,62,0.990084722,45.38,3583347,3136x2352,3.8865
nightshot_iso_100,63,0.980077537,48.97,3589764,3136x2352,3.8935
nightshot_iso_100,64,1.008835838,47.22,3617713,3136x2352,3.9238
nightshot_iso_100,65,1.013969451,47.55,3622715,3136x2352,3.9292
nightshot_iso_100,66,0.992147177,45.92,3628887,3136x2352,3.9359
nightshot_iso_100,67,1.000848929,49.30,3640034,3136x2352,3.9480
nightshot_iso_100,68,1.037297709,49.00,3641761,3136x2352,3.9499
nightshot_iso_100,69,1.011412605,46.21,3642475,3136x2352,3.9506
nightshot_iso_100,70,1.018982344,50.40,3679785,3136x2352,3.9911
nightshot_iso_100,71,1.022115602,46.72,3682444,3136x2352,3.9940
nightshot_iso_100,72,1.021289209,45.65,3678884,3136x2352,3.9901
nightshot_iso_100,73,1.035149504,49.17,3709656,3136x2352,4.0235
nightshot_iso_100,74,1.038125962,48.33,3701510,3136x2352,4.0147
nightshot_iso_100,75,1.045322960,48.14,3738208,3136x2352,4.0545
nightshot_iso_100,76,1.028838118,46.74,3752096,3136x2352,4.0695
nightshot_iso_100,77,1.023361565,49.40,3710766,3136x2352,4.0247
nightshot_iso_100,78,1.059857217,49.15,3733166,3136x2352,4.0490
nightshot_iso_100,79,1.008252097,47.13,3706301,3136x2352,4.0199
nightshot_iso_100,80,1.035613926,51.20,3776203,3136x2352,4.0957
nightshot_iso_100,81,1.111347065,48.50,3843381,3136x2352,4.1685
nightshot_iso_100,82,1.094802663,49.53,3912257,3136x2352,4.2433
nightshot_iso_100,83,1.104127576,54.33,3925848,3136x2352,4.2580
nightshot_iso_100,84,1.160717678,52.25,4043370,3136x2352,4.3855
nightshot_iso_100,85,1.199010364,59.31,4044237,3136x2352,4.3864
nightshot_iso_100,86,1.182992714,58.17,4104426,3136x2352,4.4517
nightshot_iso_100,87,1.182219022,54.34,4092603,3136x2352,4.4389
nightshot_iso_100,88,1.212039736,56.17,4119998,3136x2352,4.4686
nightshot_iso_100,89,1.247265134,59.55,4220672,3136x2352,4.5778
nightshot_iso_100,90,1.286912063,56.16,4351754,3136x2352,4.7199
nightshot_iso_100,91,1.275857345,57.73,4345651,3136x2352,4.7133
nightshot_iso_100,92,1.488004935,71.91,4738299,3136x2352,5.1392
nightshot_iso_100,93,1.485068218,66.71,4743249,3136x2352,5.1446
nightshot_iso_100,94,1.673950099,75.80,5447319,3136x2352,5.9082
nightshot_iso_100,95,1.924481715,83.93,5781289,3136x2352,6.2704
nightshot_iso_100,96,1.804231505,82.44,5819851,3136x2352,6.3123
nightshot_iso_100,97,1.828049334,81.67,5706169,3136x2352,6.1890
nightshot_iso_100,98,2.100274204,92.46,6544664,3136x2352,7.0984
nightshot_iso_100,99,2.169659167,94.60,6451990,3136x2352,6.9979
nightshot_iso_1600,0,0.866315023,42.61,2877809,3136x2352,3.1213
nightshot_iso_1600,1,0.965393981,48.28,3266684,3136x2352,3.5431
nightshot_iso_1600,2,0.978016561,43.60,3319932,3136x2352,3.6008
nightshot_iso_1600,3,1.040258247,48.42,3453957,3136x2352,3.7462
nightshot_iso_1600,4,1.047992767,50.79,3560076,3136x2352,3.8613
nightshot_iso_1600,5,1.078347693,50.76,3630625,3136x2352,3.9378
nightshot_iso_1600,6,1.159086593,54.21,3773898,3136x2352,4.0932
nightshot_iso_1600,7,1.186428982,54.30,3816087,3136x2352,4.1389
nightshot_iso_1600,8,1.208382577,57.44,3977268,3136x2352,4.3138
nightshot_iso_1600,9,1.256213526,59.55,4124708,3136x2352,4.4737
nightshot_iso_1600,10,1.262231032,58.80,4168452,3136x2352,4.5211
nightshot_iso_1600,11,1.328419146,61.19,4282556,3136x2352,4.6449
nightshot_iso_1600,12,1.422053461,62.77,4453078,3136x2352,4.8298
nightshot_iso_1600,13,1.401679699,65.62,4546543,3136x2352,4.9312
nightshot_iso_1600,14,1.475158573,67.06,4662701,3136x2352,5.0572
nightshot_iso_1600,15,1.544607797,70.57,4825683,3136x2352,5.2340
nightshot_iso_1600,16,1.541356888,71.12,4923229,3136x2352,5.3398
nightshot_iso_1600,17,1.610399770,73.12,4978037,3136x2352,5.3992
nightshot_iso_1600,18,1.618511401,73.71,5056891,3136x2352,5.4847
nightshot_iso_1600,19,1.677019877,75.57,5175445,3136x2352,5.6133
nightshot_iso_1600,20,1.783420192,79.26,5313993,3136x2352,5.7636
nightshot_iso_1600,21,1.772531975,78.54,5425749,3136x2352,5.8848
nightshot_iso_1600,22,1.829911599,83.78,5560772,3136x2352,6.0313
nightshot_iso_1600,23,1.857560158,82.34,5681856,3136x2352,6.1626
nightshot_iso_1600,24,1.997054856,87.97,5813594,3136x2352,6.3055
nightshot_iso_1600,25,1.961472987,87.95,5881277,3136x2352,6.3789
nightshot_iso_1600,26,1.975609162,88.28,5970101,3136x2352,6.4752
nightshot_iso_1600,27,1.977559418,87.15,5974483,3136x2352,6.4800
nightshot_iso_1600,28,2.103095511,94.00,6124357,3136x2352,6.6425
nightshot_iso_1600,29,2.178943231,93.91,6138116,3136x2352,6.6575
nightshot_iso_1600,30,2.103717002,94.47,6173369,3136x2352,6.6957
nightshot_iso_1600,31,2.152075343,95.86,6359821,3136x2352,6.8979
nightshot_iso_1600,32,2.206519799,99.46,6510283,3136x2352,7.0611
nightshot_iso_1600,33,2.221096306,98.01,6542309,3136x2352,7.0959
nightshot_iso_1600,34,2.465130075,107.16,6611646,3136x2352,7.1711
nightshot_iso_1600,35,2.513406345,106.55,6802849,3136x2352,7.3784
nightshot_iso_1600,36,2.530993559,111.63,6834406,3136x2352,7.4127
nightshot_iso_1600,37,2.410704008,104.25,6823081,3136x2352,7.4004
nightshot_iso_1600,38,2.411594661,105.18,6963022,3136x2352,7.5522
nightshot_iso_1600,39,2.583941921,113.88,6994032,3136x2352,7.5858
nightshot_iso_1600,40,2.358509128,106.28,6953428,3136x2352,7.5418
nightshot_iso_1600,41,2.576601953,113.53,7124782,3136x2352,7.7276
nightshot_iso_1600,42,2.458186017,108.75,7162177,3136x2352,7.7682
nightshot_iso_1600,43,2.468441173,110.48,7286232,3136x2352,7.9027
nightshot_iso_1600,44,2.584913544,112.08,7328668,3136x2352,7.9488
nightshot_iso_1600,45,2.529774346,111.41,7404673,3136x2352,8.0312
nightshot_iso_1600,46,2.581340925,115.83,7564820,3136x2352,8.2049
nightshot_iso_1600,47,2.849336454,125.14,7591184,3136x2352,8.2335
nightshot_iso_1600,48,2.866623667,121.75,7611877,3136x2352,8.2559
nightshot_iso_1600,49,2.626794759,112.99,7683415,3136x2352,8.3335
nightshot_iso_1600,50,2.696165931,119.16,7862577,3136x2352,8.5278
nightshot_iso_1600,51,2.724480773,121.13,7879283,3136x2352,8.5460
nightshot_iso_1600,52,2.838173486,124.10,7848840,3136x2352,8.5129
nightshot_iso_1600,53,2.832303431,118.75,7848840,3136x2352,8.5129
nightshot_iso_1600,54,2.722586557,119.86,7975233,3136x2352,8.6500
nightshot_iso_1600,55,2.766062876,120.41,8045723,3136x2352,8.7265
nightshot_iso_1600,56,2.714116527,119.60,8115459,3136x2352,8.8021
nightshot_iso_1600,57,2.922741307,127.81,8172726,3136x2352,8.8642
nightshot_iso_1600,58,2.972148951,129.96,8163589,3136x2352,8.8543
nightshot_iso_1600,59,2.777022793,122.95,8171850,3136x2352,8.8633
nightshot_iso_1600,60,2.795018528,122.28,8283950,3136x2352,8.9849
nightshot_iso_1600,61,2.881879125,125.19,8315915,3136x2352,9.0195
nightshot_iso_1600,62,2.869098494,125.61,8382620,3136x2352,9.0919
nightshot_iso_1600,63,2.852849573,125.58,8389795,3136x2352,9.0997
nightshot_iso_1600,64,2.863378689,125.37,8573292,3136x2352,9.2987
nightshot_iso_1600,65,2.847998610,126.38,8573292,3136x2352,9.2987
nightshot_iso_1600,66,2.933569964,129.68,8635019,3136x2352,9.3656
nightshot_iso_1600,67,2.875616759,125.31,8627154,3136x2352,9.3571
nightshot_iso_1600,68,2.907961270,128.33,8671493,3136x2352,9.4052
nightshot_iso_1600,69,2.914053365,127.32,8872216,3136x2352,9.6229
nightshot_iso_1600,70,2.974610857,129.73,8900667,3136x2352,9.6538
nightshot_iso_1600,71,2.922628757,128.49,9058681,3136x2352,9.8252
nightshot_iso_1600,72,2.933411374,133.53,9030077,3136x2352,9.7941
nightshot_iso_1600,73,3.020898372,135.12,9076207,3136x2352,9.8442
nightshot_iso_1600,74,3.162935787,137.39,9108273,3136x2352,9.8789
nightshot_iso_1600,75,3.297198222,146.35,9108273,3136x2352,9.8789
nightshot_iso_1600,76,2.966776997,133.34,9285371,3136x2352,10.0710
nightshot_iso_1600,77,3.065161573,135.82,9446497,3136x2352,10.2458
nightshot_iso_1600,78,3.071301288,136.16,9577245,3136x2352,10.3876
nightshot_iso_1600,79,3.148514761,137.34,9573429,3136x2352,10.3835
nightshot_iso_1600,80,2.966785117,132.88,9891039,3136x2352,10.7279
nightshot_iso_1600,81,3.104349570,137.65,9900495,3136x2352,10.7382
nightshot_iso_1600,82,2.579122650,116.47,10578906,3136x2352,11.4740
nightshot_iso_1600,83,2.564388993,115.66,10645651,3136x2352,11.5464
nightshot_iso_1600,84,2.286003698,104.77,11010966,3136x2352,11.9426
nightshot_iso_1600,85,2.422968029,109.39,11015967,3136x2352,11.9481
nightshot_iso_1600,86,2.211596312,101.40,11106015,3136x2352,12.0457
nightshot_iso_1600,87,2.198418318,100.48,11373265,3136x2352,12.3356
nightshot_iso_1600,88,2.341440146,106.32,11284011,3136x2352,12.2388
nightshot_iso_1600,89,2.205029755,99.06,11492088,3136x2352,12.4645
nightshot_iso_1600,90,2.241091125,100.54,11483469,3136x2352,12.4551
nightshot_iso_1600,91,2.263560242,103.30,11466121,3136x2352,12.4363
nightshot_iso_1600,92,2.165287666,99.18,11681591,3136x2352,12.6700
nightshot_iso_1600,93,2.206672259,103.58,11615661,3136x2352,12.5985
nightshot_iso_1600,94,2.204837455,100.99,11687844,3136x2352,12.6768
nightshot_iso_1600,95,2.114474569,98.61,11828499,3136x2352,12.8293
nightshot_iso_1600,96,2.110403659,98.72,11853834,3136x2352,12.8568
nightshot_iso_1600,97,2.229294375,103.64,11693270,3136x2352,12.6827
nightshot_iso_1600,98,2.162607699,99.22,11818931,3136x2352,12.8190
nightshot_iso_1600,99,2.287456491,102.42,11681898,3136x2352,12.6703
spider_web,0,1.109227489,52.77,3271966,4256x2848,2.1595
spider_web,1,1.144766128,55.29,3524940,4256x2848,2.3264
spider_web,2,1.195701545,55.24,3604400,4256x2848,2.3789
spider_web,3,1.163736746,55.37,3581217,4256x2848,2.3636
spider_web,4,1.178602962,53.78,3630485,4256x2848,2.3961
spider_web,5,1.158770523,54.40,3607560,4256x2848,2.3810
spider_web,6,1.166590102,54.49,3624952,4256x2848,2.3924
spider_web,7,1.168820348,52.71,3653742,4256x2848,2.4114
spider_web,8,1.160769088,52.33,3652297,4256x2848,2.4105
spider_web,9,1.184912588,55.24,3636937,4256x2848,2.4004
spider_web,10,1.150472802,51.15,3670445,4256x2848,2.4225
spider_web,11,1.170394893,51.27,3675871,4256x2848,2.4260
spider_web,12,1.159806826,53.88,3696090,4256x2848,2.4394
spider_web,13,1.171873326,53.96,3675427,4256x2848,2.4258
spider_web,14,1.175233375,55.44,3691385,4256x2848,2.4363
spider_web,15,1.167407204,52.61,3728005,4256x2848,2.4605
spider_web,16,1.185110169,52.70,3750250,4256x2848,2.4751
spider_web,17,1.195273154,56.73,3765595,4256x2848,2.4853
spider_web,18,1.180219786,55.33,3789652,4256x2848,2.5011
spider_web,19,1.185120289,56.34,3773811,4256x2848,2.4907
spider_web,20,1.160960109,56.29,3753869,4256x2848,2.4775
spider_web,21,1.159877635,53.04,3714909,4256x2848,2.4518
spider_web,22,1.151848596,53.39,3717620,4256x2848,2.4536
spider_web,23,1.162824724,55.47,3748984,4256x2848,2.4743
spider_web,24,1.154620702,53.58,3759660,4256x2848,2.4814
spider_web,25,1.163270004,54.27,3751691,4256x2848,2.4761
spider_web,26,1.172620737,54.13,3777314,4256x2848,2.4930
spider_web,27,1.161160879,52.97,3787507,4256x2848,2.4997
spider_web,28,1.178050841,54.61,3782128,4256x2848,2.4962
spider_web,29,1.130958314,54.76,3697301,4256x2848,2.4402
spider_web,30,1.155839246,54.89,3705873,4256x2848,2.4459
spider_web,31,1.130524082,53.22,3665874,4256x2848,2.4195
spider_web,32,1.206831673,56.09,3686052,4256x2848,2.4328
spider_web,33,1.148297337,53.03,3693973,4256x2848,2.4380
spider_web,34,1.158401513,54.53,3729948,4256x2848,2.4617
spider_web,35,1.174524763,55.56,3740780,4256x2848,2.4689
spider_web,36,1.142288622,51.87,3736773,4256x2848,2.4662
spider_web,37,1.174073992,54.29,3768817,4256x2848,2.4874
spider_web,38,1.167310464,53.40,3767878,4256x2848,2.4868
spider_web,39,1.159864485,52.21,3789861,4256x2848,2.5013
spider_web,40,1.149270329,51.99,3769522,4256x2848,2.4879
spider_web,41,1.180213937,55.30,3769522,4256x2848,2.4879
spider_web,42,1.153963821,53.18,3770845,4256x2848,2.4887
spider_web,43,1.130783793,51.64,3752912,4256x2848,2.4769
spider_web,44,1.139591295,55.02,3762910,4256x2848,2.4835
spider_web,45,1.136079137,54.50,3773514,4256x2848,2.4905
spider_web,46,1.187741835,55.07,3767222,4256x2848,2.4863
spider_web,47,1.170880503,53.39,3827260,4256x2848,2.5260
spider_web,48,1.184710848,55.97,3833475,4256x2848,2.5301
spider_web,49,1.176853349,52.43,3828077,4256x2848,2.5265
spider_web,50,1.190599122,53.54,3898337,4256x2848,2.5729
spider_web,51,1.213518860,56.72,3907525,4256x2848,2.5789
spider_web,52,1.207195424,56.01,3897147,4256x2848,2.5721
spider_web,53,1.192006016,55.83,3896898,4256x2848,2.5719
spider_web,54,1.213574970,56.60,3962146,4256x2848,2.6150
spider_web,55,1.202794183,54.86,3971342,4256x2848,2.6211
spider_web,56,1.170162231,54.58,3825444,4256x2848,2.5248
spider_web,57,1.201726650,52.82,3832711,4256x2848,2.5296
spider_web,58,1.145042819,52.32,3797044,4256x2848,2.5060
spider_web,59,1.169152729,53.01,3836385,4256x2848,2.5320
spider_web,60,1.160644047,51.99,3852238,4256x2848,2.5425
spider_web,61,1.176737228,53.67,3851134,4256x2848,2.5417
spider_web,62,1.165608380,54.18,3845145,4256x2848,2.5378
spider_web,63,1.180419947,54.37,3858217,4256x2848,2.5464
spider_web,64,1.161879271,54.35,3873401,4256x2848,2.5564
spider_web,65,1.153448430,51.49,3871070,4256x2848,2.5549
spider_web,66,1.180485418,54.37,3911314,4256x2848,2.5814
spider_web,67,1.191509845,52.51,3932339,4256x2848,2.5953
spider_web,68,1.224945548,55.82,3942729,4256x2848,2.6022
spider_web,69,1.177982561,54.32,3912225,4256x2848,2.5820
spider_web,70,1.195915996,53.80,3897385,4256x2848,2.5723
spider_web,71,1.172132676,54.42,3897734,4256x2848,2.5725
spider_web,72,1.213211279,53.27,3944175,4256x2848,2.6031
spider_web,73,1.190735533,55.01,3959840,4256x2848,2.6135
spider_web,74,1.191418034,55.09,3973153,4256x2848,2.6223
spider_web,75,1.192627407,55.34,3985565,4256x2848,2.6304
spider_web,76,1.242421942,57.81,4078911,4256x2848,2.6921
spider_web,77,1.264353027,58.76,4103800,4256x2848,2.7085
spider_web,78,1.222981923,58.13,4046516,4256x2848,2.6707
spider_web,79,1.221391529,57.38,4035932,4256x2848,2.6637
spider_web,80,1.262171081,58.61,4123856,4256x2848,2.7217
spider_web,81,1.269362010,58.79,4229337,4256x2848,2.7913
spider_web,82,1.268914338,58.59,4275549,4256x2848,2.8218
spider_web,83,1.339378744,60.45,4416302,4256x2848,2.9147
spider_web,84,1.372413986,64.02,4537848,4256x2848,2.9950
spider_web,85,1.451731785,66.11,4790415,4256x2848,3.1617
spider_web,86,1.506042260,65.78,4920542,4256x2848,3.2475
spider_web,87,1.567927324,71.06,5094600,4256x2848,3.3624
spider_web,88,1.701962979,75.46,5501634,4256x2848,3.6311
spider_web,89,1.799930774,81.67,5724942,4256x2848,3.7785
spider_web,90,1.941942088,86.50,6055079,4256x2848,3.9963
spider_web,91,2.265342755,101.16,6804296,4256x2848,4.4908
spider_web,92,2.360765804,106.20,7019238,4256x2848,4.6327
spider_web,93,3.058673247,133.96,8136745,4256x2848,5.3703
spider_web,94,2.992184270,135.55,8230734,4256x2848,5.4323
spider_web,95,3.091290178,140.05,8405595,4256x2848,5.5477
spider_web,96,3.424725180,152.60,9361342,4256x2848,6.1785
spider_web,97,3.330573075,150.17,9299704,4256x2848,6.1378
spider_web,98,3.904666368,174.19,10314407,4256x2848,6.8075
spider_web,99,3.808945519,166.28,10118464,4256x2848,6.6782
