Filename;q_flag;Avg Time;Avg Energy;File Size;Resolution;bpp;ssim;psnr;mse;;avg fs;min fs;max fs;median
artificial;10;0,395361917;15,68;94112;3072x2048;0,1196;0,954933737;32,99693262;32,61272579;;983733,0861;21118;17476498;172459
artificial;11;0,40135615;15,74;96512;3072x2048;0,1227;0,956277116;33,16559177;31,37048144;;avg encode time;min time;max time ;median
artificial;12;0,395146377;15,25;98152;3072x2048;0,1248;0,957260097;33,29905618;30,42108806;;1,37095939;0,212603646;14,87874259;0,559067594
artificial;13;0,395616387;14,79;100388;3072x2048;0,1276;0,958187589;33,4319915;29,50402117;;avg bpp;min bpp;max bpp;median 
artificial;14;0,41476833;16,28;102528;3072x2048;0,1303;0,933031462;33,48847215;29,1228012;;0,640909444;0,0368;4,7686;0,19935
artificial;15;0,399548906;15,62;104200;3072x2048;0,1324;0,960262376;33,65869696;28,0033936;;;;;
artificial;16;0,418063628;16,44;107056;3072x2048;0,1361;0,962800993;33,75562652;27,38531298;;;;;
artificial;17;0,424889333;16,62;108712;3072x2048;0,1382;0,935838658;33,80459825;27,07824643;;;;;
artificial;18;0,403639395;14,74;109492;3072x2048;0,1392;0,962327281;33,96317459;26,10735665;;;;;
artificial;19;0,401530001;14,95;111710;3072x2048;0,142;0,963297536;34,09801723;25,30921284;;;;;
artificial;20;0,38318996;14,86;112878;3072x2048;0,1435;0,968098672;34,2339212;24,52947431;;;;;
artificial;21;0,3834179;15,35;114638;3072x2048;0,1457;0,968906313;34,3252049;24,0192737;;;;;
artificial;22;0,373361998;14,01;117000;3072x2048;0,1487;0,969524742;34,43940694;23,39589516;;;;;
artificial;23;0,378734929;14,22;118532;3072x2048;0,1507;0,969866924;34,51141606;23,01117288;;;;;
artificial;24;0,383540461;14,96;120454;3072x2048;0,1531;0,970575296;34,60544268;22,51832554;;;;;
artificial;25;0,377067226;14,87;122070;3072x2048;0,1552;0,970901883;34,69423448;22,06261126;;;;;
artificial;26;0,378030618;14,7;124102;3072x2048;0,1578;0,971563957;34,79345823;21,56425895;;;;;
artificial;27;0,375696763;14,93;125798;3072x2048;0,1599;0,97201346;34,87383709;21,16882006;;;;;
artificial;28;0,382813429;14,4;128742;3072x2048;0,1637;0,972536221;34,97733657;20,6702964;;;;;
artificial;29;0,383896751;14,38;130930;3072x2048;0,1664;0,973159647;35,07212421;20,22404114;;;;;
artificial;30;0,379189431;14,85;132950;3072x2048;0,169;0,973618589;35,1718329;19,76501147;;;;;
artificial;31;0,384360212;15,28;135800;3072x2048;0,1726;0,974136564;35,27142484;19,3169198;;;;;
artificial;32;0,380620463;14,45;138696;3072x2048;0,1763;0,974739659;35,42337923;18,65273147;;;;;
artificial;33;0,382264758;14,97;140214;3072x2048;0,1782;0,975182905;35,47738341;18,42222235;;;;;
artificial;34;0,38337873;14,23;142504;3072x2048;0,1812;0,975493944;35,57370147;18,01815065;;;;;
artificial;35;0,384882184;14,58;145490;3072x2048;0,185;0,976026311;35,67685466;17,59522782;;;;;
artificial;36;0,386324727;15,28;147058;3072x2048;0,1869;0,976450372;35,72022542;17,4203878;;;;;
artificial;37;0,380118993;14,37;149432;3072x2048;0,19;0,976985396;35,830655;16,98301766;;;;;
artificial;38;0,383781911;14,98;150972;3072x2048;0,1919;0,977165704;35,91202366;16,66778904;;;;;
artificial;39;0,38765271;15,37;153148;3072x2048;0,1947;0,977520596;36,05054657;16,14454105;;;;;
artificial;40;0,388572301;15,43;156394;3072x2048;0,1988;0,978059702;36,20254129;15,58928627;;;;;
artificial;41;0,384842894;14,98;156834;3072x2048;0,1994;0,978327231;36,21288079;15,55221611;;;;;
artificial;42;0,384650633;15,32;158470;3072x2048;0,2015;0,978348564;36,26300124;15,37376494;;;;;
artificial;43;0,384596123;14,57;162284;3072x2048;0,2063;0,978891829;36,40069683;14,89397695;;;;;
artificial;44;0,385131554;15,14;163996;3072x2048;0,2085;0,97949315;36,55018954;14,39002032;;;;;
artificial;45;0,396272198;15,67;164556;3072x2048;0,2092;0,979305503;36,4970369;14,56721973;;;;;
artificial;46;0,389775854;15,46;167206;3072x2048;0,2126;0,979404603;36,56144722;14,35276715;;;;;
artificial;47;0,386412976;15,51;170224;3072x2048;0,2164;0,980000055;36,67186314;13,99245914;;;;;
artificial;48;0,384330752;15,08;172126;3072x2048;0,2188;0,980456127;36,81857457;13,52766699;;;;;
artificial;49;0,39228101;15,52;172632;3072x2048;0,2195;0,980010893;36,72584758;13,81960413;;;;;
artificial;50;0,39204636;15,36;175628;3072x2048;0,2233;0,980757623;36,8429448;13,45196973;;;;;
artificial;51;0,388616102;15,42;177178;3072x2048;0,2252;0,980858581;36,92397382;13,20331483;;;;;
artificial;52;0,3924527;15,67;178612;3072x2048;0,2271;0,981314047;36,96738646;13,07199023;;;;;
artificial;53;0,388342702;15,5;180792;3072x2048;0,2298;0,981843034;37,1358454;12,57464753;;;;;
artificial;54;0,396604049;15,76;182420;3072x2048;0,2319;0,982127805;37,18315094;12,43842141;;;;;
artificial;55;0,386966738;15,44;182844;3072x2048;0,2324;0,982056801;37,16286725;12,49665085;;;;;
artificial;56;0,393875843;15,56;185080;3072x2048;0,2353;0,981990558;37,10291981;12,67034324;;;;;
artificial;57;0,394525765;15,6;188026;3072x2048;0,239;0,982081205;37,17010958;12,4758287;;;;;
artificial;58;0,394025574;15,58;190572;3072x2048;0,2423;0,98286039;37,40795412;11,81095319;;;;;
artificial;59;0,3921105;15,77;192370;3072x2048;0,2446;0,983030766;37,46144421;11,66637521;;;;;
artificial;60;0,39648958;15,75;194500;3072x2048;0,2473;0,982945695;37,40882138;11,80859486;;;;;
artificial;61;0,390332676;15,13;194636;3072x2048;0,2474;0,983442565;37,55697362;11,41255803;;;;;
artificial;62;0,394925016;15,6;199354;3072x2048;0,2534;0,98342905;37,49973141;11,56397703;;;;;
artificial;63;0,397642642;15,79;199910;3072x2048;0,2541;0,983889671;37,64536211;11,18263499;;;;;
artificial;64;0,39646206;15,49;201112;3072x2048;0,2557;0,983711977;37,53216408;11,47794008;;;;;
artificial;65;0,397069691;15,61;206112;3072x2048;0,262;0,983890309;37,5832473;11,34372346;;;;;
artificial;66;0,391450398;15,3;206324;3072x2048;0,2623;0,983996346;37,63415014;11,21154197;;;;;
artificial;67;0,393184592;15,28;208842;3072x2048;0,2655;0,984433574;37,71153674;11,01353375;;;;;
artificial;68;0,394072274;15,57;210010;3072x2048;0,267;0,984891382;37,94682382;10,43273025;;;;;
artificial;69;0,394076184;15,51;214616;3072x2048;0,2728;0,984788434;37,88177155;10,59017669;;;;;
artificial;70;0,395208247;15,62;216964;3072x2048;0,2758;0,984874822;37,96086543;10,39905363;;;;;
artificial;71;0,397467162;15,52;220414;3072x2048;0,2802;0,985608598;38,17990582;9,887574726;;;;;
artificial;72;0,402051072;15,91;221282;3072x2048;0,2813;0,985233136;38,0322733;10,2294676;;;;;
artificial;73;0,402525083;15,39;222896;3072x2048;0,2834;0,985434771;38,07918241;10,11957142;;;;;
artificial;74;0,398089543;15,83;226388;3072x2048;0,2878;0,98549514;38,17123707;9,907330566;;;;;
artificial;75;0,393909963;16,04;229228;3072x2048;0,2914;0,98624857;38,36378058;9,477685716;;;;;
artificial;76;0,396346939;15,74;235200;3072x2048;0,299;0,986511735;38,41285931;9,371183236;;;;;
artificial;77;0,412580075;16,82;245430;3072x2048;0,312;0,987556779;38,81842838;8,535668161;;;;;
artificial;78;0,404502117;15,77;253422;3072x2048;0,3222;0,987067466;38,59249561;8,991472085;;;;;
artificial;79;0,41017925;16,43;262952;3072x2048;0,3343;0,988415359;39,12028994;7,962535222;;;;;
artificial;80;0,404821008;16,06;272154;3072x2048;0,346;0,98869971;39,14688555;7,913922734;;;;;
artificial;81;0,411305132;16,78;281752;3072x2048;0,3582;0,989205591;39,40353332;7,459797329;;;;;
artificial;82;0,407151013;16,15;290682;3072x2048;0,3696;0,989804777;39,60503243;7,121592469;;;;;
artificial;83;0,417980168;16,62;304022;3072x2048;0,3865;0,990101743;40,00769881;6,490983115;;;;;
artificial;84;0,414189319;16,41;316110;3072x2048;0,4019;0,990723049;40,24103543;6,151440356;;;;;
artificial;85;0,415591282;16,8;327298;3072x2048;0,4161;0,990965187;40,38598122;5,949524244;;;;;
artificial;86;0,417572826;16,68;342554;3072x2048;0,4355;0,991690794;40,79414179;5,41584444;;;;;
artificial;87;0,419747692;16,98;362022;3072x2048;0,4603;0,992241653;41,01175328;5,151159922;;;;;
artificial;88;0,426886928;16,75;378542;3072x2048;0,4813;0,992733988;41,21358376;4,917246554;;;;;
artificial;89;0,436135428;17,54;399248;3072x2048;0,5076;0,993353849;41,4034243;4,706932068;;;;;
artificial;90;0,43663567;17,07;417740;3072x2048;0,5311;0,993702582;41,65698779;4,439985805;;;;;
artificial;91;0,43709609;16,78;441762;3072x2048;0,5617;0,994324967;41,80446411;4,291745398;;;;;
artificial;92;0,447709885;17,38;465910;3072x2048;0,5924;0,994767337;42,0185881;4,085277398;;;;;
artificial;93;0,451889003;17,62;500886;3072x2048;0,6369;0,9950902;42,22134313;3,898935477;;;;;
artificial;94;0,454173069;17,61;527748;3072x2048;0,671;0,995283828;42,37923982;3,759727584;;;;;
artificial;95;0,45928815;17,55;588684;3072x2048;0,7485;0,995747571;42,63178755;3,547330115;;;;;
artificial;96;0,461999107;17,99;615070;3072x2048;0,7821;0,995886377;42,65398298;3,529247072;;;;;
artificial;97;0,468705041;17,84;686586;3072x2048;0,873;0,996227648;42,88644364;3,345307138;;;;;
artificial;98;0,480034337;18,92;739076;3072x2048;0,9397;0,996429353;42,89662645;3,337472651;;;;;
artificial;99;0,484030186;18,68;770234;3072x2048;0,9794;0,996401283;42,80745582;3,406706969;;;;;
big_building;50;3,612510913;120,6;2367302;7216x5412;0,4849;0,950240433;33,45608431;29,34079855;;;;;
big_building;51;3,62888106;120,54;2383526;7216x5412;0,4882;0,950533292;33,48223076;29,16468462;;;;;
big_building;52;3,637692541;120,52;2403086;7216x5412;0,4922;0,950961208;33,49867025;29,0544953;;;;;
big_building;53;3,682673451;123,05;2454920;7216x5412;0,5028;0,951992546;33,57411082;28,5541528;;;;;
big_building;54;3,623876969;119,5;2500952;7216x5412;0,5123;0,952549794;33,62586747;28,21588092;;;;;
big_building;55;3,672635859;121,57;2538488;7216x5412;0,52;0,953320476;33,67599734;27,89206235;;;;;
big_building;56;3,667529947;122,16;2573216;7216x5412;0,5271;0,953900738;33,72324107;27,59028924;;;;;
big_building;57;3,682750452;121,5;2575218;7216x5412;0,5275;0,953952847;33,73187686;27,5354815;;;;;
big_building;58;8,370148636;273,99;2652176;7216x5412;0,5432;0,954486475;33,7730715;27,27553077;;;;;
big_building;59;3,683706403;123,47;2657154;7216x5412;0,5443;0,954754218;33,79963129;27,10923312;;;;;
big_building;60;5,972647719;196,94;2676488;7216x5412;0,5482;0,955048333;33,82490124;26,95195274;;;;;
big_building;61;10,58438526;343,8;2843824;7216x5412;0,5825;0,95476055;33,78587436;27,19524185;;;;;
big_building;62;10,6144695;343,59;2896362;7216x5412;0,5933;0,955552211;33,85050542;26,79352285;;;;;
big_building;63;10,70980966;348,08;2925644;7216x5412;0,5993;0,95589074;33,86969245;26,6754108;;;;;
big_building;64;10,54276595;342,04;2970304;7216x5412;0,6084;0,956454954;33,93446838;26,28049387;;;;;
big_building;65;10,66591665;348,87;2970304;7216x5412;0,6084;0,956454954;33,93446838;26,28049387;;;;;
big_building;66;10,73344308;349,13;3075650;7216x5412;0,63;0,95773249;34,04518299;25,6189934;;;;;
big_building;67;10,61686685;347,57;3087510;7216x5412;0,6324;0,957914173;34,08201911;25,40261637;;;;;
big_building;68;10,7181363;347,25;3155798;7216x5412;0,6464;0,958794152;34,12362936;25,16039328;;;;;
big_building;69;10,86751983;353,72;3208048;7216x5412;0,6571;0,959215535;34,20572067;24,68927257;;;;;
big_building;70;10,71401345;347,32;3208048;7216x5412;0,6571;0,959215535;34,20572067;24,68927257;;;;;
big_building;71;10,83050788;351,13;3253120;7216x5412;0,6664;0,959644699;34,2622346;24,37007696;;;;;
big_building;72;10,92017327;354,92;3301198;7216x5412;0,6762;0,960719804;34,31935383;24,05165567;;;;;
big_building;73;10,90684547;354,46;3348264;7216x5412;0,6858;0,961103451;34,37152906;23,76443288;;;;;
big_building;74;10,95122375;357,13;3418626;7216x5412;0,7003;0,961873831;34,46692695;23,24811074;;;;;
big_building;75;10,72049739;349,55;3418626;7216x5412;0,7003;0,961873831;34,46692695;23,24811074;;;;;
big_building;76;10,98367538;357,7;3623454;7216x5412;0,7422;0,963537417;34,6560036;22,25768545;;;;;
big_building;77;11,05607865;356,03;3757282;7216x5412;0,7696;0,964744829;34,78662972;21,59819156;;;;;
big_building;78;11,15061474;357,11;3999164;7216x5412;0,8192;0,966432607;35,00057246;20,5600002;;;;;
big_building;79;11,07725132;358,41;4165592;7216x5412;0,8533;0,968067858;35,17948761;19,73020512;;;;;
big_building;80;11,1960259;360,81;4373294;7216x5412;0,8958;0,96934589;35,38777145;18,80629375;;;;;
big_building;81;11,37515724;366,06;4566486;7216x5412;0,9354;0,970393204;35,49909525;18,33035329;;;;;
big_building;82;11,47380562;367,66;4879910;7216x5412;0,9996;0,97195402;35,72542734;17,39953439;;;;;
big_building;83;11,56733166;367,48;5110458;7216x5412;1,0468;0,972956664;35,94055558;16,55864527;;;;;
big_building;84;11,54795404;373,54;5420834;7216x5412;1,1104;0,974120534;36,17542704;15,68691911;;;;;
big_building;85;11,66426848;378,52;5788470;7216x5412;1,1857;0,975414587;36,32635387;15,15112822;;;;;
big_building;86;11,72144158;381,74;6012966;7216x5412;1,2317;0,975972827;36,53120801;14,45305181;;;;;
big_building;87;12,08104383;387,85;6385456;7216x5412;1,308;0,97717428;36,76377339;13,69944655;;;;;
big_building;88;12,16781472;394,72;7003640;7216x5412;1,4346;0,979751905;37,24403862;12,26525266;;;;;
big_building;89;12,37226902;395,73;7632624;7216x5412;1,5635;0,980111592;37,45019932;11,69662129;;;;;
big_building;90;12,63553761;406,35;8227366;7216x5412;1,6853;0,982115098;37,82544814;10,72841456;;;;;
big_building;91;12,63120707;409,54;8809288;7216x5412;1,8045;0,98295259;38,12807867;10,00627638;;;;;
big_building;92;12,81745231;411,33;9515592;7216x5412;1,9492;0,983916883;38,41589122;9,364643286;;;;;
big_building;93;13,33212318;431,66;10507344;7216x5412;2,1524;0,984936307;38,85243126;8,469099491;;;;;
big_building;94;13,39274953;427,62;11296512;7216x5412;2,314;0,985833382;39,24166269;7,743086155;;;;;
big_building;95;13,92457861;445,01;12916872;7216x5412;2,646;0,98636528;39,69267815;6,979310924;;;;;
big_building;96;14,16005203;455,41;14102306;7216x5412;2,8888;0,988157688;40,00961407;6,4881212;;;;;
big_building;97;14,84704845;473,2;15819628;7216x5412;3,2406;0,989042464;40,29337913;6,077744628;;;;;
big_building;98;14,75340249;477,8;16729920;7216x5412;3,4271;0,989427699;40,34534014;6,005460947;;;;;
big_building;99;14,87874259;481,6;17476498;7216x5412;3,58;0,990916644;40,48820444;5,811120985;;;;;
big_tree;91;9,52598366;300,11;7081842;6088x4550;2,0452;0,954223508;34,23743906;24,50961303;;;;;
big_tree;92;9,594305762;304,7;7721046;6088x4550;2,2298;0,957493095;34,52420595;22,9435051;;;;;
big_tree;93;9,457831887;305,94;7945310;6088x4550;2,2946;0,958241036;34,57822136;22,6599123;;;;;
big_tree;94;9,932465212;318,26;8794900;6088x4550;2,54;0,962915952;34,71902008;21,93705647;;;;;
big_tree;95;10,21335852;330,1;10045902;6088x4550;2,9013;0,967471819;35,08355363;20,17088708;;;;;
big_tree;96;10,54964953;341,26;11101578;6088x4550;3,2061;0,970537768;35,18014854;19,72720268;;;;;
big_tree;97;10,65388051;344,64;11502250;6088x4550;3,3219;0,971182155;35,22575515;19,52112517;;;;;
big_tree;98;11,05329818;357,4;13196236;6088x4550;3,8111;0,975237675;35,49954677;18,32844769;;;;;
big_tree;99;11,36139437;358,76;14101398;6088x4550;4,0725;0,976036349;35,46953599;18,45554021;;;;;
bridge;86;1,315651471;44,74;2331378;2749x4049;1,6756;0,953418617;33,99793433;25,8992345;;;;;
bridge;87;1,334500104;45,64;2507680;2749x4049;1,8023;0,957183911;34,20111605;24,71546329;;;;;
bridge;88;1,336946769;45,05;2595494;2749x4049;1,8654;0,958861543;34,36532761;23,79839122;;;;;
bridge;89;1,387191812;46,75;2834030;2749x4049;2,0369;0,958185058;34,4277488;23,45878314;;;;;
bridge;90;1,411294126;47,57;3097700;2749x4049;2,2264;0,966535088;34,90126703;21,03553963;;;;;
bridge;91;1,433842087;47,63;3416852;2749x4049;2,4558;0,970793128;35,12085116;19,99839974;;;;;
bridge;92;1,476782443;49,3;3541810;2749x4049;2,5456;0,972035866;35,30899908;19,15051478;;;;;
bridge;93;1,525256122;52,08;3922078;2749x4049;2,8189;0,975466874;35,56527022;18,05316446;;;;;
bridge;94;1,557270943;51,46;4258464;2749x4049;3,0606;0,977780421;35,71256626;17,45113729;;;;;
bridge;95;1,569926312;51,87;4543856;2749x4049;3,2658;0,979240509;35,9091976;16,67863869;;;;;
bridge;96;1,64056116;55,07;4941416;2749x4049;3,5515;0,981222573;36,1465053;15,79173441;;;;;
bridge;97;1,672495462;55,51;5452716;2749x4049;3,919;0,983002792;36,18417095;15,65536747;;;;;
bridge;98;1,701463247;55,25;5709282;2749x4049;4,1034;0,983556172;36,29350439;15,26616395;;;;;
bridge;99;1,75615591;57,81;6073896;2749x4049;4,3655;0,984390963;36,29771785;15,25136012;;;;;
cathedral;84;0,616753384;22,2;651216;2000x3008;0,8659;0,951643755;35,95713805;16,49554072;;;;;
cathedral;85;0,616780424;22,61;683986;2000x3008;0,9095;0,952785932;36,15431925;15,76334702;;;;;
cathedral;86;0,633329871;22,62;751700;2000x3008;0,9996;0,956705668;36,40527029;14,8783007;;;;;
cathedral;87;0,646628241;23,28;858912;2000x3008;1,1421;0,960166029;36,84767225;13,43733472;;;;;
cathedral;88;0,655988322;23,44;898168;2000x3008;1,1943;0,96256678;36,93098161;13,18202709;;;;;
cathedral;89;0,660379711;23,78;1020402;2000x3008;1,3569;0,965818184;37,4294015;11,75276928;;;;;
cathedral;90;0,676488647;24,68;1142088;2000x3008;1,5187;0,969090964;37,85148295;10,66429294;;;;;
cathedral;91;0,689384676;24,7;1165490;2000x3008;1,5498;0,969770548;37,91776962;10,50275898;;;;;
cathedral;92;0,710000572;25,12;1295322;2000x3008;1,7225;0,972264701;38,24521384;9,740000443;;;;;
cathedral;93;0,735810511;25,89;1488602;2000x3008;1,9795;0,97634546;38,79915094;8,573640459;;;;;
cathedral;94;0,741555814;26,35;1620280;2000x3008;2,1546;0,978338975;38,98052447;8,222955009;;;;;
cathedral;95;0,774437498;27,74;1909422;2000x3008;2,5391;0,981060472;39,52268244;7,257918994;;;;;
cathedral;96;0,784926501;27,46;1993144;2000x3008;2,6504;0,981655892;39,64804157;7,051413841;;;;;
cathedral;97;0,825003491;28,33;2193020;2000x3008;2,9162;0,983889163;39,88354524;6,679221354;;;;;
cathedral;98;0,857813334;29,72;2450808;2000x3008;3,259;0,985425698;40,05203574;6,425054078;;;;;
cathedral;99;0,859468348;29,07;2566468;2000x3008;3,4128;0,986763074;40,12159481;6,322966478;;;;;
deer;94;1,484081149;49,98;4545142;4043x2641;3,4053;0,950736572;30,95409748;52,20001321;;;;;
deer;95;1,498951603;55,66;4636872;4043x2641;3,4741;0,951476362;30,97382017;51,96349382;;;;;
deer;96;1,549365186;57,43;4993180;4043x2641;3,741;0,953136222;30,93755991;52,39916546;;;;;
deer;97;1,589326295;59,67;5380148;4043x2641;4,0309;0,956237392;31,06357534;50,90059121;;;;;
deer;98;1,600883661;63,77;5856654;4043x2641;4,388;0,957092492;31,01095259;51,521097;;;;;
deer;99;1,626732359;54,7;6157960;4043x2641;4,6137;0,959219477;31,07301333;50,79009536;;;;;
fireworks;23;0,470321635;17,16;91202;3136x2352;0,0989;0,9553497;36,22968845;15,49214366;;;;;
fireworks;24;0,4722894;17,17;92898;3136x2352;0,1007;0,958671513;36,31688908;15,18418383;;;;;
fireworks;25;0,473001951;18,49;94896;3136x2352;0,1029;0,961047584;36,41927187;14,83041056;;;;;
fireworks;26;0,469915224;18,21;96160;3136x2352;0,1042;0,962174263;36,49888332;14,56102772;;;;;
fireworks;27;0,473914493;18,16;97864;3136x2352;0,1061;0,962999542;36,58027011;14,29069498;;;;;
fireworks;28;0,471795648;18,14;99076;3136x2352;0,1074;0,964405774;36,680356;13,96512286;;;;;
fireworks;29;0,471251717;17,89;100694;3136x2352;0,1092;0,965118553;36,7714656;13,6752036;;;;;
fireworks;30;0,473757532;18,26;102038;3136x2352;0,1106;0,965220093;36,85344439;13,41948726;;;;;
fireworks;31;0,475263546;17,68;104158;3136x2352;0,1129;0,965886989;36,97958151;13,03533539;;;;;
fireworks;32;0,469785494;18,25;106346;3136x2352;0,1153;0,966088387;37,08305674;12,72842556;;;;;
fireworks;33;0,479659976;18,73;107908;3136x2352;0,117;0,967412841;37,17208944;12,47014251;;;;;
fireworks;34;0,469167633;18,57;109398;3136x2352;0,1186;0,967633851;37,22477944;12,31976481;;;;;
fireworks;35;0,46822699;18,48;110090;3136x2352;0,1194;0,96778686;37,27700672;12,17249734;;;;;
fireworks;36;0,471919469;18,43;112426;3136x2352;0,1219;0,967989774;37,39637797;11,84247738;;;;;
fireworks;37;0,469833934;17,6;114454;3136x2352;0,1241;0,967922832;37,48331592;11,60776931;;;;;
fireworks;38;0,484033266;19,18;116462;3136x2352;0,1263;0,968034366;37,58220683;11,34644148;;;;;
fireworks;39;0,479156384;18,37;119396;3136x2352;0,1294;0,968513358;37,68878863;11,07137339;;;;;
fireworks;40;0,480291257;18,46;119802;3136x2352;0,1299;0,969260165;37,75741462;10,89780164;;;;;
fireworks;41;0,476714519;17,8;120648;3136x2352;0,1308;0,969076922;37,78486792;10,82913003;;;;;
fireworks;42;0,477784072;18,51;123372;3136x2352;0,1338;0,970121506;37,86361522;10,63454319;;;;;
fireworks;43;0,473149691;17,73;125598;3136x2352;0,1362;0,970129637;38,00785393;10,28714752;;;;;
fireworks;44;0,482596813;19,45;126736;3136x2352;0,1374;0,970217411;38,05584206;10,17410357;;;;;
fireworks;45;0,476795229;18,75;129274;3136x2352;0,1402;0,970778409;38,1315756;9,998222583;;;;;
fireworks;46;0,481800751;18,11;129794;3136x2352;0,1407;0,970757116;38,17155437;9,906606749;;;;;
fireworks;47;0,488210615;18,72;131788;3136x2352;0,1429;0,971295578;38,24351703;9,743806653;;;;;
fireworks;48;0,483268424;19,1;134478;3136x2352;0,1458;0,97133128;38,339908;9,529926721;;;;;
fireworks;49;0,488235595;19;135964;3136x2352;0,1474;0,971702056;38,37940189;9,443656289;;;;;
fireworks;50;0,489227668;17,99;136990;3136x2352;0,1485;0,971387799;38,40353232;9,391330589;;;;;
fireworks;51;0,483484124;19,28;138792;3136x2352;0,1505;0,971521118;38,50402642;9,176513728;;;;;
fireworks;52;0,491579703;18,74;141314;3136x2352;0,1532;0,971895712;38,54380339;9,092849903;;;;;
fireworks;53;0,483511435;18,98;141314;3136x2352;0,1532;0,971895712;38,54380339;9,092849903;;;;;
fireworks;54;0,497793376;19,22;143458;3136x2352;0,1555;0,972028118;38,6476675;8,877968734;;;;;
fireworks;55;0,495746102;19,2;145830;3136x2352;0,1581;0,972279184;38,73323849;8,704754186;;;;;
fireworks;56;0,500213822;18,84;146692;3136x2352;0,1591;0,972587349;38,7457072;8,679798447;;;;;
fireworks;57;0,497949237;18,33;147770;3136x2352;0,1602;0,972898522;38,798134;8,575648276;;;;;
fireworks;58;0,502455547;19,79;150690;3136x2352;0,1634;0,973232335;38,89826058;8,380198436;;;;;
fireworks;59;0,502005486;19,52;152412;3136x2352;0,1653;0,973285268;38,91511255;8,347743697;;;;;
fireworks;60;0,49504295;19,27;154454;3136x2352;0,1675;0,973343279;38,98898428;8,206952751;;;;;
fireworks;61;0,500868743;19,17;155062;3136x2352;0,1681;0,973338569;39,05387268;8,0852433;;;;;
fireworks;62;0,498869619;19,12;157030;3136x2352;0,1703;0,97341841;39,07264054;8,050378631;;;;;
fireworks;63;0,500794444;19,37;160224;3136x2352;0,1737;0,973578362;39,1582361;7,893266224;;;;;
fireworks;64;0,511442587;19,34;161832;3136x2352;0,1755;0,973836326;39,23255032;7,759349765;;;;;
fireworks;65;0,512338399;19,54;162682;3136x2352;0,1764;0,973847403;39,26273449;7,705608006;;;;;
fireworks;66;0,510535855;19,6;164818;3136x2352;0,1787;0,973887398;39,30720094;7,627114507;;;;;
fireworks;67;0,504638432;19,56;166886;3136x2352;0,181;0,973977494;39,383507;7,494275615;;;;;
fireworks;68;0,513561212;19,64;168862;3136x2352;0,1831;0,974275603;39,44586728;7,387434326;;;;;
fireworks;69;0,506068885;19,38;170386;3136x2352;0,1848;0,974329166;39,47318322;7,341115193;;;;;
fireworks;70;0,511372287;19,57;172664;3136x2352;0,1872;0,9743303;39,50150811;7,293391886;;;;;
fireworks;71;0,508364811;18,25;174688;3136x2352;0,1894;0,974396368;39,58982532;7,146572907;;;;;
fireworks;72;0,516179848;18,88;179090;3136x2352;0,1942;0,974693925;39,71466128;6,944072285;;;;;
fireworks;73;0,51733369;19,9;179090;3136x2352;0,1942;0,974693925;39,71466128;6,944072285;;;;;
fireworks;74;0,512148579;18,82;182260;3136x2352;0,1976;0,974896199;39,78512855;6,832309093;;;;;
fireworks;75;0,511500968;19,64;183708;3136x2352;0,1992;0,975170177;39,7913396;6,822544869;;;;;
fireworks;76;0,520451307;19,59;191550;3136x2352;0,2077;0,975234413;39,96954811;6,548254498;;;;;
fireworks;77;0,518641634;19,6;197958;3136x2352;0,2147;0,97552839;40,17864658;6,24044705;;;;;
fireworks;78;0,529644898;19,73;208622;3136x2352;0,2262;0,976410599;40,38760751;5,947296763;;;;;
fireworks;79;0,522060751;19,74;214838;3136x2352;0,233;0,976567369;40,52183295;5,766297779;;;;;
fireworks;80;0,537669316;19,58;226716;3136x2352;0,2459;0,977076521;40,77103092;5,444741539;;;;;
fireworks;81;0,528283755;19,77;235178;3136x2352;0,255;0,977412178;40,89081617;5,296619121;;;;;
fireworks;82;0,529500547;20,18;246294;3136x2352;0,2671;0,977950522;41,14737033;4,992790321;;;;;
fireworks;83;0,544301841;20,62;257564;3136x2352;0,2793;0,975158956;41,27622452;4,846831353;;;;;
fireworks;84;0,537235255;20,53;266266;3136x2352;0,2887;0,975708683;41,40552994;4,704650515;;;;;
fireworks;85;0,547889439;21,19;287776;3136x2352;0,3121;0,976057446;41,71902582;4,377012417;;;;;
fireworks;86;0,551262606;20,74;296180;3136x2352;0,3212;0,976888676;41,86114653;4,236095158;;;;;
fireworks;87;0,555656576;20,02;321950;3136x2352;0,3491;0,980029859;42,1464686;3,966737854;;;;;
fireworks;88;0,558044782;21,16;348102;3136x2352;0,3775;0,981126633;42,3916743;3,748978335;;;;;
fireworks;89;0,563464334;20,31;366066;3136x2352;0,397;0,981906131;42,5341035;3,628022829;;;;;
fireworks;90;0,561315749;21,2;412852;3136x2352;0,4477;0,983168766;42,90985178;3,327324688;;;;;
fireworks;91;0,574454358;21,03;433772;3136x2352;0,4704;0,983822672;43,09141739;3,19108683;;;;;
fireworks;92;0,57942843;21,62;511418;3136x2352;0,5546;0,984708893;43,47531773;2,921114548;;;;;
fireworks;93;0,592653629;21,59;563914;3136x2352;0,6116;0,986111824;43,75493525;2,738967225;;;;;
fireworks;94;0,611621282;22,15;683688;3136x2352;0,7415;0,987448056;44,09501175;2,53267338;;;;;
fireworks;95;0,603386753;22,34;710948;3136x2352;0,7711;0,987667371;44,25120742;2,443203371;;;;;
fireworks;96;0,632612129;23,15;823470;3136x2352;0,8931;0,988720828;44,51871168;2,297254932;;;;;
fireworks;97;0,647049282;23,72;889814;3136x2352;0,9651;0,989244787;44,66700507;2,220137407;;;;;
fireworks;98;0,681425159;25,2;1046762;3136x2352;1,1353;0,989550536;44,79729514;2,154521572;;;;;
fireworks;99;0,689968028;24,72;1103622;3136x2352;1,197;0,989478439;44,84855349;2,129241939;;;;;
flower_foveon;1;0,215816984;9,1;21118;2268x1512;0,0492;0,953878845;34,03232397;25,69496108;;;;;
flower_foveon;2;0,212603646;8,94;22340;2268x1512;0,0521;0,955945364;34,38716105;23,67904899;;;;;
flower_foveon;3;0,217272347;9,07;23498;2268x1512;0,0548;0,957768521;34,71389189;21,96297521;;;;;
flower_foveon;4;0,214510221;9,01;24320;2268x1512;0,0567;0,958867923;34,88426187;21,11806751;;;;;
flower_foveon;5;0,217953839;9,08;24882;2268x1512;0,058;0,960144356;35,06421491;20,26090638;;;;;
flower_foveon;6;0,218287119;9,11;25606;2268x1512;0,0597;0,960745724;35,20597466;19,61023939;;;;;
flower_foveon;7;0,220790385;9,24;26198;2268x1512;0,0611;0,961536472;35,32823841;19,0658653;;;;;
flower_foveon;8;0,217088097;9,03;26866;2268x1512;0,0626;0,962265794;35,46771557;18,46327781;;;;;
flower_foveon;9;0,216493376;9,14;27478;2268x1512;0,0641;0,962950437;35,60940621;17,87062495;;;;;
flower_foveon;10;0,221983758;9,27;28218;2268x1512;0,0658;0,963808897;35,76532111;17,2404362;;;;;
flower_foveon;11;0,220895616;9,3;28628;2268x1512;0,0667;0,964222442;35,86687045;16,84198653;;;;;
flower_foveon;12;0,221394357;9,29;29292;2268x1512;0,0683;0,964538276;35,96405462;16,46929084;;;;;
flower_foveon;13;0,231339589;9,54;29826;2268x1512;0,0695;0,964989536;36,05876606;16,11401469;;;;;
flower_foveon;14;0,222626239;9,57;30252;2268x1512;0,0705;0,965282818;36,17967872;15,67156934;;;;;
flower_foveon;15;0,220357364;9,17;30694;2268x1512;0,0716;0,965821957;36,29238156;15,2701114;;;;;
flower_foveon;16;0,220597245;9,26;31226;2268x1512;0,0728;0,966231637;36,37677844;14,97623052;;;;;
flower_foveon;17;0,225798497;9,54;31858;2268x1512;0,0743;0,966690367;36,47418301;14,6440789;;;;;
flower_foveon;18;0,223341841;9,23;32506;2268x1512;0,0758;0,967270236;36,55609494;14,37046651;;;;;
flower_foveon;19;0,22265853;9,24;32912;2268x1512;0,0767;0,96756512;36,61003633;14,19308252;;;;;
flower_foveon;20;0,226476068;9,47;33650;2268x1512;0,0785;0,967985731;36,76975479;13,68059172;;;;;
flower_foveon;21;0,223299701;9,31;34146;2268x1512;0,0796;0,968247021;36,82337398;13,51272575;;;;;
flower_foveon;22;0,224202473;9,31;34546;2268x1512;0,0805;0,968692315;36,9183532;13,22041355;;;;;
flower_foveon;23;0,227654971;9,49;35188;2268x1512;0,082;0,969119996;37,02877868;12,88850348;;;;;
flower_foveon;24;0,225716136;9,41;35856;2268x1512;0,0836;0,96949277;37,06799409;12,77264823;;;;;
flower_foveon;25;0,222172768;9,32;36560;2268x1512;0,0852;0,969972027;37,15346186;12,52374381;;;;;
flower_foveon;26;0,231892491;9,7;37040;2268x1512;0,0864;0,970198212;37,20140056;12,38626322;;;;;
flower_foveon;27;0,224890944;9,38;37668;2268x1512;0,0878;0,970646279;37,28735443;12,14352911;;;;;
flower_foveon;28;0,227907421;9,49;37954;2268x1512;0,0885;0,970741835;37,36033885;11,94115885;;;;;
flower_foveon;29;0,228784353;9,57;38520;2268x1512;0,0898;0,971008862;37,40392243;11,82192276;;;;;
flower_foveon;30;0,228518353;9,57;39064;2268x1512;0,0911;0,971393128;37,52188752;11,50513208;;;;;
flower_foveon;31;0,229461455;9,53;39774;2268x1512;0,0927;0,971692487;37,59727021;11,30715485;;;;;
flower_foveon;32;0,227816231;9,69;40486;2268x1512;0,0944;0,971970085;37,68778087;11,07394275;;;;;
flower_foveon;33;0,231208678;9,53;40836;2268x1512;0,0952;0,972124691;37,72185754;10,98739168;;;;;
flower_foveon;34;0,228810303;9,4;41382;2268x1512;0,0965;0,972324497;37,78371675;10,83200086;;;;;
flower_foveon;35;0,229217514;9,55;41986;2268x1512;0,0979;0,972632756;37,87015155;10,61854974;;;;;
flower_foveon;36;0,232519832;10,16;42906;2268x1512;0,1;0,972995742;37,98921877;10,33138352;;;;;
flower_foveon;37;0,23154572;9,55;43200;2268x1512;0,1007;0,973152281;38,03558137;10,22167866;;;;;
flower_foveon;38;0,22715997;9,5;44096;2268x1512;0,1028;0,973435157;38,13213186;9,996942061;;;;;
flower_foveon;39;0,229068744;9,51;44580;2268x1512;0,104;0,973697836;38,1854229;9,875021968;;;;;
flower_foveon;40;0,232709232;9,59;44938;2268x1512;0,1048;0,97384631;38,22677858;9,781433424;;;;;
flower_foveon;41;0,233058692;9,59;45240;2268x1512;0,1055;0,974007267;38,26057891;9,705601805;;;;;
flower_foveon;42;0,229821996;9,62;46604;2268x1512;0,1087;0,974293235;38,38139864;9,439315381;;;;;
flower_foveon;43;0,230171306;9,6;46738;2268x1512;0,109;0,974423276;38,43564844;9,322137771;;;;;
flower_foveon;44;0,234121585;9,66;47626;2268x1512;0,1111;0,974578847;38,50130958;9,182256139;;;;;
flower_foveon;45;0,230515057;9,64;47946;2268x1512;0,1118;0,974682274;38,51585026;9,151564284;;;;;
flower_foveon;46;0,229684785;9,69;48650;2268x1512;0,1134;0,974858347;38,58188145;9,01347412;;;;;
flower_foveon;47;0,230770898;9,7;49486;2268x1512;0,1154;0,975126743;38,67570589;8,820836502;;;;;
flower_foveon;48;0,232742862;9,67;49914;2268x1512;0,1164;0,975239295;38,70004421;8,771541853;;;;;
flower_foveon;49;0,24523366;10,08;50698;2268x1512;0,1182;0,975446332;38,7906158;8,590506693;;;;;
flower_foveon;50;0,236575451;9,71;50698;2268x1512;0,1182;0,975446332;38,7906158;8,590506693;;;;;
flower_foveon;51;0,236764902;9,76;52046;2268x1512;0,1214;0,975782964;38,90274327;8,371553051;;;;;
flower_foveon;52;0,236617451;9,86;52774;2268x1512;0,1231;0,975944618;38,94843349;8,283941286;;;;;
flower_foveon;53;0,233883535;9,69;52774;2268x1512;0,1231;0,975944618;38,94843349;8,283941286;;;;;
flower_foveon;54;0,234282546;9,62;54002;2268x1512;0,1259;0,97622664;39,03730537;8,116145498;;;;;
flower_foveon;55;0,235765149;9,73;54398;2268x1512;0,1269;0,976395206;39,09224834;8,014114208;;;;;
flower_foveon;56;0,248952019;10,09;55152;2268x1512;0,1286;0,976483384;39,15426564;7,900485806;;;;;
flower_foveon;57;0,240351079;9,93;55766;2268x1512;0,13;0,97662625;39,24460617;7,737839981;;;;;
flower_foveon;58;0,237606153;9,82;56728;2268x1512;0,1323;0,976805219;39,26149744;7,707803183;;;;;
flower_foveon;59;0,237917464;9,77;56770;2268x1512;0,1324;0,976840019;39,2646156;7,702271112;;;;;
flower_foveon;60;0,241240341;9,81;58410;2268x1512;0,1362;0,977103058;39,37990578;7,500492532;;;;;
flower_foveon;61;0,242072563;10,05;58508;2268x1512;0,1364;0,977120382;39,38819976;7,48618207;;;;;
flower_foveon;62;0,238970096;9,99;59578;2268x1512;0,1389;0,977306785;39,43812476;7,400616254;;;;;
flower_foveon;63;0,239055267;9,94;59900;2268x1512;0,1397;0,977372434;39,46980623;7,346825727;;;;;
flower_foveon;64;0,250936423;10,27;60866;2268x1512;0,1419;0,977571267;39,53326463;7,240255596;;;;;
flower_foveon;65;0,2410907;9,94;60866;2268x1512;0,1419;0,977571267;39,53326463;7,240255596;;;;;
flower_foveon;66;0,239451887;9,92;62828;2268x1512;0,1465;0,978065747;39,7152942;6,943060357;;;;;
flower_foveon;67;0,240252459;9,89;63154;2268x1512;0,1473;0,978090984;39,71575;6,942331717;;;;;
flower_foveon;68;0,245573691;10,06;64078;2268x1512;0,1494;0,978343086;39,77940543;6,841318638;;;;;
flower_foveon;69;0,244929499;10,6;65100;2268x1512;0,1518;0,978481667;39,88576984;6,675800922;;;;;
flower_foveon;70;0,243618086;10,09;65100;2268x1512;0,1518;0,978481667;39,88576984;6,675800922;;;;;
flower_foveon;71;0,242374614;10,12;66074;2268x1512;0,1541;0,97855808;39,87654048;6,690003002;;;;;
flower_foveon;72;0,245610771;10,01;66278;2268x1512;0,1546;0,978596945;39,91168781;6,6360795;;;;;
flower_foveon;73;0,248206907;10,19;68554;2268x1512;0,1599;0,979003283;40,0511019;6,426435761;;;;;
flower_foveon;74;0,243810157;10,09;69146;2268x1512;0,1613;0,979064414;40,09459535;6,362397897;;;;;
flower_foveon;75;0,252742757;10,23;70366;2268x1512;0,1641;0,979302401;40,13422593;6,304603346;;;;;
flower_foveon;76;0,248667578;10,17;73568;2268x1512;0,1716;0,979529872;40,30377132;6,063218629;;;;;
flower_foveon;77;0,246908764;10,12;75552;2268x1512;0,1762;0,979821765;40,43052485;5,888814528;;;;;
flower_foveon;78;0,252359806;10,3;79850;2268x1512;0,1862;0,980186365;40,62788901;5,62718845;;;;;
flower_foveon;79;0,248353708;10,36;81720;2268x1512;0,1906;0,980481423;40,70367638;5,529842001;;;;;
flower_foveon;80;0,251496574;10,32;86910;2268x1512;0,2027;0,981117953;40,96667388;5,204906991;;;;;
flower_foveon;81;0,254929302;10,37;91332;2268x1512;0,213;0,981523157;41,14442438;4,996178232;;;;;
flower_foveon;82;0,260076704;10,51;95516;2268x1512;0,2228;0,981774123;41,34295506;4,77292769;;;;;
flower_foveon;83;0,25870096;10,6;100828;2268x1512;0,2352;0,982237936;41,52415284;4,577887093;;;;;
flower_foveon;84;0,258868741;10,56;105562;2268x1512;0,2462;0,982534821;41,69807858;4,398174976;;;;;
flower_foveon;85;0,264165753;11,1;110964;2268x1512;0,2588;0,982900464;41,79545479;4,30065774;;;;;
flower_foveon;86;0,274036965;11,03;117166;2268x1512;0,2733;0,983123183;42,03506887;4,069803807;;;;;
flower_foveon;87;0,270001256;11,01;127220;2268x1512;0,2967;0,983697004;42,29762947;3,831046416;;;;;
flower_foveon;88;0,276803901;11,19;136914;2268x1512;0,3194;0,984204932;42,51788978;3,641592811;;;;;
flower_foveon;89;0,277858753;11,12;145266;2268x1512;0,3388;0,984584112;42,77774126;3,430095684;;;;;
flower_foveon;90;0,281706692;11,3;160134;2268x1512;0,3735;0,985157708;43,03951493;3,229452252;;;;;
flower_foveon;91;0,286420323;11,91;175844;2268x1512;0,4102;0,98559143;43,30986957;3,034543756;;;;;
flower_foveon;92;0,286667823;11,49;194394;2268x1512;0,4535;0,986262778;43,67327778;2,790953384;;;;;
flower_foveon;93;0,295038311;11,65;227542;2268x1512;0,5308;0,987094579;44,08357048;2,539354379;;;;;
flower_foveon;94;0,29402283;11,85;234130;2268x1512;0,5462;0,987168016;44,20394151;2,469938901;;;;;
flower_foveon;95;0,306413697;12,16;265942;2268x1512;0,6204;0,987642571;44,40470736;2,35835742;;;;;
flower_foveon;96;0,32540343;12,63;344100;2268x1512;0,8027;0,988219789;44,81490944;2,145800867;;;;;
flower_foveon;97;0,331497893;11,8;377606;2268x1512;0,8809;0,988559463;44,96561695;2,07261514;;;;;
flower_foveon;98;0,358405204;14,72;494994;2268x1512;1,1547;0,989090825;45,16429734;1,979933606;;;;;
flower_foveon;99;0,364065196;13,8;520074;2268x1512;1,2132;0,989957474;45,25554948;1,938766081;;;;;
hdr;22;0,427456249;16,33;68280;3072x2048;0,0868;0,95045551;36,80329589;13,57534175;;;;;
hdr;23;0,425107173;16,37;69416;3072x2048;0,0882;0,951152317;36,87311601;13,35884036;;;;;
hdr;24;0,426026305;16,23;71198;3072x2048;0,0905;0,951888064;36,92904038;13,18792057;;;;;
hdr;25;0,42768036;16,64;72290;3072x2048;0,0919;0,952392299;36,99812993;12,9797811;;;;;
hdr;26;0,433088242;16,65;73324;3072x2048;0,0932;0,953002942;37,06221821;12,78964647;;;;;
hdr;27;0,435369577;16,53;74510;3072x2048;0,0947;0,953490909;37,14030144;12,56175205;;;;;
hdr;28;0,430350465;16,65;75688;3072x2048;0,0962;0,954143791;37,23564609;12,28897757;;;;;
hdr;29;0,428067;17,44;76918;3072x2048;0,0978;0,954657344;37,32268885;12,04512956;;;;;
hdr;30;0,428721742;17,06;77606;3072x2048;0,0986;0,954968964;37,37926878;11,88922326;;;;;
hdr;31;0,43233002;17,78;78918;3072x2048;0,1003;0,955507371;37,45440322;11,68530464;;;;;
hdr;32;0,433812683;16,67;80014;3072x2048;0,1017;0,955878534;37,51253905;11,52992429;;;;;
hdr;33;0,437646312;17,58;81954;3072x2048;0,1042;0,956539595;37,60834088;11,27836831;;;;;
hdr;34;0,435925938;17,34;82870;3072x2048;0,1053;0,956958052;37,66371217;11,13548517;;;;;
hdr;35;0,434593815;16,62;84042;3072x2048;0,1068;0,957470915;37,72095659;10,98967128;;;;;
hdr;36;0,44118111;17,63;85688;3072x2048;0,1089;0,95794887;37,7898269;10,81677188;;;;;
hdr;37;0,442661143;16,7;86020;3072x2048;0,1093;0,958137509;37,83751235;10,69865359;;;;;
hdr;38;0,437752082;16,28;87764;3072x2048;0,1115;0,958663354;37,91408183;10,51168113;;;;;
hdr;39;0,440712789;17,62;89176;3072x2048;0,1133;0,95922479;37,98932587;10,33112876;;;;;
hdr;40;0,446325661;17,12;89954;3072x2048;0,1143;0,959389108;38,02591014;10,24446652;;;;;
hdr;41;0,433379532;16,58;91560;3072x2048;0,1164;0,959756329;38,08671807;10,10202768;;;;;
hdr;42;0,439003375;17,61;92664;3072x2048;0,1178;0,960099605;38,13574684;9,988624255;;;;;
hdr;43;0,442881844;17,28;93782;3072x2048;0,1192;0,960245519;38,21192507;9,814944638;;;;;
hdr;44;0,444547167;16,92;95856;3072x2048;0,1218;0,960952896;38,29462864;9,629805088;;;;;
hdr;45;0,448774077;17,64;97774;3072x2048;0,1243;0,961307438;38,36025481;9,485383193;;;;;
hdr;46;0,45031512;16,47;98006;3072x2048;0,1246;0,961370636;38,37334109;9,456844595;;;;;
hdr;47;0,441526551;16,76;99838;3072x2048;0,1269;0,961910848;38,45506162;9,280560335;;;;;
hdr;48;0,444788808;16,86;100330;3072x2048;0,1275;0,962017148;38,49163787;9,202727742;;;;;
hdr;49;0,453403167;17,65;102616;3072x2048;0,1304;0,962706209;38,56215217;9,054513984;;;;;
hdr;50;0,450620311;17,36;103226;3072x2048;0,1312;0,962923544;38,60178649;8,972257137;;;;;
hdr;51;0,454919131;17,95;104480;3072x2048;0,1328;0,962982644;38,63876851;8,896178934;;;;;
hdr;52;0,454395169;16,91;106754;3072x2048;0,1357;0,963589403;38,69019548;8,791456117;;;;;
hdr;53;0,452477925;17,69;107300;3072x2048;0,1364;0,963758601;38,72931364;8,712624497;;;;;
hdr;54;0,450040169;17,74;109116;3072x2048;0,1387;0,963994532;38,81962631;8,533314069;;;;;
hdr;55;0,449892919;17,81;110540;3072x2048;0,1405;0,964281432;38,88406156;8,407641888;;;;;
hdr;56;0,459994312;18,13;112076;3072x2048;0,1425;0,964601053;38,90310016;8,370865133;;;;;
hdr;57;0,457425036;18,2;112526;3072x2048;0,143;0,964756856;38,92602171;8,326801088;;;;;
hdr;58;0,455932113;17,86;116176;3072x2048;0,1477;0,965341381;39,02310009;8,142735958;;;;;
hdr;59;0,45456256;17,87;116176;3072x2048;0,1477;0,965341381;39,02310009;8,142735958;;;;;
hdr;60;0,45912001;17,95;118874;3072x2048;0,1511;0,965840779;39,12574769;7,952535046;;;;;
hdr;61;0,455698212;16,96;119220;3072x2048;0,1515;0,965878327;39,15468632;7,899720563;;;;;
hdr;62;0,464256581;17,94;121390;3072x2048;0,1543;0,966446111;39,20722254;7,804734018;;;;;
hdr;63;0,465692925;17,4;123016;3072x2048;0,1564;0,966848589;39,26322051;7,704745717;;;;;
hdr;64;0,466577327;18,13;124970;3072x2048;0,1589;0,967167928;39,32999019;7,587196668;;;;;
hdr;65;0,466453697;17,25;125754;3072x2048;0,1599;0,96724936;39,36588094;7,524753306;;;;;
hdr;66;0,467254018;18,37;126260;3072x2048;0,1605;0,967237621;39,34893694;7,554168489;;;;;
hdr;67;0,465242613;17,28;129320;3072x2048;0,1644;0,967864067;39,42404246;7,424652206;;;;;
hdr;68;0,465325094;17,21;129320;3072x2048;0,1644;0,967864067;39,42404246;7,424652206;;;;;
hdr;69;0,470572895;18,13;132120;3072x2048;0,1679;0,968221236;39,52996907;7,245751805;;;;;
hdr;70;0,468521311;17,47;132120;3072x2048;0,1679;0,968221236;39,52996907;7,245751805;;;;;
hdr;71;0,473384991;18,09;137222;3072x2048;0,1744;0,969053608;39,63131134;7,078630235;;;;;
hdr;72;0,477208861;17,73;137932;3072x2048;0,1753;0,969078512;39,66141938;7,029726399;;;;;
hdr;73;0,475557897;17,45;142256;3072x2048;0,1808;0,969728099;39,73884982;6,905503962;;;;;
hdr;74;0,477432911;17,77;143156;3072x2048;0,182;0,970068508;39,80943108;6,794183201;;;;;
hdr;75;0,476066038;17,6;143566;3072x2048;0,1825;0,970088876;39,81550477;6,784688049;;;;;
hdr;76;0,47672567;18,76;151124;3072x2048;0,1921;0,970801908;39,93165279;6,605642743;;;;;
hdr;77;0,480712568;18,41;158714;3072x2048;0,2018;0,971669719;40,14927401;6,282796012;;;;;
hdr;78;0,486473632;18,73;164176;3072x2048;0,2087;0,972257085;40,27273444;6,106704659;;;;;
hdr;79;0,487136723;19,93;171668;3072x2048;0,2182;0,973026078;40,42946692;5,890249199;;;;;
hdr;80;0,492786945;19,03;179906;3072x2048;0,2287;0,973846395;40,58081888;5,688509305;;;;;
hdr;81;0,495602961;19,28;190872;3072x2048;0,2427;0,974752297;40,75903506;5,459801515;;;;;
hdr;82;0,498080618;19,22;198684;3072x2048;0,2526;0,975257046;40,88272755;5,306493123;;;;;
hdr;83;0,50376668;19,38;209118;3072x2048;0,2659;0,976101422;40,98303848;5,185331345;;;;;
hdr;84;0,503374359;19,23;218294;3072x2048;0,2775;0,976599731;41,13550265;5,006452454;;;;;
hdr;85;0,507812319;19,09;236026;3072x2048;0,3001;0,97767251;41,36473805;4,749047968;;;;;
hdr;86;0,506113976;19,39;247800;3072x2048;0,315;0,978112677;41,51316741;4,58948146;;;;;
hdr;87;0,521785201;19,37;269528;3072x2048;0,3427;0,979300117;41,81440263;4,281935268;;;;;
hdr;88;0,528257705;19,69;292764;3072x2048;0,3722;0,980897652;42,04590306;4,059663667;;;;;
hdr;89;0,53015679;20,24;319290;3072x2048;0,4059;0,981155844;42,25086879;3,872518328;;;;;
hdr;90;0,545498474;20,42;356484;3072x2048;0,4532;0,982985604;42,57557765;3,593540933;;;;;
hdr;91;0,542198266;20,5;379454;3072x2048;0,4825;0,983278105;42,68510468;3,504046758;;;;;
hdr;92;0,559094954;20,68;435416;3072x2048;0,5536;0,98460166;43,07310013;3,20457432;;;;;
hdr;93;0,565427388;20,2;486514;3072x2048;0,6186;0,985562093;43,29828074;3,042652024;;;;;
hdr;94;0,582277006;21,58;580290;3072x2048;0,7378;0,986395853;43,59833147;2,839534918;;;;;
hdr;95;0,587771608;21,49;605502;3072x2048;0,7699;0,98668801;43,7267741;2,75678534;;;;;
hdr;96;0,602520921;22,38;707018;3072x2048;0,899;0,987688585;44,00338956;2,586672253;;;;;
hdr;97;0,612278663;22,38;775700;3072x2048;0,9863;0,98816059;44,17146227;2,488479879;;;;;
hdr;98;0,658389387;23,91;946458;3072x2048;1,2034;0,988571676;44,23797042;2,450661447;;;;;
hdr;99;0,6644326;23,07;1022464;3072x2048;1,3001;0,98904508;44,29947633;2,416199154;;;;;
leaves_iso_1600;46;0,612855055;22,16;570188;3008x2000;0,7582;0,950686403;31,95351811;41,46947623;;;;;
leaves_iso_1600;47;0,625786234;23,22;580652;3008x2000;0,7721;0,951300423;32,0370873;40,67912766;;;;;
leaves_iso_1600;48;0,626095575;23,27;587456;3008x2000;0,7811;0,951515675;32,06461548;40,42209453;;;;;
leaves_iso_1600;49;0,623353559;23,46;604858;3008x2000;0,8043;0,952709208;32,19315923;39,24320218;;;;;
leaves_iso_1600;50;0,620604352;23,46;604858;3008x2000;0,8043;0,953872748;32,23719325;38,84731754;;;;;
leaves_iso_1600;51;0,624273;23,3;618436;3008x2000;0,8223;0,954326411;32,30143081;38,27694603;;;;;
leaves_iso_1600;52;0,627061986;23,22;635248;3008x2000;0,8447;0,95452427;32,36196303;37,74714051;;;;;
leaves_iso_1600;53;0,62830993;24;640702;3008x2000;0,8519;0,954736466;32,3843023;37,55347507;;;;;
leaves_iso_1600;54;0,629432112;23,65;646816;3008x2000;0,8601;0,956405676;32,5186877;36,40923809;;;;;
leaves_iso_1600;55;0,635064824;23,84;648292;3008x2000;0,862;0,957597873;32,60158584;35,72084935;;;;;
leaves_iso_1600;56;0,635771837;23,85;668630;3008x2000;0,8891;0,95778093;32,61942736;35,57440331;;;;;
leaves_iso_1600;57;0,633078421;23,92;670534;3008x2000;0,8916;0,959314057;32,76290578;34,41832907;;;;;
leaves_iso_1600;58;0,64631016;23,71;675104;3008x2000;0,8977;0,959276967;32,77899548;34,2910523;;;;;
leaves_iso_1600;59;0,636817989;23,65;689630;3008x2000;0,917;0,959768699;32,81016926;34,0457915;;;;;
leaves_iso_1600;60;0,650083878;23,62;703118;3008x2000;0,9349;0,959971938;32,83943416;33,81714539;;;;;
leaves_iso_1600;61;0,653175865;23,53;714360;3008x2000;0,9499;0,960906228;32,96622483;32,84413874;;;;;
leaves_iso_1600;62;0,656479613;25,02;729960;3008x2000;0,9706;0,961600716;33,01146672;32,50376646;;;;;
leaves_iso_1600;63;0,643994515;23,89;731820;3008x2000;0,9731;0,962430186;33,07054507;32,06460201;;;;;
leaves_iso_1600;64;0,65071874;24,18;750636;3008x2000;0,9981;0,962640041;33,12308619;31,67902028;;;;;
leaves_iso_1600;65;0,64630602;23,99;750636;3008x2000;0,9981;0,9627718;33,17079123;31,33294659;;;;;
leaves_iso_1600;66;0,653685906;24,47;767218;3008x2000;1,0202;0,963186519;33,2306666;30,90392924;;;;;
leaves_iso_1600;67;0,662604456;23,27;773152;3008x2000;1,0281;0,964051913;33,30581948;30,37374989;;;;;
leaves_iso_1600;68;0,654722659;23,79;790202;3008x2000;1,0508;0,963813829;33,26147161;30,68549967;;;;;
leaves_iso_1600;69;0,658239967;24,83;792340;3008x2000;1,0536;0,965163192;33,48056235;29,17589085;;;;;
leaves_iso_1600;70;0,655763291;24,05;812188;3008x2000;1,08;0,965163192;33,48056235;29,17589085;;;;;
leaves_iso_1600;71;0,665486083;24,69;824502;3008x2000;1,0964;0,966116134;33,55404089;28,68641467;;;;;
leaves_iso_1600;72;0,665845043;23,95;831856;3008x2000;1,1061;0,966134664;33,56688238;28,60171814;;;;;
leaves_iso_1600;73;0,669225491;24,35;856880;3008x2000;1,1394;0,966449108;33,63704843;28,14333228;;;;;
leaves_iso_1600;74;0,679185533;24,29;880044;3008x2000;1,1702;0,967072641;33,7121897;27,66058688;;;;;
leaves_iso_1600;75;0,679159144;23,58;883486;3008x2000;1,1748;0,967325938;33,75161571;27,41061564;;;;;
leaves_iso_1600;76;0,674697924;24,58;913342;3008x2000;1,2145;0,969368755;33,98814164;25,9576993;;;;;
leaves_iso_1600;77;0,68638391;24,67;980256;3008x2000;1,3035;0,970522015;34,19306937;24,76129898;;;;;
leaves_iso_1600;78;0,686044339;24,54;1011304;3008x2000;1,3448;0,971750913;34,35127485;23,875522;;;;;
leaves_iso_1600;79;0,709794782;25,31;1077202;3008x2000;1,4324;0,972892953;34,56238767;22,74267753;;;;;
leaves_iso_1600;80;0,715107955;25,26;1115066;3008x2000;1,4828;0,974336783;34,82256628;21,42021044;;;;;
leaves_iso_1600;81;0,714189103;25,5;1141654;3008x2000;1,5181;0,975494167;34,90711304;21,00724291;;;;;
leaves_iso_1600;82;0,715903466;25,97;1229354;3008x2000;1,6347;0,975475222;35,22778426;19,51200665;;;;;
leaves_iso_1600;83;0,738238796;26,66;1324618;3008x2000;1,7614;0,976570355;35,3257598;19,07674967;;;;;
leaves_iso_1600;84;0,733940997;26,05;1371740;3008x2000;1,8241;0,978575751;35,65134759;17,69887256;;;;;
leaves_iso_1600;85;0,744098419;26,5;1445574;3008x2000;1,9223;0,979620094;35,91540622;16,65481217;;;;;
leaves_iso_1600;86;0,763075262;26,94;1538946;3008x2000;2,0464;0,980625185;36,03370117;16,20728408;;;;;
leaves_iso_1600;87;0,769023745;27,28;1621850;3008x2000;2,1567;0,98188279;36,44236556;14,75175887;;;;;
leaves_iso_1600;88;0,787305216;27,7;1728690;3008x2000;2,2987;0,983258683;36,62103387;14,15718717;;;;;
leaves_iso_1600;89;0,795965426;27,9;1817712;3008x2000;2,4171;0,984620584;36,95480624;13,10991079;;;;;
leaves_iso_1600;90;0,830729493;29,31;2024204;3008x2000;2,6917;0,985538756;37,10666756;12,65941406;;;;;
leaves_iso_1600;91;0,824377459;29,08;2089148;3008x2000;2,7781;0,987111364;37,50825894;11,541293;;;;;
leaves_iso_1600;92;0,852708563;30,88;2260636;3008x2000;3,0061;0,988157432;37,75312343;10,90857491;;;;;
leaves_iso_1600;93;0,876797207;30;2365402;3008x2000;3,1454;0,988905287;37,99480364;10,31810627;;;;;
leaves_iso_1600;94;0,885450386;31,1;2530464;3008x2000;3,3649;0,990268925;38,4422258;9,308030142;;;;;
leaves_iso_1600;95;0,907746266;31,24;2694410;3008x2000;3,5829;0,991203889;38,69657161;8,778558344;;;;;
leaves_iso_1600;96;0,91822548;31,74;2881032;3008x2000;3,8311;0,991847903;38,95413262;8,273077626;;;;;
leaves_iso_1600;97;0,940426799;32,93;3112990;3008x2000;4,1396;0,992736651;39,22493702;7,77296404;;;;;
leaves_iso_1600;98;0,965988257;33,22;3330722;3008x2000;4,4291;0,993316737;39,38909183;7,484644504;;;;;
leaves_iso_1600;99;1,008918433;33,98;3585988;3008x2000;4,7686;0,993996795;39,58297273;7,157858156;;;;;
leaves_iso_200;77;0,652102393;23,7;780882;3008x2000;1,0384;0,950950081;32,20838321;39,10587788;;;;;
leaves_iso_200;78;0,647588643;24,72;810732;3008x2000;1,0781;0,952525904;32,39751925;37,4393617;;;;;
leaves_iso_200;79;0,663595948;24,03;841114;3008x2000;1,1185;0,955444475;32,57758479;35,91880519;;;;;
leaves_iso_200;80;0,664877291;23,94;884652;3008x2000;1,1763;0,957059188;32,80429012;34,09191124;;;;;
leaves_iso_200;81;0,670625014;24,09;916182;3008x2000;1,2183;0,958546198;32,88816385;33,43982342;;;;;
leaves_iso_200;82;0,669788342;24,4;953092;3008x2000;1,2674;0,961727673;33,17677758;31,28978674;;;;;
leaves_iso_200;83;0,689390747;24,9;981498;3008x2000;1,3051;0,965235614;33,50339929;29,02287506;;;;;
leaves_iso_200;84;0,688079154;24,67;1041378;3008x2000;1,3848;0,967250307;33,68137268;27,85756117;;;;;
leaves_iso_200;85;0,697779195;24,82;1084940;3008x2000;1,4427;0,969251419;33,88018249;26,61105618;;;;;
leaves_iso_200;86;0,690181348;25,48;1120894;3008x2000;1,4905;0,971521248;34,20563835;24,68974053;;;;;
leaves_iso_200;87;0,706898146;25,45;1190644;3008x2000;1,5833;0,973726055;34,42130965;23,49359059;;;;;
leaves_iso_200;88;0,718702612;25,99;1256696;3008x2000;1,6711;0,975635857;34,67784272;22,14604045;;;;;
leaves_iso_200;89;0,729926507;26;1342794;3008x2000;1,7856;0,977629436;34,90272615;21,0284734;;;;;
leaves_iso_200;90;0,740865402;26,3;1394520;3008x2000;1,8544;0,980671653;35,37475933;18,86272479;;;;;
leaves_iso_200;91;0,745021541;26,55;1528956;3008x2000;2,0331;0,981894232;35,42026244;18,66612273;;;;;
leaves_iso_200;92;0,758758652;27,06;1622006;3008x2000;2,1569;0,98360686;35,806664;17,07709369;;;;;
leaves_iso_200;93;0,782377935;27,56;1720020;3008x2000;2,2872;0,984499912;35,91910597;16,64062999;;;;;
leaves_iso_200;94;0,791957236;28,05;1904358;3008x2000;2,5323;0,986122034;36,26006458;15,38416406;;;;;
leaves_iso_200;95;0,808688634;28,09;2034574;3008x2000;2,7055;0,98749883;36,4290739;14,79697606;;;;;
leaves_iso_200;96;0,842053089;29,32;2210144;3008x2000;2,939;0,988394546;36,6557241;14,04455397;;;;;
leaves_iso_200;97;0,850217247;29,46;2422372;3008x2000;3,2212;0,989567632;36,85721168;13,40785156;;;;;
leaves_iso_200;98;0,886101338;30,74;2655260;3008x2000;3,5309;0,990295545;36,98259046;13,02630718;;;;;
leaves_iso_200;99;0,909767161;31,74;2857324;3008x2000;3,7996;0,991084761;37,08380616;12,72622933;;;;;
nightshot_iso_100;5;0,516068338;19,3;71874;3136x2352;0,0779;0,950257452;33,48506592;29,14565161;;;;;
nightshot_iso_100;6;0,51730666;19,9;73784;3136x2352;0,08;0,951511887;33,61564848;28,28235134;;;;;
nightshot_iso_100;7;0,516466588;18,77;75916;3136x2352;0,0823;0,952815461;33,77651939;27,25388519;;;;;
nightshot_iso_100;8;0,52621494;18,97;77868;3136x2352;0,0844;0,953896528;33,92877321;26,31497975;;;;;
nightshot_iso_100;9;0,525456608;20,05;80106;3136x2352;0,0868;0,954958737;34,06408295;25,50774494;;;;;
nightshot_iso_100;10;0,527830814;19,17;82610;3136x2352;0,0896;0,956073169;34,24138484;24,48735499;;;;;
nightshot_iso_100;11;0,528523416;19,48;84738;3136x2352;0,0919;0,95698164;34,35887561;23,83377306;;;;;
nightshot_iso_100;12;0,533720567;20,24;85590;3136x2352;0,0928;0,957681211;34,44814503;23,34886949;;;;;
nightshot_iso_100;13;0,526438371;20,02;87856;3136x2352;0,0952;0,958611521;34,59059257;22,59545565;;;;;
nightshot_iso_100;14;0,537508165;20,45;89684;3136x2352;0,0972;0,959365251;34,67509054;22,16007911;;;;;
nightshot_iso_100;15;0,539853381;19,92;91948;3136x2352;0,0997;0,959887053;34,79413627;21,56089246;;;;;
nightshot_iso_100;16;0,53949518;19,81;93364;3136x2352;0,1012;0,960428963;34,87674834;21,15463455;;;;;
nightshot_iso_100;17;0,536099132;19,54;95656;3136x2352;0,1037;0,961158883;34,9416671;20,84076473;;;;;
nightshot_iso_100;18;0,535452031;20,94;97516;3136x2352;0,1057;0,961741259;35,03234894;20,41011571;;;;;
nightshot_iso_100;19;0,537107105;20,43;99690;3136x2352;0,1081;0,962463635;35,10964334;20,05007616;;;;;
nightshot_iso_100;20;0,540586473;20,37;101590;3136x2352;0,1101;0,963053763;35,23365141;19,48566447;;;;;
nightshot_iso_100;21;0,539431981;20,03;103742;3136x2352;0,1125;0,963431153;35,32742458;19,06943839;;;;;
nightshot_iso_100;22;0,547302138;20,63;105248;3136x2352;0,1141;0,963912367;35,40087157;18,74965166;;;;;
nightshot_iso_100;23;0,544651642;20,46;107354;3136x2352;0,1164;0,964324283;35,46692074;18,46665719;;;;;
nightshot_iso_100;24;0,542426897;20,94;108976;3136x2352;0,1181;0,964724618;35,52967547;18,2017361;;;;;
nightshot_iso_100;25;0,548905041;20,04;110860;3136x2352;0,1202;0,965354981;35,62471278;17,80775136;;;;;
nightshot_iso_100;26;0,551167196;20,65;112608;3136x2352;0,1221;0,965658761;35,69976662;17,50264561;;;;;
nightshot_iso_100;27;0,546408506;20,71;114104;3136x2352;0,1237;0,965933127;35,77989105;17,18269401;;;;;
nightshot_iso_100;28;0,545800385;20,25;115768;3136x2352;0,1255;0,96651683;35,88015747;16,79053808;;;;;
nightshot_iso_100;29;0,552516379;20,81;117490;3136x2352;0,1274;0,966796403;35,9642552;16,46853023;;;;;
nightshot_iso_100;30;0,555323496;19,97;120080;3136x2352;0,1302;0,967190592;36,05457974;16,12955503;;;;;
nightshot_iso_100;31;0,547614638;19,89;122478;3136x2352;0,1328;0,967700435;36,1816435;15,66448103;;;;;
nightshot_iso_100;32;0,556692819;20,99;124040;3136x2352;0,1345;0,967916022;36,25836529;15,39018469;;;;;
nightshot_iso_100;33;0,559040234;21,43;126322;3136x2352;0,137;0,968233704;36,32314601;15,16232354;;;;;
nightshot_iso_100;34;0,551685977;20,74;128446;3136x2352;0,1393;0,968682542;36,42177287;14,82187254;;;;;
nightshot_iso_100;35;0,560265957;20,93;129966;3136x2352;0,1409;0,968982374;36,44975476;14,72668118;;;;;
nightshot_iso_100;36;0,55704471;20,95;131850;3136x2352;0,143;0,969152475;36,55177135;14,38478004;;;;;
nightshot_iso_100;37;0,553346671;20,44;134462;3136x2352;0,1458;0,969701559;36,6376089;14,10325866;;;;;
nightshot_iso_100;38;0,556795899;21,11;136680;3136x2352;0,1482;0,969909255;36,72919832;13,80894593;;;;;
nightshot_iso_100;39;0,562637503;21,31;138072;3136x2352;0,1497;0,970024147;36,78780094;13,62386296;;;;;
nightshot_iso_100;40;0,563384613;20,99;141380;3136x2352;0,1533;0,970625526;36,893427;13,29650989;;;;;
nightshot_iso_100;41;0,56190375;21,15;143144;3136x2352;0,1552;0,97073338;36,92744671;13,19276085;;;;;
nightshot_iso_100;42;0,564878437;21,38;144680;3136x2352;0,1569;0,97092966;36,98801177;13,01005653;;;;;
nightshot_iso_100;43;0,554255584;20,9;147564;3136x2352;0,16;0,971274509;37,08006577;12,7371946;;;;;
nightshot_iso_100;44;0,55700584;20,85;149048;3136x2352;0,1616;0,971469443;37,13880548;12,56607978;;;;;
nightshot_iso_100;45;0,561159049;21,1;152798;3136x2352;0,1657;0,971842244;37,22086456;12,33087527;;;;;
nightshot_iso_100;46;0,565636899;21,35;153834;3136x2352;0,1668;0,971993907;37,25450423;12,23573149;;;;;
nightshot_iso_100;47;0,561831101;21,1;154588;3136x2352;0,1676;0,972099262;37,28570964;12,14812906;;;;;
nightshot_iso_100;48;0,568812396;21,56;158960;3136x2352;0,1724;0,972519854;37,3856939;11,8716469;;;;;
nightshot_iso_100;49;0,578370618;21,83;160076;3136x2352;0,1736;0,972645012;37,40996788;11,80547792;;;;;
nightshot_iso_100;50;0,569746358;21,66;161232;3136x2352;0,1748;0,972827362;37,42323311;11,7694739;;;;;
nightshot_iso_100;51;0,571616212;21,32;163134;3136x2352;0,1769;0,972964954;37,51334423;11,52778686;;;;;
nightshot_iso_100;52;0,570233809;21,33;166526;3136x2352;0,1806;0,973355185;37,54617781;11,44096296;;;;;
nightshot_iso_100;53;0,575787652;21,91;166526;3136x2352;0,1806;0,973355185;37,54617781;11,44096296;;;;;
nightshot_iso_100;54;0,568655966;21,94;170038;3136x2352;0,1844;0,973700696;37,65054509;11,16929732;;;;;
nightshot_iso_100;55;0,569869179;21,49;172286;3136x2352;0,1868;0,973992048;37,72977132;10,96738853;;;;;
nightshot_iso_100;56;0,572505674;21,91;173734;3136x2352;0,1884;0,974191937;37,75493011;10,90403783;;;;;
nightshot_iso_100;57;0,574271438;22,07;174960;3136x2352;0,1897;0,974341831;37,80996181;10,76673886;;;;;
nightshot_iso_100;58;0,581041914;22,01;180018;3136x2352;0,1952;0,974605015;37,87859117;10,59793482;;;;;
nightshot_iso_100;59;0,569835398;21,98;180018;3136x2352;0,1952;0,974605015;37,87859117;10,59793482;;;;;
nightshot_iso_100;60;0,580372302;22,34;183058;3136x2352;0,1985;0,974848617;37,96456837;10,39019084;;;;;
nightshot_iso_100;61;0,572411924;21,77;183824;3136x2352;0,1993;0,974870844;38,01355467;10,27365302;;;;;
nightshot_iso_100;62;0,578561578;21,93;187350;3136x2352;0,2032;0,975226539;38,04801853;10,19244807;;;;;
nightshot_iso_100;63;0,577844896;21,77;190560;3136x2352;0,2066;0,975464643;38,06849276;10,14451024;;;;;
nightshot_iso_100;64;0,589095861;22,91;194026;3136x2352;0,2104;0,975607182;38,14368721;9,970378372;;;;;
nightshot_iso_100;65;0,581063563;22,04;194706;3136x2352;0,2111;0,97562461;38,16894752;9,912554972;;;;;
nightshot_iso_100;66;0,589121491;22,39;197600;3136x2352;0,2143;0,976050358;38,19761211;9,84734492;;;;;
nightshot_iso_100;67;0,581214484;22,35;199972;3136x2352;0,2168;0,976143678;38,29281115;9,633835927;;;;;
nightshot_iso_100;68;0,589034392;22,1;201378;3136x2352;0,2184;0,976206379;38,31174898;9,591918126;;;;;
nightshot_iso_100;69;0,587261427;21,95;203758;3136x2352;0,2209;0,976282946;38,32256954;9,568049355;;;;;
nightshot_iso_100;70;0,591292767;21,71;209398;3136x2352;0,2271;0,976860819;38,37947392;9,443499652;;;;;
nightshot_iso_100;71;0,595967587;22,63;211444;3136x2352;0,2293;0,976918294;38,4307504;9,332657345;;;;;
nightshot_iso_100;72;0,597230329;22,16;213914;3136x2352;0,232;0,97710992;38,5293723;9,123114618;;;;;
nightshot_iso_100;73;0,585008563;20,98;217090;3136x2352;0,2354;0,977311592;38,55375189;9,072044499;;;;;
nightshot_iso_100;74;0,585818464;22,05;219876;3136x2352;0,2384;0,977534896;38,61771333;8,939413536;;;;;
nightshot_iso_100;75;0,599497505;22,14;223248;3136x2352;0,2421;0,977587074;38,70925529;8,752957752;;;;;
nightshot_iso_100;76;0,598256222;22,29;231992;3136x2352;0,2516;0,978094073;38,87467845;8,425826578;;;;;
nightshot_iso_100;77;0,596950959;22,25;241052;3136x2352;0,2614;0,978593306;38,88022104;8,415080142;;;;;
nightshot_iso_100;78;0,600699858;22,48;251570;3136x2352;0,2728;0,979209979;39,1543307;7,900367441;;;;;
nightshot_iso_100;79;0,604871117;22,93;259116;3136x2352;0,281;0,979177408;39,32333951;7,598824428;;;;;
nightshot_iso_100;80;0,613380136;22,45;275074;3136x2352;0,2983;0,979773302;39,48269035;7,325062356;;;;;
nightshot_iso_100;81;0,615789381;22,82;288652;3136x2352;0,313;0,980297755;39,61945514;7,097981229;;;;;
nightshot_iso_100;82;0,618959539;22,47;310116;3136x2352;0,3363;0,981120505;39,88663464;6,67447171;;;;;
nightshot_iso_100;83;0,618437628;23,09;318790;3136x2352;0,3457;0,981475147;40,02735129;6,461676802;;;;;
nightshot_iso_100;84;0,632019628;23,49;340008;3136x2352;0,3687;0,981946432;40,14819464;6,2843577;;;;;
nightshot_iso_100;85;0,635725676;23,1;359022;3136x2352;0,3894;0,982369839;40,37813488;5,960282888;;;;;
nightshot_iso_100;86;0,634789613;23,69;385684;3136x2352;0,4183;0,982986963;40,56927091;5,703655288;;;;;
nightshot_iso_100;87;0,642683872;23,03;411272;3136x2352;0,446;0,983750493;40,83418411;5,366139398;;;;;
nightshot_iso_100;88;0,65076871;24,31;431560;3136x2352;0,468;0,983996865;40,97986812;5,189118023;;;;;
nightshot_iso_100;89;0,652940265;23,87;457692;3136x2352;0,4964;0,984175858;41,05016776;5,105797479;;;;;
nightshot_iso_100;90;0,66423499;23,97;514592;3136x2352;0,5581;0,985441989;41,52414279;4,577897682;;;;;
nightshot_iso_100;91;0,671488336;24,51;543134;3136x2352;0,589;0,985891007;41,64965415;4,447489644;;;;;
nightshot_iso_100;92;0,675399445;24,96;622486;3136x2352;0,6751;0,986195629;41,8104599;4,285824374;;;;;
nightshot_iso_100;93;0,688259304;25,48;707518;3136x2352;0,7673;0,987225393;42,2579574;3,866202712;;;;;
nightshot_iso_100;94;0,719659004;26,23;861666;3136x2352;0,9345;0,987500409;42,58488203;3,585850324;;;;;
nightshot_iso_100;95;0,745187782;26,59;985928;3136x2352;1,0693;0,988006604;42,82728927;3,391184617;;;;;
nightshot_iso_100;96;0,738824277;26,4;1036860;3136x2352;1,1245;0,988218425;42,92857887;3,313007917;;;;;
nightshot_iso_100;97;0,758305231;26,87;1127378;3136x2352;1,2227;0,988827416;43,08429995;3,196320833;;;;;
nightshot_iso_100;98;0,797293968;28,14;1328710;3136x2352;1,4411;0,989131008;43,21071172;3,104625279;;;;;
nightshot_iso_100;99;0,801112097;28,06;1409148;3136x2352;1,5283;0,989861879;43,28744801;3,050250872;;;;;
nightshot_iso_1600;90;0,893566945;30,8;1817506;3136x2352;1,9712;0,953498025;35,00552218;20,53658103;;;;;
nightshot_iso_1600;91;0,878715991;30,77;1847238;3136x2352;2,0035;0,95459011;35,03204103;20,41156282;;;;;
nightshot_iso_1600;92;0,928006332;31,95;2066128;3136x2352;2,2409;0,959708211;35,44936253;18,54146764;;;;;
nightshot_iso_1600;93;0,939896469;32,34;2302628;3136x2352;2,4974;0,964730726;35,73224994;17,37222184;;;;;
nightshot_iso_1600;94;0,986524343;33,74;2558324;3136x2352;2,7748;0,969166985;35,96283739;16,47390745;;;;;
nightshot_iso_1600;95;1,007760871;34,53;2856328;3136x2352;3,098;0,972708642;36,28614431;15,29205776;;;;;
nightshot_iso_1600;96;1,018840996;35,36;2968888;3136x2352;3,2201;0,973798037;36,43148635;14,78875881;;;;;
nightshot_iso_1600;97;1,05223274;35,75;3135792;3136x2352;3,4011;0,975204989;36,37527529;14,9814149;;;;;
nightshot_iso_1600;98;1,078749219;37,44;3565694;3136x2352;3,8674;0,978309862;36,70291496;13,8927706;;;;;
nightshot_iso_1600;99;1,101492121;38,27;3817198;3136x2352;4,1401;0,979046586;36,64074472;14,09307907;;;;;
spider_web;1;0,759831594;27;55868;4256x2848;0,0368;0,951793214;36,590225;14,25797538;;;;;
spider_web;2;0,760928457;27,41;58760;4256x2848;0,0387;0,954562826;37,07651884;12,74760145;;;;;
spider_web;3;0,765921928;27,1;60908;4256x2848;0,0401;0,956433266;37,45019679;11,69662811;;;;;
spider_web;4;0,777825145;27,68;63230;4256x2848;0,0417;0,957918772;37,68015605;11,09340212;;;;;
spider_web;5;0,779818349;27,61;64588;4256x2848;0,0426;0,959058904;37,86256093;10,63712512;;;;;
spider_web;6;0,789480432;27,67;66036;4256x2848;0,0435;0,959890396;38,01075619;10,28027523;;;;;
spider_web;7;0,792313757;27,94;67254;4256x2848;0,0443;0,960562017;38,13199052;9,997267407;;;;;
spider_web;8;0,786229354;28,65;68972;4256x2848;0,0455;0,961892394;38,37251726;9,458638669;;;;;
spider_web;9;0,776921213;27,86;69758;4256x2848;0,046;0,962468858;38,45541082;9,279814155;;;;;
spider_web;10;0,792733919;28,21;71574;4256x2848;0,0472;0,963286155;38,61530597;8,944370148;;;;;
spider_web;11;0,795841226;27,81;72706;4256x2848;0,0479;0,963700293;38,72913896;8,712974941;;;;;
spider_web;12;0,797369909;28,16;73440;4256x2848;0,0484;0,963939027;38,78330053;8,60498876;;;;;
spider_web;13;0,79346792;27,83;75068;4256x2848;0,0495;0,964634465;38,9471807;8,286331255;;;;;
spider_web;14;0,789816602;28,03;75940;4256x2848;0,0501;0,964735302;39,01069464;8,166028605;;;;;
spider_web;15;0,794646763;28,11;77618;4256x2848;0,0512;0,965348217;39,10289313;7,994495241;;;;;
spider_web;16;0,804582144;28,41;79066;4256x2848;0,0521;0,965973526;39,22940414;7,764972941;;;;;
spider_web;17;0,804302645;28,2;80164;4256x2848;0,0529;0,966278601;39,27152518;7,690026616;;;;;
spider_web;18;0,798564501;29,29;80982;4256x2848;0,0534;0,966658429;39,32638837;7,593491717;;;;;
spider_web;19;0,798204901;28,29;81902;4256x2848;0,054;0,966929013;39,37605023;7,507154226;;;;;
spider_web;20;0,807883902;28,76;84234;4256x2848;0,0555;0,967525043;39,55870625;7,197965095;;;;;
spider_web;21;0,814148376;28,88;85158;4256x2848;0,0562;0,967861209;39,62735769;7,085077291;;;;;
spider_web;22;0,816939612;29,01;85676;4256x2848;0,0565;0,968369715;39,70894807;6,953213331;;;;;
spider_web;23;0,808242693;29,14;87390;4256x2848;0,0576;0,96867279;39,78134665;6,838261356;;;;;
spider_web;24;0,816539072;28,69;88720;4256x2848;0,0585;0,968950551;39,83279447;6,757731209;;;;;
spider_web;25;0,811984111;29,32;90192;4256x2848;0,0595;0,969473158;39,89124019;6,667397404;;;;;
spider_web;26;0,813488775;29,17;91396;4256x2848;0,0603;0,969788502;39,93666138;6,598029044;;;;;
spider_web;27;0,820424191;29,41;92584;4256x2848;0,0611;0,970066716;39,9945294;6,510696042;;;;;
spider_web;28;0,829502781;28,49;93558;4256x2848;0,0617;0,970183215;40,03745085;6,446667576;;;;;
spider_web;29;0,824356399;29,4;94658;4256x2848;0,0624;0,970688347;40,18322134;6,23387697;;;;;
spider_web;30;0,812209542;28,97;95610;4256x2848;0,0631;0,970812502;40,22787396;6,170110829;;;;;
spider_web;31;0,813908256;29,22;96386;4256x2848;0,0636;0,970899419;40,30163735;6,066198623;;;;;
spider_web;32;0,826423524;29,42;97886;4256x2848;0,0646;0,971175547;40,36371917;5,980099971;;;;;
spider_web;33;0,822912246;29,06;99248;4256x2848;0,0655;0,971404928;40,41554323;5,90916393;;;;;
spider_web;34;0,834855183;29,38;101040;4256x2848;0,0666;0,97179331;40,50446323;5,789406419;;;;;
spider_web;35;0,828068258;29,26;101656;4256x2848;0,067;0,971794849;40,50094238;5,794101817;;;;;
spider_web;36;0,834212112;30,28;102976;4256x2848;0,0679;0,972094134;40,56469814;5,709663934;;;;;
spider_web;37;0,832736188;29,16;104278;4256x2848;0,0688;0,972165375;40,60797677;5,653048142;;;;;
spider_web;38;0,839416163;29,38;104908;4256x2848;0,0692;0,972336461;40,63387453;5,619438316;;;;;
spider_web;39;0,833434999;30,03;106762;4256x2848;0,0704;0,972570128;40,69804605;5,537015709;;;;;
spider_web;40;0,829436961;29,33;107206;4256x2848;0,0707;0,97276555;40,75027308;5,470827894;;;;;
spider_web;41;0,841429557;29,94;107206;4256x2848;0,0707;0,97276555;40,75027308;5,470827894;;;;;
spider_web;42;0,83361733;29,56;110444;4256x2848;0,0728;0,973103307;40,8948996;5,291641339;;;;;
spider_web;43;0,837955069;30,18;111698;4256x2848;0,0737;0,973139432;40,94316002;5,233164163;;;;;
spider_web;44;0,83393011;29,34;112804;4256x2848;0,0744;0,973319264;40,99545923;5,170522564;;;;;
spider_web;45;0,838635031;29,79;114274;4256x2848;0,0754;0,973467274;41,02855132;5,131274272;;;;;
spider_web;46;0,840141004;29,4;114586;4256x2848;0,0756;0,973457971;41,03395484;5,124893876;;;;;
spider_web;47;0,848608123;30,41;117564;4256x2848;0,0775;0,973778189;41,11974675;5,024648502;;;;;
spider_web;48;0,852749813;30,43;118698;4256x2848;0,0783;0,973851393;41,14211415;4,998836656;;;;;
spider_web;49;0,856521411;31,22;119494;4256x2848;0,0788;0,97395321;41,1788549;4,956725529;;;;;
spider_web;50;0,84693002;30,31;121760;4256x2848;0,0803;0,974084641;41,20820149;4,92334434;;;;;
spider_web;51;0,857674684;30,85;122104;4256x2848;0,0805;0,974166152;41,22188207;4,907859866;;;;;
spider_web;52;0,845194416;30,78;123828;4256x2848;0,0817;0,974347601;41,27812599;4,844709732;;;;;
spider_web;53;0,857306813;30,2;124170;4256x2848;0,0819;0,974363214;41,28192948;4,840468666;;;;;
spider_web;54;0,864365339;30,02;126528;4256x2848;0,0835;0,974464791;41,31798218;4,800452127;;;;;
spider_web;55;0,857239883;30,46;128352;4256x2848;0,0847;0,974612532;41,36577422;4,747915039;;;;;
spider_web;56;0,868346188;30,63;130612;4256x2848;0,0862;0,974757283;41,49574693;4,607927825;;;;;
spider_web;57;0,850717619;30,33;131250;4256x2848;0,0866;0,974770202;41,52103088;4,581179126;;;;;
spider_web;58;0,86480082;30,44;134086;4256x2848;0,0884;0,974987666;41,5727474;4,526949203;;;;;
spider_web;59;0,878990592;30,85;136200;4256x2848;0,0898;0,975097624;41,60444514;4,494028754;;;;;
spider_web;60;0,880370645;32,21;137834;4256x2848;0,0909;0,975206236;41,64666085;4,450556061;;;;;
spider_web;61;0,879459033;30,78;138016;4256x2848;0,091;0,975237436;41,65954117;4,437376139;;;;;
spider_web;62;0,885444996;31,05;139508;4256x2848;0,092;0,975335993;41,67624627;4,420340594;;;;;
spider_web;63;0,877944659;31,01;141308;4256x2848;0,0932;0,975497355;41,72348857;4,372516972;;;;;
spider_web;64;0,87379998;30,75;143360;4256x2848;0,0946;0,97559699;41,74394037;4,351974317;;;;;
spider_web;65;0,875035512;31,06;143772;4256x2848;0,0948;0,975633535;41,75528506;4,34062088;;;;;
spider_web;66;0,879446413;31,02;147090;4256x2848;0,097;0,975778938;41,8167542;4,279617363;;;;;
spider_web;67;0,884186664;30,37;148382;4256x2848;0,0979;0,975852565;41,83299382;4,26364443;;;;;
spider_web;68;0,88729957;30,85;150518;4256x2848;0,0993;0,975971687;41,84286764;4,253961911;;;;;
spider_web;69;0,882253499;31,21;152030;4256x2848;0,1003;0,976136012;41,91452313;4,18435042;;;;;
spider_web;70;0,88710712;31,43;153116;4256x2848;0,101;0,976157281;41,9219959;4,177156732;;;;;
spider_web;71;0,889499926;31,19;155368;4256x2848;0,1025;0,976227507;41,96894104;4,132246847;;;;;
spider_web;72;0,895692359;31,25;159832;4256x2848;0,1054;0,976428772;42,00778866;4,095448747;;;;;
spider_web;73;0,888272182;30,78;161550;4256x2848;0,1066;0,97654239;42,03043801;4,074145737;;;;;
spider_web;74;0,894583676;31,5;162648;4256x2848;0,1073;0,976586572;42,06896153;4,038166376;;;;;
spider_web;75;0,900074289;31,63;165440;4256x2848;0,1091;0,976695998;42,09014116;4,018521027;;;;;
spider_web;76;0,908186138;31,95;173932;4256x2848;0,1147;0,976934448;42,17646901;3,939430657;;;;;
spider_web;77;0,903506387;31,59;179310;4256x2848;0,1183;0,977146295;42,24716086;3,875826026;;;;;
spider_web;78;0,914562282;31,88;191378;4256x2848;0,1263;0,97752529;42,4203099;3,724340422;;;;;
spider_web;79;0,916456666;31,94;201682;4256x2848;0,1331;0,977940148;42,54118617;3,622110903;;;;;
spider_web;80;0,934830297;33,98;212910;4256x2848;0,1405;0,978275244;42,65117298;3,531531328;;;;;
spider_web;81;0,938562185;32,99;227544;4256x2848;0,1501;0,978610833;42,74298332;3,457657954;;;;;
spider_web;82;0,937171172;32,59;237060;4256x2848;0,1564;0,97897981;42,8555884;3,369159105;;;;;
spider_web;83;0,954871732;33,38;256104;4256x2848;0,169;0,979400516;42,96924963;3,282127121;;;;;
spider_web;84;0,956680356;33,7;270660;4256x2848;0,1786;0,979618796;43,0737547;3,20409136;;;;;
spider_web;85;0,970367307;33,4;293858;4256x2848;0,1939;0,98009586;43,17331317;3,131475684;;;;;
spider_web;86;0,97145253;33,32;315756;4256x2848;0,2084;0,980374785;43,30783552;3,035965336;;;;;
spider_web;87;0,989351599;34;351714;4256x2848;0,2321;0,980975398;43,5421707;2,876492798;;;;;
spider_web;88;0,994807672;34,8;398980;4256x2848;0,2633;0,981625412;43,68790785;2,781567326;;;;;
spider_web;89;1,022003783;36,21;452224;4256x2848;0,2984;0,982117382;43,92230411;2,635420682;;;;;
spider_web;90;1,02958348;35,6;510778;4256x2848;0,3371;0,983064219;44,14928006;2,501222663;;;;;
spider_web;91;1,052796202;35,72;587712;4256x2848;0,3878;0,983237073;44,24389368;2,447321313;;;;;
spider_web;92;1,07899924;36,99;667408;4256x2848;0,4404;0,985037292;44,7673708;2,169418207;;;;;
spider_web;93;1,103926717;38;877146;4256x2848;0,5789;0,986079826;45,17588666;1,974657115;;;;;
spider_web;94;1,124941003;38,3;972556;4256x2848;0,6418;0,986883201;45,49131235;1,836323219;;;;;
spider_web;95;1,14119929;38,81;1018920;4256x2848;0,6724;0,9869981;45,60227093;1,790000975;;;;;
spider_web;96;1,177886862;40,38;1211292;4256x2848;0,7994;0,987676522;45,88703769;1,676395909;;;;;
spider_web;97;1,192639186;40,77;1285550;4256x2848;0,8484;0,988452787;46,12359221;1,587527071;;;;;
spider_web;98;1,264585797;43,7;1544762;4256x2848;1,0195;0,989239738;46,30638447;1,522095541;;;;;
spider_web;99;1,271826243;42,93;1655282;4256x2848;1,0924;0,99019729;46,47288936;1,464844163;;;;;
