Filename;q_flag;Avg Time;Avg Energy;File Size;Resolution;bpp;q_flag;ssim;psnr;mse;;min fs;max fs ;avg fs;median fs
bikes;0;0,17777124;7,67;525989;768x512;10,7012;0;0,999284978;53,20304024;0,31101142;;22213;581661;126249,5427;97388,5
bikes;1;0,169992013;8,02;386323;768x512;7,8597;1;0,998499397;48,53114175;0,911939833;;min bpp;max bpp;avg bpp;median bpp
bikes;2;0,15480028;7,01;318930;768x512;6,4886;2;0,998035007;47,27249113;1,218516032;;0,4519;12,826;2,87039609;2,20695
bikes;3;0,154621207;8,09;274334;768x512;5,5813;3;0,99753222;46,2299775;1,54911126;;min time;max time ;avg time;median time
bikes;4;0,152516803;7,58;245616;768x512;4,997;4;0,996940254;45,35689562;1,894047207;;0,054575649;0,241256466;0,097446382;0,093627199
bikes;5;0,145529058;7,43;221543;768x512;4,5073;5;0,996272178;44,50370563;2,305206299;;min enrg;max nrg;avg nrg;median nrg
bikes;6;0,144135024;7,25;204113;768x512;4,1526;6;0,995544859;43,75863081;2,736637539;;2,87;10,8;4,566587678;4,39
bikes;7;0,144807536;6,97;188270;768x512;3,8303;7;0,994746927;43,10060965;3,184339735;;;;;
bikes;8;0,134876084;6,18;176264;768x512;3,5861;8;0,99396797;42,50508816;3,652342902;;;;;
bikes;9;0,131217116;5,94;164657;768x512;3,3499;9;0,993089593;41,90198119;4,196451823;;;;;
bikes;10;0,12822476;5,86;155903;768x512;3,1718;10;0,992250925;41,40480034;4,705440945;;;;;
bikes;11;0,125365713;5,74;148089;768x512;3,0128;11;0,991346722;40,92413579;5,256138272;;;;;
bikes;12;0,120229392;5,57;140482;768x512;2,8581;12;0,990345012;40,41369785;5,911675347;;;;;
bikes;13;0,118845409;5,48;134307;768x512;2,7324;13;0,989396912;39,96820592;6,550278558;;;;;
bikes;14;0,115834703;5,35;128619;768x512;2,6167;14;0,988468213;39,59630427;7,135919359;;;;;
bikes;15;0,1144551;5,28;123491;768x512;2,5124;15;0,987440576;39,20839908;7,802619934;;;;;
bikes;16;0,113748208;5,31;118151;768x512;2,4037;16;0,986294723;38,81846154;8,535602993;;;;;
bikes;17;0,111457153;5,17;114051;768x512;2,3203;17;0,985211064;38,47663405;9,234575907;;;;;
bikes;18;0,111310423;5,12;109997;768x512;2,2378;18;0,984177788;38,15863833;9,936113146;;;;;
bikes;19;0,109077647;5,12;106409;768x512;2,1648;19;0,983129431;37,84459494;10,68122016;;;;;
bikes;20;0,108608166;5,06;102308;768x512;2,0814;20;0,981842089;37,50536928;11,54897478;;;;;
bikes;21;0,108401557;5,08;99299;768x512;2,0202;21;0,980713421;37,2231699;12,3243315;;;;;
bikes;22;0,106187612;4,99;96341;768x512;1,96;22;0,979602295;36,96304526;13,08506351;;;;;
bikes;23;0,106667923;5;93519;768x512;1,9026;23;0,978385871;36,69305156;13,92435879;;;;;
bikes;24;0,105936791;4,98;90196;768x512;1,835;24;0,97682508;36,37822154;14,97125498;;;;;
bikes;25;0,10562067;4,88;85370;768x512;1,7368;25;0,974465941;35,88730799;16,76291572;;;;;
bikes;26;0,101937093;4,77;80916;768x512;1,6462;26;0,971670598;35,4568145;18,50968001;;;;;
bikes;27;0,10078777;4,71;77294;768x512;1,5725;27;0,969228532;35,07667842;20,20284441;;;;;
bikes;28;0,101900942;4,74;73475;768x512;1,4948;28;0,966571167;34,67011616;22,18547567;;;;;
bikes;29;0,098353155;4,62;70459;768x512;1,4334;29;0,963988284;34,31860286;24,05581495;;;;;
bikes;30;0,097041642;4,5;67379;768x512;1,3708;30;0,961409352;33,9837286;25,98408932;;;;;
bikes;31;0,101550171;4,79;63406;768x512;1,2899;31;0,956751482;33,48428455;29,15089586;;;;;
bikes;32;0,095217298;4,5;59678;768x512;1,2141;32;0,95254793;33,02919496;32,371354;;;;;
building2;0;0,153096264;6,66;525354;640x512;12,826;0;0,999712625;53,64863647;0,28068339;;;;;
building2;1;0,149961727;6,57;395825;640x512;9,6636;1;0,999382618;49,03364121;0,812299601;;;;;
building2;2;0,144646066;6,44;343722;640x512;8,3916;2;0,999172226;47,7202075;1,099156698;;;;;
building2;3;0,141160078;6,28;305020;640x512;7,4467;3;0,998951588;46,62360015;1,414882406;;;;;
building2;4;0,137820841;6,39;279516;640x512;6,8241;4;0,998695954;45,65220626;1,769537354;;;;;
building2;5;0,137908461;6,16;257999;640x512;6,2988;5;0,998407052;44,74826813;2,178981527;;;;;
building2;6;0,136612008;6,04;241852;640x512;5,9045;6;0,99806597;43,94449507;2,621988932;;;;;
building2;7;0,135363945;6,1;227580;640x512;5,5561;7;0,997613102;43,00466016;3,255474854;;;;;
building2;8;0,133427561;5,94;216394;640x512;5,283;8;0,997175906;42,36034223;3,776123047;;;;;
building2;9;0,129676423;5,8;205551;640x512;5,0183;9;0,996659021;41,70110203;4,395114136;;;;;
building2;10;0,125168413;5,69;196829;640x512;4,8053;10;0,996101884;41,08630859;5,063484701;;;;;
building2;11;0,122740517;5,59;189032;640x512;4,615;11;0,995532304;40,58492857;5,683128866;;;;;
building2;12;0,118358968;5,39;181189;640x512;4,4235;12;0,994828314;40,07362784;6,393189494;;;;;
building2;13;0,117120916;5,35;175087;640x512;4,2745;13;0,994199593;39,64204542;7,061156209;;;;;
building2;14;0,115651412;5,28;169345;640x512;4,1343;14;0,993487749;39,17063798;7,870758057;;;;;
building2;15;0,113435228;5,33;163834;640x512;3,9998;15;0,992770688;38,74581667;8,679579671;;;;;
building2;16;0,111453803;5,08;158441;640x512;3,8681;16;0,991972532;38,31080267;9,594008382;;;;;
building2;17;0,110725011;5,03;153743;640x512;3,7534;17;0,991192201;37,90680654;10,52930501;;;;;
building2;18;0,11002845;5,02;149206;640x512;3,6427;18;0,990389742;37,4953711;11,57559306;;;;;
building2;19;0,109638769;4,98;144931;640x512;3,5383;19;0,989531334;37,12823819;12,59669291;;;;;
building2;20;0,108898658;4,9;140281;640x512;3,4248;20;0,988564636;36,7251861;13,82170919;;;;;
building2;21;0,109851289;5,01;136244;640x512;3,3262;21;0,987580634;36,38158406;14,95966797;;;;;
building2;22;0,106680363;4,83;132329;640x512;3,2306;22;0,986640607;36,03929837;16,18640951;;;;;
building2;23;0,10559986;4,82;128523;640x512;3,1377;23;0,985701855;35,71945277;17,42348735;;;;;
building2;24;0,105281749;4,83;123950;640x512;3,0261;24;0,984429075;35,33807622;19,02272542;;;;;
building2;25;0,103273485;4,74;117330;640x512;2,8645;25;0,982425141;34,77390201;21,66158142;;;;;
building2;26;0,101642942;4,7;111578;640x512;2,724;26;0,980342937;34,27410133;24,30357869;;;;;
building2;27;0,101304811;4,69;106329;640x512;2,5959;27;0,978142465;33,81814946;26,99388631;;;;;
building2;28;0,099037266;4,58;101567;640x512;2,4796;28;0,975796488;33,38533801;29,82267253;;;;;
building2;29;0,098409194;4,51;97495;640x512;2,3802;29;0,973747342;32,99838138;32,60184835;;;;;
building2;30;0,098302995;4,6;93557;640x512;2,2841;30;0,971288837;32,61606475;35,60195821;;;;;
building2;31;0,094876627;4,45;88184;640x512;2,1529;31;0,967763867;32,09839764;40,1088857;;;;;
building2;32;0,094198716;4,44;82751;640x512;2,0202;32;0,963852876;31,56456925;45,35481873;;;;;
building2;33;0,093091283;4,45;78260;640x512;1,9106;33;0,959961107;31,10439054;50,42446594;;;;;
building2;34;0,092631012;4,34;74210;640x512;1,8117;34;0,956214341;30,68473035;55,54018555;;;;;
building2;35;0,091140179;4,23;69566;640x512;1,6983;35;0,951034652;30,20773802;61,9878479;;;;;
buildings;0;0,182677978;8,45;525035;768x512;10,6818;0;0,999335532;53,45657549;0,293374803;;;;;
buildings;1;0,166717404;7,39;397934;768x512;8,0959;1;0,99853026;48,56805159;0,904222276;;;;;
buildings;2;0,156898742;7,06;330425;768x512;6,7225;2;0,998071676;47,24441407;1,226419237;;;;;
buildings;3;0,152091152;6,75;285430;768x512;5,807;3;0,997543084;46,18776877;1,56424035;;;;;
buildings;4;0,14679599;6,45;255776;768x512;5,2037;4;0,996941809;45,28499025;1,925667657;;;;;
buildings;5;0,145609758;6,27;230868;768x512;4,697;5;0,996226678;44,39206957;2,365230136;;;;;
buildings;6;0,14232584;6,22;212401;768x512;4,3213;6;0,99538134;43,6184167;2,82643297;;;;;
buildings;7;0,141413379;5,89;195246;768x512;3,9722;7;0,99442775;42,8951959;3,338572184;;;;;
buildings;8;0,136322307;6,33;182446;768x512;3,7118;8;0,993414498;42,26364629;3,861141629;;;;;
buildings;9;0,134285233;6;169837;768x512;3,4553;9;0,992220873;41,62304829;4,474819607;;;;;
buildings;10;0,129928853;5,88;160250;768x512;3,2602;10;0,991032702;41,09375853;5,054806179;;;;;
buildings;11;0,126361266;5,75;151487;768x512;3,082;11;0,989772853;40,58027697;5,689219157;;;;;
buildings;12;0,121570785;5,46;143132;768x512;2,912;12;0,988344762;40,05503425;6,420619541;;;;;
buildings;13;0,118668268;5,27;136751;768x512;2,7822;13;0,986998203;39,63253998;7,076627943;;;;;
buildings;14;0,118761939;5,4;130596;768x512;2,6569;14;0,985540225;39,2375657;7,750394185;;;;;
buildings;15;0,114102399;5,19;125020;768x512;2,5435;15;0,984062345;38,84868019;8,476417542;;;;;
buildings;16;0,112224785;5,06;119327;768x512;2,4277;16;0,982284025;38,43371025;9,326299032;;;;;
buildings;17;0,111122613;5,08;114602;768x512;2,3315;17;0,980883251;38,08401651;10,10831367;;;;;
buildings;18;0,108883577;4,96;110350;768x512;2,245;18;0,979255096;37,76147276;10,88762326;;;;;
buildings;19;0,108724777;4,88;106373;768x512;2,1641;19;0,977755448;37,45892044;11,67315674;;;;;
buildings;20;0,108755917;5,04;102343;768x512;2,0821;20;0,976128723;37,12954323;12,59290822;;;;;
buildings;21;0,10520558;4,87;98957;768x512;2,0132;21;0,97454125;36,85570977;13,41248915;;;;;
buildings;22;0,104721368;4,86;95755;768x512;1,9481;22;0,972951957;36,59568498;14,24006144;;;;;
buildings;23;0,103565116;4,85;92733;768x512;1,8866;23;0,971390238;36,33785643;15,11105262;;;;;
buildings;24;0,102882464;4,98;89221;768x512;1,8152;24;0,969450259;36,03113105;16,21687826;;;;;
buildings;25;0,101483552;4,73;84047;768x512;1,7099;25;0,966271186;35,56129774;18,06968519;;;;;
buildings;26;0,10122074;4,77;79716;768x512;1,6218;26;0,963364944;35,16847586;19,78029548;;;;;
buildings;27;0,097874183;4,62;75814;768x512;1,5424;27;0,960191105;34,78074842;21,62746006;;;;;
buildings;28;0,0965843;4,57;72071;768x512;1,4662;28;0,95737525;34,41726089;23,51550293;;;;;
buildings;29;0,095320878;4,54;68847;768x512;1,4006;29;0,954222894;34,06194526;25,52030351;;;;;
buildings;30;0,094265045;4,49;65852;768x512;1,3397;30;0,951258659;33,75467774;27,39129639;;;;;
caps;0;0,147964803;6,84;350892;768x512;7,1389;0;0,998200604;52,85495664;0,336964925;;;;;
caps;1;0,124134261;5,61;226835;768x512;4,6149;1;0,995098081;48,5725448;0,903287252;;;;;
caps;2;0,112837726;5,14;173329;768x512;3,5263;2;0,993470656;47,48547376;1,160200331;;;;;
caps;3;0,106346183;4,88;136757;768x512;2,7823;3;0,991618261;46,52553228;1,447195265;;;;;
caps;4;0,101665392;4,69;114022;768x512;2,3197;4;0,989669558;45,77451445;1,720397949;;;;;
caps;5;0,098470565;4,55;95398;768x512;1,9408;5;0,987585156;45,02899558;2,042588128;;;;;
caps;6;0,094992407;4,71;82856;768x512;1,6857;6;0,985730088;44,44086606;2,338803609;;;;;
caps;7;0,092075681;4,33;73351;768x512;1,4923;7;0,984090529;43,88430846;2,658578661;;;;;
caps;8;0,088017472;4,17;66696;768x512;1,3569;8;0,982752448;43,45688045;2,93354204;;;;;
caps;9;0,085501477;4,02;60631;768x512;1,2335;9;0,981117162;43,04578132;3,224795871;;;;;
caps;10;0,082008589;3,9;56101;768x512;1,1413;10;0,979764398;42,68645998;3,502953423;;;;;
caps;11;0,079652534;3,82;52673;768x512;1,0716;11;0,978510213;42,33583187;3,797494676;;;;;
caps;12;0,07775389;3,66;48913;768x512;0,9951;12;0,977037826;41,96416979;4,13678911;;;;;
caps;13;0,076524967;3,67;46371;768x512;0,9434;13;0,975729959;41,66521226;4,431585524;;;;;
caps;14;0,075294444;3,6;43653;768x512;0,8881;14;0,974245731;41,35702598;4,757488675;;;;;
caps;15;0,074791534;3,29;41539;768x512;0,8451;15;0,97292492;41,07040422;5,082061768;;;;;
caps;16;0,073553541;3,67;39235;768x512;0,7982;16;0,971161171;40,68182325;5,557737562;;;;;
caps;17;0,072061617;3,44;37380;768x512;0,7604;17;0,96977158;40,42126725;5,901380751;;;;;
caps;18;0,071346846;3,39;35990;768x512;0,7322;18;0,968572293;40,20478553;6,203000387;;;;;
caps;19;0,070755444;3,39;34326;768x512;0,6983;19;0,967068807;39,95416512;6,57148997;;;;;
caps;20;0,069824093;3,34;32646;768x512;0,6641;20;0,965376359;39,68366846;6,993804932;;;;;
caps;21;0,069414752;3,3;31363;768x512;0,638;21;0,963790464;39,43315252;7,409094069;;;;;
caps;22;0,068108579;3,26;30218;768x512;0,6147;22;0,962496672;39,24247015;7,741646661;;;;;
caps;23;0,067818488;3,29;28998;768x512;0,5899;23;0,960947631;39,02724319;8,134971619;;;;;
caps;24;0,066935066;3,18;27620;768x512;0,5619;24;0,959125283;38,75732708;8,656606038;;;;;
caps;25;0,065355482;3,15;25834;768x512;0,5255;25;0,95635605;38,38201278;9,437980652;;;;;
caps;26;0,064815522;3,17;24117;768x512;0,4906;26;0,953509083;38,01836145;10,26228841;;;;;
caps;27;0,06403271;3,06;22669;768x512;0,4612;27;0,950512065;37,68822751;11,07280392;;;;;
carnivaldolls;0;0,124165261;6,03;311439;610x488;8,3697;0;0,99942004;54,98381167;0,20639501;;;;;
carnivaldolls;1;0,112773206;5,07;229242;610x488;6,1607;1;0,997763246;49,8607806;0,671432411;;;;;
carnivaldolls;2;0,107273384;4,76;193267;610x488;5,1939;2;0,996995938;48,53175371;0,911811341;;;;;
carnivaldolls;3;0,103195485;4,66;167372;610x488;4,498;3;0,996183086;47,35047107;1,196832169;;;;;
carnivaldolls;4;0,100262788;4,5;150106;610x488;4,034;4;0,995344358;46,38423489;1,495053973;;;;;
carnivaldolls;5;0,098857735;4,47;135418;610x488;3,6392;5;0,99446047;45,42174622;1,865974648;;;;;
carnivaldolls;6;0,0964306;4,39;124485;610x488;3,3454;6;0,993600527;44,63994658;2,234013034;;;;;
carnivaldolls;7;0,095214218;4,39;114489;610x488;3,0768;7;0,992683393;43,75839409;2,736786706;;;;;
carnivaldolls;8;0,093432233;4,32;106894;610x488;2,8727;8;0,991831173;43,11439266;3,174249754;;;;;
carnivaldolls;9;0,092748492;4,32;99565;610x488;2,6757;9;0,990892019;42,46977331;3,682163173;;;;;
carnivaldolls;10;0,089735685;4,13;93845;610x488;2,522;10;0,990024531;41,9116677;4,187102481;;;;;
carnivaldolls;11;0,087706102;4,05;88630;610x488;2,3818;11;0,989203883;41,40728454;4,702750157;;;;;
carnivaldolls;12;0,085534836;3,95;83476;610x488;2,2433;12;0,988188308;40,8502765;5,346292439;;;;;
carnivaldolls;13;0,084160014;3,9;79206;610x488;2,1286;13;0,987361064;40,39893014;5,931811565;;;;;
carnivaldolls;14;0,082742071;3,82;75326;610x488;2,0243;14;0,986429762;39,99054033;6,516678984;;;;;
carnivaldolls;15;0,081350197;3,81;71881;610x488;1,9317;15;0,985527204;39,59554135;7,137173027;;;;;
carnivaldolls;16;0,081114747;3,81;68063;610x488;1,8291;16;0,984610635;39,16676615;7,877778151;;;;;
carnivaldolls;17;0,080310985;3,68;65035;610x488;1,7477;17;0,983566834;38,81371469;8,544937517;;;;;
carnivaldolls;18;0,079035653;3,67;62244;610x488;1,6727;18;0,982737197;38,47060827;9,247397653;;;;;
carnivaldolls;19;0,07813868;3,66;59845;610x488;1,6083;19;0,981713158;38,14661116;9,963667921;;;;;
carnivaldolls;20;0,077191939;3,6;57262;610x488;1,5388;20;0,980501854;37,81985691;10,74223551;;;;;
carnivaldolls;21;0,077417639;3,63;55022;610x488;1,4786;21;0,979607952;37,52594646;11,49438435;;;;;
carnivaldolls;22;0,075879966;3,62;53045;610x488;1,4255;22;0,978663161;37,24946416;12,24993953;;;;;
carnivaldolls;23;0,07778567;3,72;51306;610x488;1,3788;23;0,977581197;36,98866704;13,0080937;;;;;
carnivaldolls;24;0,075111444;3,52;49168;610x488;1,3213;24;0,976252198;36,68026697;13,96540916;;;;;
carnivaldolls;25;0,074003722;3,45;46175;610x488;1,2409;25;0,974276301;36,23269955;15,48140621;;;;;
carnivaldolls;26;0,072875709;3,42;43351;610x488;1,165;26;0,971975571;35,80196856;17,09556683;;;;;
carnivaldolls;27;0,071824697;3,46;40985;610x488;1,1014;27;0,969920818;35,44424272;18,56333871;;;;;
carnivaldolls;28;0,071114585;3,33;38853;610x488;1,0441;28;0,967740337;35,06959786;20,23580915;;;;;
carnivaldolls;29;0,069716812;3,27;36899;610x488;0,9916;29;0,965391004;34,7167105;21,9487257;;;;;
carnivaldolls;30;0,069168411;3,27;35234;610x488;0,9468;30;0,963405292;34,41207212;23,54361507;;;;;
carnivaldolls;31;0,068268389;2,97;32841;610x488;0,8825;31;0,959753811;33,95396696;26,16276651;;;;;
carnivaldolls;32;0,067634377;3,44;30772;610x488;0,8269;32;0,956012379;33,53264871;28,82806481;;;;;
carnivaldolls;33;0,065894604;3,12;28944;610x488;0,7778;33;0,952466353;33,1487894;31,49208546;;;;;
cemetry;0;0,142612281;6,72;432754;627x482;11,4555;0;0,999209308;53,36190052;0,29984051;;;;;
cemetry;1;0,135739126;5,99;336182;627x482;8,8991;1;0,99837198;48,60204018;0,897173305;;;;;
cemetry;2;0,130544105;5,8;287458;627x482;7,6093;2;0,997881604;47,27020308;1,219158168;;;;;
cemetry;3;0,127035427;5,62;251567;627x482;6,6593;3;0,997332591;46,13719681;1,582561805;;;;;
cemetry;4;0,125846525;5,68;227184;627x482;6,0138;4;0,99668529;45,18026522;1,972667271;;;;;
cemetry;5;0,123260869;5,52;206499;627x482;5,4662;5;0,995890206;44,21290164;2,464848308;;;;;
cemetry;6;0,121964787;5,43;191003;627x482;5,056;6;0,995030029;43,35123392;3,005778466;;;;;
cemetry;7;0,120295442;5,48;176499;627x482;4,6721;7;0,993958174;42,47107413;3,681060441;;;;;
cemetry;8;0,117203746;5,26;164689;627x482;4,3595;8;0,992872548;41,75246659;4,343438755;;;;;
cemetry;9;0,113815409;5,15;153020;627x482;4,0506;9;0,991621496;41,03922968;5,118673082;;;;;
cemetry;10;0,109535289;4,99;143986;627x482;3,8114;10;0,990375961;40,45500443;5,855714825;;;;;
cemetry;11;0,106368692;4,81;135763;627x482;3,5938;11;0,989038644;39,9200557;6,623305561;;;;;
cemetry;12;0,102524333;4,72;127996;627x482;3,3882;12;0,9875472;39,36255694;7,530514801;;;;;
cemetry;13;0,100246429;4,61;121439;627x482;3,2146;13;0,986158344;38,90082776;8,375246238;;;;;
cemetry;14;0,098465135;4,54;115823;627x482;3,0659;14;0,984719833;38,4904921;9,205155949;;;;;
cemetry;15;0,097465222;4,52;110392;627x482;2,9222;15;0,98314654;38,08080702;10,11578661;;;;;
cemetry;16;0,095585209;4,44;104852;627x482;2,7755;16;0,981352042;37,64588626;11,18128545;;;;;
cemetry;17;0,095043538;4,38;100402;627x482;2,6577;17;0,979850135;37,29155372;12,13179292;;;;;
cemetry;18;0,093369554;4,36;96088;627x482;2,5435;18;0,978110835;36,95376128;13,11306558;;;;;
cemetry;19;0,092372162;4,28;92160;627x482;2,4395;19;0,97649425;36,63874233;14,09957844;;;;;
cemetry;20;0,09154019;4,34;87995;627x482;2,3293;20;0,974418635;36,27528047;15,33035862;;;;;
cemetry;21;0,089493175;4,2;84414;627x482;2,2345;21;0,972650292;35,98232798;16,4001403;;;;;
cemetry;22;0,088088842;4,23;81616;627x482;2,1604;22;0,971050303;35,73376564;17,36615996;;;;;
cemetry;23;0,087759691;4,15;78682;627x482;2,0828;23;0,96927819;35,4664274;18,46875503;;;;;
cemetry;24;0,087893812;4,51;75290;627x482;1,993;24;0,966934006;35,15113517;19,85943294;;;;;
cemetry;25;0,085866528;3,94;70400;627x482;1,8635;25;0,963007195;34,68497351;22,10970813;;;;;
cemetry;26;0,084389824;3,93;65967;627x482;1,7462;26;0,959014829;34,25539177;24,40850523;;;;;
cemetry;27;0,083194591;3,9;62056;627x482;1,6427;27;0,955277872;33,86985906;26,67438746;;;;;
cemetry;28;0,081700968;3,84;58680;627x482;1,5533;28;0,951357134;33,51378267;28,95356822;;;;;
churchandcapitol;0;0,147853033;7,02;398506;634x505;9,9573;0;0,998731969;53,74081976;0,274788394;;;;;
churchandcapitol;1;0,131417077;5,85;294423;634x505;7,3566;1;0,997035938;48,82561976;0,852154585;;;;;
churchandcapitol;2;0,122910998;5,51;246262;634x505;6,1532;2;0,996134783;47,49557144;1,157505908;;;;;
churchandcapitol;3;0,118277798;5,28;212040;634x505;5,2981;3;0,995212537;46,35552138;1,504971317;;;;;
churchandcapitol;4;0,115352771;5,24;188180;634x505;4,702;4;0,99418631;45,36776216;1,88931401;;;;;
churchandcapitol;5;0,115669712;5,28;167899;634x505;4,1952;5;0,993135025;44,42663216;2,346481557;;;;;
churchandcapitol;6;0,110577362;4,97;153180;634x505;3,8274;6;0,992099399;43,63790677;2,813777056;;;;;
churchandcapitol;7;0,109349858;5,05;139391;634x505;3,4829;7;0,991028009;42,84540366;3,377069474;;;;;
churchandcapitol;8;0,106611473;4,83;129018;634x505;3,2237;8;0,990077075;42,22196767;3,898374822;;;;;
churchandcapitol;9;0,104348128;4,76;119028;634x505;2,9741;9;0,988892824;41,56866222;4,531209462;;;;;
churchandcapitol;10;0,101428212;4,69;111370;634x505;2,7827;10;0,987982292;41,06026918;5,093935513;;;;;
churchandcapitol;11;0,099578397;4,54;105095;634x505;2,6259;11;0,987026005;40,58552062;5,682354166;;;;;
churchandcapitol;12;0,09643333;4,42;98344;634x505;2,4572;12;0,985955016;40,06139393;6,411224245;;;;;
churchandcapitol;13;0,094219865;4,41;93044;634x505;2,3248;13;0,9849668;39,63949709;7,065300726;;;;;
churchandcapitol;14;0,092498052;4,4;88427;634x505;2,2095;14;0,984077013;39,26579184;7,700185318;;;;;
churchandcapitol;15;0,091285679;4,26;84175;634x505;2,1032;15;0,983015794;38,88079688;8,413964456;;;;;
churchandcapitol;16;0,090220746;4,16;79793;634x505;1,9937;16;0,981957331;38,48785292;9,21075158;;;;;
churchandcapitol;17;0,088153773;4,21;76408;634x505;1,9091;17;0,980937352;38,15510853;9,944192148;;;;;
churchandcapitol;18;0,087541151;4,06;73256;634x505;1,8304;18;0,979962688;37,85785418;10,64865957;;;;;
churchandcapitol;19;0,086365219;3,98;70363;634x505;1,7581;19;0,978910793;37,55139499;11,4272272;;;;;
churchandcapitol;20;0,084882225;4,04;67221;634x505;1,6796;20;0,977744686;37,2274177;12,31228306;;;;;
churchandcapitol;21;0,084248794;4,01;64604;634x505;1,6142;21;0,976731629;36,95847655;13,09883604;;;;;
churchandcapitol;22;0,083190801;3,88;62377;634x505;1,5585;22;0,975659766;36,69314341;13,9240643;;;;;
churchandcapitol;23;0,083130341;3,88;60107;634x505;1,5018;23;0,974590414;36,4452593;14,74193293;;;;;
churchandcapitol;24;0,08221649;3,84;57880;634x505;1,4462;24;0,973112685;36,16681845;15,71804458;;;;;
churchandcapitol;25;0,080724436;3,72;54287;634x505;1,3564;25;0,971108707;35,72645438;17,39542014;;;;;
churchandcapitol;26;0,079024922;3,75;51103;634x505;1,2768;26;0,968610418;35,32828827;19,06564638;;;;;
churchandcapitol;27;0,078444251;3,73;48366;634x505;1,2085;27;0,966330395;34,95375481;20,78283932;;;;;
churchandcapitol;28;0,076571127;3,7;45802;634x505;1,1444;28;0,963944031;34,57799457;22,66109567;;;;;
churchandcapitol;29;0,075731815;3,6;43589;634x505;1,0891;29;0,961546133;34,27228042;24,31377081;;;;;
churchandcapitol;30;0,074466713;3,6;41393;634x505;1,0342;30;0,959344485;33,9356311;26,27345889;;;;;
churchandcapitol;31;0,07312394;3,51;38589;634x505;0,9642;31;0,955426601;33,47841865;29,19029578;;;;;
churchandcapitol;32;0,072830389;3,46;36241;634x505;0,9055;32;0,951858555;33,06342865;32,1171867;;;;;
coinsinfountain;0;0,142610831;6,47;438175;640x512;10,6976;0;0,999053898;53,71617861;0,276351929;;;;;
coinsinfountain;1;0,137689291;6,16;314877;640x512;7,6874;1;0,997942394;49,08804691;0,802187093;;;;;
coinsinfountain;2;0,129691913;5,81;267106;640x512;6,5211;2;0,997273932;47,79155466;1,081246948;;;;;
coinsinfountain;3;0,126216185;5,66;232869;640x512;5,6852;3;0,996553513;46,67241792;1,399067179;;;;;
coinsinfountain;4;0,123280139;5,55;210379;640x512;5,1362;4;0,995732887;45,74465976;1,732265218;;;;;
coinsinfountain;5;0,11914349;5,41;191459;640x512;4,6742;5;0,994806671;44,86884311;2,119317627;;;;;
coinsinfountain;6;0,117503386;5,31;177363;640x512;4,3301;6;0,993720697;44,08932756;2,535990397;;;;;
coinsinfountain;7;0,115707482;5,29;164413;640x512;4,0139;7;0,992409399;43,12631779;3,165545654;;;;;
coinsinfountain;8;0,113470217;5,2;153921;640x512;3,7578;8;0,991145719;42,46221475;3,688577271;;;;;
coinsinfountain;9;0,11029707;5,13;143458;640x512;3,5023;9;0,989798164;41,77966748;4,316319784;;;;;
coinsinfountain;10;0,107651985;4,89;135030;640x512;3,2966;10;0,988449469;41,16456031;4,97306722;;;;;
coinsinfountain;11;0,106021171;4,82;127379;640x512;3,1098;11;0,987132185;40,6405926;5,61075236;;;;;
coinsinfountain;12;0,102129063;4,7;120011;640x512;2,9299;12;0,985572112;40,09171579;6,366617839;;;;;
coinsinfountain;13;0,100378649;4,64;113938;640x512;2,7816;13;0,984086134;39,6391921;7,065796916;;;;;
coinsinfountain;14;0,099257827;4,52;108488;640x512;2,6486;14;0,98276749;39,23085179;7,76238505;;;;;
coinsinfountain;15;0,097511683;4,52;103509;640x512;2,527;15;0,981258666;38,83472028;8,503707886;;;;;
coinsinfountain;16;0,09646305;4,48;98284;640x512;2,3995;16;0,979660888;38,40498928;9,388180542;;;;;
coinsinfountain;17;0,095485568;4,42;94181;640x512;2,2993;17;0,978172477;38,05646122;10,1726532;;;;;
coinsinfountain;18;0,094493996;4,33;90295;640x512;2,2044;18;0,976678177;37,72294834;10,98463236;;;;;
coinsinfountain;19;0,094171256;4,31;86589;640x512;2,1139;19;0,974975506;37,39894569;11,8354777;;;;;
coinsinfountain;20;0,092523492;4,27;82886;640x512;2,0235;20;0,973128173;37,0401327;12,85485229;;;;;
coinsinfountain;21;0,092570322;4,32;79632;640x512;1,9441;21;0,971515035;36,75542;13,72582194;;;;;
coinsinfountain;22;0,091443079;4,32;76753;640x512;1,8738;22;0,969894493;36,4827763;14,61513163;;;;;
coinsinfountain;23;0,090485918;4,2;73983;640x512;1,8062;23;0,968271281;36,20692671;15,57355245;;;;;
coinsinfountain;24;0,088895824;4,15;70918;640x512;1,7313;24;0,966177121;35,89517806;16,73256632;;;;;
coinsinfountain;25;0,088225382;4,13;66165;640x512;1,6153;25;0,962876349;35,43285216;18,61209005;;;;;
coinsinfountain;26;0,085694767;4,01;62172;640x512;1,5178;26;0,959318867;35,01413875;20,49587606;;;;;
coinsinfountain;27;0,085008345;3,96;58563;640x512;1,4297;27;0,955763133;34,60153236;22,53860982;;;;;
coinsinfountain;28;0,083020312;3,93;55199;640x512;1,3476;28;0,952438334;34,23792703;24,50685933;;;;;
dancers;0;0,11017482;5,35;369398;618x453;10,5559;0;0,999291706;53,96616184;0,260894052;;;;;
dancers;1;0,101941643;4,86;288637;618x453;8,2481;1;0,998368535;49,14413099;0,791894383;;;;;
dancers;2;0,094152476;4,49;247185;618x453;7,0635;2;0,997816695;47,75893305;1,089399211;;;;;
dancers;3;0,09151493;4,4;216828;618x453;6,1961;3;0,997231205;46,59850615;1,423081411;;;;;
dancers;4;0,089648636;4,38;195944;618x453;5,5993;4;0,996537728;45,61341533;1,785413556;;;;;
dancers;5;0,089785876;4,38;178043;618x453;5,0877;5;0,995796802;44,6635594;2,22189955;;;;;
dancers;6;0,085043625;4,2;164700;618x453;4,7064;6;0,994949951;43,80287039;2,708902177;;;;;
dancers;7;0,083764043;4,14;151887;618x453;4,3403;7;0,994051657;42,92850622;3,313063337;;;;;
dancers;8;0,082159689;4,12;142171;618x453;4,0626;8;0,993232505;42,26897323;3,856408553;;;;;
dancers;9;0,082510879;4,13;132812;618x453;3,7952;9;0,992164313;41,57288745;4,526803213;;;;;
dancers;10;0,078596132;3,96;125260;618x453;3,5794;10;0,991280017;41,01179592;5,151109349;;;;;
dancers;11;0,079942224;3,99;118748;618x453;3,3933;11;0,990405748;40,480353;5,821636174;;;;;
dancers;12;0,077089689;3,82;112549;618x453;3,2162;12;0,989308097;39,95530838;6,56976027;;;;;
dancers;13;0,077564439;3,86;107094;618x453;3,0603;13;0,988416633;39,50021133;7,295569986;;;;;
dancers;14;0,076874448;3,83;102413;618x453;2,9265;14;0,987442482;39,09887483;8,00189555;;;;;
dancers;15;0,075410984;3,86;98271;618x453;2,8082;15;0,986455281;38,72521575;8,720849378;;;;;
dancers;16;0,07329468;3,66;93817;618x453;2,6809;16;0,985346922;38,30398291;9,609085778;;;;;
dancers;17;0,072496048;3,63;90172;618x453;2,5767;17;0,984306822;37,94483012;10,43752069;;;;;
dancers;18;0,071086035;3,7;86831;618x453;2,4812;18;0,983300306;37,61014861;11,27367472;;;;;
dancers;19;0,071900967;3,66;83587;618x453;2,3885;19;0,982335519;37,30527373;12,09352727;;;;;
dancers;20;0,067944189;3,47;80330;618x453;2,2955;20;0,981034167;36,95478175;13,10998474;;;;;
dancers;21;0,067329816;3,53;77761;618x453;2,2221;21;0,979830192;36,66249119;14,02268706;;;;;
dancers;22;0,069727662;3,56;75335;618x453;2,1527;22;0,978709225;36,40620162;14,87511043;;;;;
dancers;23;0,066051454;3,44;72853;618x453;2,0818;23;0,977583286;36,12613416;15,86598155;;;;;
dancers;24;0,067519028;3,42;70157;618x453;2,0048;24;0,976108328;35,80558102;17,08135265;;;;;
dancers;25;0,06847268;3,59;66295;618x453;1,8944;25;0,97383902;35,34322487;19,00018694;;;;;
dancers;26;0,063724819;3,33;62849;618x453;1,7959;26;0,971728072;34,92772165;20,90779319;;;;;
dancers;27;0,066063534;3,43;59858;618x453;1,7105;27;0,969520679;34,55152672;22,79962422;;;;;
dancers;28;0,065216552;3,3;57048;618x453;1,6302;28;0,966808661;34,15484568;24,98019317;;;;;
dancers;29;0,061530344;3,23;54481;618x453;1,5568;29;0,964383;33,78898399;27,1757765;;;;;
dancers;30;0,063578789;3,2;52103;618x453;1,4889;30;0,961586031;33,46043552;29,31141664;;;;;
dancers;31;0,063185048;3,27;48915;618x453;1,3978;31;0,957737302;32,97827809;32,75311063;;;;;
dancers;32;0,060946163;3,13;45936;618x453;1,3126;32;0,953670282;32,5322201;36,29596529;;;;;
flowersonih35;0;0,15115087;7,2;461799;640x512;11,2743;0;0,999524417;54,09981004;0,252987671;;;;;
flowersonih35;1;0,139126634;6,22;356475;640x512;8,703;1;0,998803517;49,34207054;0,756612142;;;;;
flowersonih35;2;0,132318989;5,86;309411;640x512;7,5539;2;0,998367356;47,94303597;1,04418335;;;;;
flowersonih35;3;0,12868707;5,55;274413;640x512;6,6995;3;0,997932634;46,76108918;1,370791626;;;;;
flowersonih35;4;0,126086385;5,67;249864;640x512;6,1001;4;0,997462333;45,7384541;1,734742228;;;;;
flowersonih35;5;0,124063521;5,5;229283;640x512;5,5977;5;0,996961698;44,80310174;2,151642863;;;;;
flowersonih35;6;0,123000538;5,33;214337;640x512;5,2328;6;0,996463527;43,99377819;2,592403158;;;;;
flowersonih35;7;0,123541949;5,32;200660;640x512;4,8989;7;0,995855717;43,10256675;3,18290507;;;;;
flowersonih35;8;0,121214605;5,25;190269;640x512;4,6452;8;0,995321482;42,48682076;3,667737834;;;;;
flowersonih35;9;0,118758419;5,21;180536;640x512;4,4076;9;0,994734119;41,85305793;4,243992106;;;;;
flowersonih35;10;0,116966595;4,9;172620;640x512;4,2143;10;0,994101874;41,25312864;4,872675578;;;;;
flowersonih35;11;0,113937678;5,3;165513;640x512;4,0408;11;0,993509955;40,72699599;5,500228882;;;;;
flowersonih35;12;0,11014153;4,93;158484;640x512;3,8692;12;0,992893492;40,17737677;6,242271932;;;;;
flowersonih35;13;0,107188533;4,84;152413;640x512;3,721;13;0,992242122;39,67370246;7,009872437;;;;;
flowersonih35;14;0,104785999;4,73;146932;640x512;3,5872;14;0,991712319;39,20489767;7,808913167;;;;;
flowersonih35;15;0,103623406;4,78;141730;640x512;3,4602;15;0,991099576;38,77550279;8,620452881;;;;;
flowersonih35;16;0,104179018;4,83;136487;640x512;3,3322;16;0,990428688;38,34063781;9,528325399;;;;;
flowersonih35;17;0,101316891;4,61;132013;640x512;3,2229;17;0,989828602;37,96357403;10,39256999;;;;;
flowersonih35;18;0,100067378;4,57;127959;640x512;3,1239;18;0,989173312;37,58139814;11,34855448;;;;;
flowersonih35;19;0,100576039;4,63;124104;640x512;3,0298;19;0,988473216;37,24934246;12,2502828;;;;;
flowersonih35;20;0,098732086;4,48;120348;640x512;2,9381;20;0,987744471;36,88950052;13,30853678;;;;;
flowersonih35;21;0,098217124;4,62;116989;640x512;2,8561;21;0,987042093;36,58849114;14,26366882;;;;;
flowersonih35;22;0,099141416;4,5;114043;640x512;2,7842;22;0,986479382;36,29733841;15,25269267;;;;;
flowersonih35;23;0,103390166;4,72;110942;640x512;2,7085;23;0,985754712;36,00131274;16,32860514;;;;;
flowersonih35;24;0,095825699;4,32;107227;640x512;2,6178;24;0,984811791;35,62769206;17,79553935;;;;;
flowersonih35;25;0,094721466;4,34;102045;640x512;2,4913;25;0,983338285;35,10080405;20,09092611;;;;;
flowersonih35;26;0,092744553;4,23;97282;640x512;2,375;26;0,981870103;34,62921577;22,39539795;;;;;
flowersonih35;27;0,091929881;4,19;92781;640x512;2,2651;27;0,980042814;34,15190153;24,99713338;;;;;
flowersonih35;28;0,090129506;4,15;88637;640x512;2,1639;28;0,978369798;33,67874202;27,87444051;;;;;
flowersonih35;29;0,089204815;4,09;84873;640x512;2,072;29;0,976954567;33,29026225;30,48274943;;;;;
flowersonih35;30;0,088235222;4,05;81217;640x512;1,9828;30;0,975079322;32,88792606;33,44165446;;;;;
flowersonih35;31;0,086442898;4,05;76649;640x512;1,8713;31;0,972901661;32,35237003;37,83061117;;;;;
flowersonih35;32;0,086624199;4,01;72116;640x512;1,7606;32;0,969889526;31,83985136;42,56917419;;;;;
flowersonih35;33;0,084764535;3,96;68316;640x512;1,6678;33;0,967663074;31,40058666;47,10008545;;;;;
flowersonih35;34;0,083017491;3,93;64838;640x512;1,5829;34;0,964684555;30,97564403;51,94167582;;;;;
flowersonih35;35;0,08228179;3,79;61039;640x512;1,4902;35;0,961643864;30,50432952;57,89584656;;;;;
flowersonih35;36;0,081040987;3,77;57316;640x512;1,3993;36;0,957971098;30,0204211;64,71996155;;;;;
flowersonih35;37;0,080139274;3,7;54160;640x512;1,3222;37;0,954045987;29,59133687;71,44085999;;;;;
house;0;0,148642604;6,83;480207;768x512;9,7698;0;0,998198776;52,7440368;0,345681932;;;;;
house;1;0,141995419;6,34;342961;768x512;6,9775;1;0,996371727;48,29890508;0,962032742;;;;;
house;2;0,13302729;5,96;277151;768x512;5,6386;2;0,995356822;47,09403907;1,269627889;;;;;
house;3;0,1282537;5,73;235114;768x512;4,7834;3;0,994112793;46,08652341;1,601135254;;;;;
house;4;0,12365372;5,58;208091;768x512;4,2336;4;0,992724512;45,21949953;1,954926385;;;;;
house;5;0,120142692;5,41;185116;768x512;3,7661;5;0,991005984;44,34319496;2,391998291;;;;;
house;6;0,116176363;5,21;168383;768x512;3,4257;6;0,989113346;43,59588519;2,841134813;;;;;
house;7;0,111448103;5,08;152642;768x512;3,1055;7;0,986971966;42,91113538;3,326341417;;;;;
house;8;0,108016665;5,01;140679;768x512;2,8621;8;0,984826267;42,30069631;3,828342014;;;;;
house;9;0,102607984;4,66;129197;768x512;2,6285;9;0,982394409;41,69496105;4,401333279;;;;;
house;10;0,098867676;4,57;120389;768x512;2,4493;10;0,980150222;41,20123579;4,931247287;;;;;
house;11;0,09634211;4,38;112568;768x512;2,2902;11;0,977907783;40,74129264;5,482152303;;;;;
house;12;0,092851212;4,28;104926;768x512;2,1347;12;0,975345975;40,25644525;6,129652235;;;;;
house;13;0,091376119;4,22;98942;768x512;2,0129;13;0,97312637;39,85883068;6,71733941;;;;;
house;14;0,090548427;4,17;93528;768x512;1,9028;14;0,970928496;39,50677978;7,284544203;;;;;
house;15;0,089167095;4,12;88702;768x512;1,8046;15;0,968736656;39,14769979;7,912439134;;;;;
house;16;0,087760741;4,01;83756;768x512;1,704;16;0,966328173;38,76066049;8,649964227;;;;;
house;17;0,085878167;4,22;79900;768x512;1,6255;17;0,964172299;38,44772714;9,296246847;;;;;
house;18;0,085131185;3,92;76516;768x512;1,5567;18;0,961934792;38,1724136;9,904646979;;;;;
house;19;0,084719245;4,1;73243;768x512;1,4901;19;0,959780182;37,87722846;10,60126072;;;;;
house;20;0,084580314;4,22;69895;768x512;1,422;20;0,957395084;37,57314125;11,3701511;;;;;
house;21;0,08244945;3,85;67099;768x512;1,3651;21;0,955318944;37,30916852;12,08268653;;;;;
house;22;0,081598848;3,76;64536;768x512;1,3129;22;0,953166939;37,07069801;12,76469845;;;;;
house;23;0,080513935;3,73;61945;768x512;1,2602;23;0,950863479;36,81438121;13,54073503;;;;;
lighthouse2;0;0,151711931;6,98;455981;768x512;9,2769;0;0,99837565;52,76630548;0,343913966;;;;;
lighthouse2;1;0,138393262;6,02;326330;768x512;6,6392;1;0,996360203;48,30282793;0,961164159;;;;;
lighthouse2;2;0,130692455;5,67;262892;768x512;5,3485;2;0,995235923;47,11020963;1,264909336;;;;;
lighthouse2;3;0,125892895;5,47;221328;768x512;4,5029;3;0,993941625;46,12104428;1,588458719;;;;;
lighthouse2;4;0,122491127;5,35;193900;768x512;3,9449;4;0,99243346;45,26243774;1,93569348;;;;;
lighthouse2;5;0,119822182;5,22;171027;768x512;3,4795;5;0,990664737;44,41110083;2,354888117;;;;;
lighthouse2;6;0,117816537;5,34;154775;768x512;3,1489;6;0,988642641;43,68876781;2,78101659;;;;;
lighthouse2;7;0,114220259;5,05;140363;768x512;2,8556;7;0,986394107;42,96958963;3,281870177;;;;;
lighthouse2;8;0,110970422;4,89;128538;768x512;2,6151;8;0,984118289;42,35311502;3,78241223;;;;;
lighthouse2;9;0,108802097;4,82;117186;768x512;2,3841;9;0,981758619;41,7684522;4,32748071;;;;;
lighthouse2;10;0,102882284;4,63;108784;768x512;2,2132;10;0,979574581;41,29387234;4,827175926;;;;;
lighthouse2;11;0,098580485;4,39;101039;768x512;2,0556;11;0,977379997;40,84930273;5,347491319;;;;;
lighthouse2;12;0,095364728;4,29;93454;768x512;1,9013;12;0,975181986;40,39795451;5,93314429;;;;;
lighthouse2;13;0,093051973;4,16;87881;768x512;1,7879;13;0,97330853;40,02895829;6,459286265;;;;;
lighthouse2;14;0,091105909;4,1;83050;768x512;1,6896;14;0,971700804;39,71010222;6,951365741;;;;;
lighthouse2;15;0,089133975;4;78979;768x512;1,6068;15;0,969908715;39,37022526;7,517229938;;;;;
lighthouse2;16;0,088317772;4;74876;768x512;1,5233;16;0,968081436;39,02609692;8,13711902;;;;;
lighthouse2;17;0,08734404;3,91;71690;768x512;1,4585;17;0,966493942;38,72366298;8,723967978;;;;;
lighthouse2;18;0,086446229;3,91;68875;768x512;1,4012;18;0,964848747;38,43442346;9,324767554;;;;;
lighthouse2;19;0,085705797;3,81;66296;768x512;1,3487;19;0,963146447;38,1819688;9,882879051;;;;;
lighthouse2;20;0,084770605;3,86;63634;768x512;1,2946;20;0,961366781;37,86584691;10,62907986;;;;;
lighthouse2;21;0,083857923;3,8;61383;768x512;1,2488;21;0,959660461;37,62202897;11,24287712;;;;;
lighthouse2;22;0,083182451;3,91;59198;768x512;1,2043;22;0,957884263;37,36375598;11,93176698;;;;;
lighthouse2;23;0,0821346;3,7;57359;768x512;1,1669;23;0,956150217;37,14335849;12,55291281;;;;;
lighthouse2;24;0,081090367;3,69;54969;768x512;1,1183;24;0,954007874;36,85539521;13,41346065;;;;;
lighthouse2;25;0,079845454;3,63;51691;768x512;1,0516;25;0,950260764;36,42343873;14,81618827;;;;;
lighthouse;0;0,119982232;5,89;389976;480x720;9,0272;0;0,997917427;52,87708271;0,33525255;;;;;
lighthouse;1;0,10564218;5,09;281153;480x720;6,5081;1;0,995416028;48,03217289;1,022970412;;;;;
lighthouse;2;0,097092512;4,74;226283;480x720;5,238;2;0,994194955;46,99406526;1,299193488;;;;;
lighthouse;3;0,093697694;4,54;189019;480x720;4,3754;3;0,992765955;46,05795854;1,611701118;;;;;
lighthouse;4;0,092280672;4,55;166179;480x720;3,8467;4;0,99111734;45,23113835;1,949694316;;;;;
lighthouse;5;0,087586821;4,31;146786;480x720;3,3978;5;0,989097707;44,41213599;2,354326884;;;;;
lighthouse;6;0,0869794;4,28;132620;480x720;3,0699;6;0,98679871;43,69559568;2,77664778;;;;;
lighthouse;7;0,08232208;4,11;119141;480x720;2,7578;7;0,984456751;43,03470669;3,233029683;;;;;
lighthouse;8;0,079274103;3,91;108813;480x720;2,5188;8;0,981855247;42,45027576;3,698731316;;;;;
lighthouse;9;0,076612707;3,78;99124;480x720;2,2945;9;0,979075528;41,85456049;4,242524041;;;;;
lighthouse;10;0,074794993;3,73;91753;480x720;2,1239;10;0,976638533;41,38762379;4,724088033;;;;;
lighthouse;11;0,079592774;3,94;85438;480x720;1,9777;11;0,974090495;40,93247682;5,24605306;;;;;
lighthouse;12;0,070651354;3,54;79461;480x720;1,8393;12;0,971343797;40,45295109;5,858484056;;;;;
lighthouse;13;0,06874874;3,49;74789;480x720;1,7312;13;0,96931007;40,08659774;6,374125163;;;;;
lighthouse;14;0,067590648;3,49;70768;480x720;1,6381;14;0,967372555;39,75730393;6,876223246;;;;;
lighthouse;15;0,065748723;3,37;67109;480x720;1,5534;15;0,965878292;39,44602632;7,387163798;;;;;
lighthouse;16;0,065176803;3,31;63604;480x720;1,4723;16;0,964195234;39,07745968;8,0414505;;;;;
lighthouse;17;0,064417581;3,34;60826;480x720;1,408;17;0,9628035;38,78326878;8,605051676;;;;;
lighthouse;18;0,063292198;3,24;58321;480x720;1,35;18;0,961493595;38,51440207;9,154616462;;;;;
lighthouse;19;0,063078648;3,22;56039;480x720;1,2971;19;0,960346042;38,24489863;9,740707397;;;;;
lighthouse;20;0,062118275;3,21;53390;480x720;1,2358;20;0,958940558;37,95516005;10,41272397;;;;;
lighthouse;21;0,061340334;3,23;51558;480x720;1,1934;21;0,957751234;37,70355791;11,03378635;;;;;
lighthouse;22;0,060757323;3,18;49600;480x720;1,1481;22;0,956353251;37,43913845;11,72644891;;;;;
lighthouse;23;0,05992366;3,53;47890;480x720;1,1085;23;0,955228372;37,2169087;12,34211222;;;;;
lighthouse;24;0,05975354;2,87;45747;480x720;1,0589;24;0,95354068;36,92095255;13,21250322;;;;;
lighthouse;25;0,058670268;3,07;42718;480x720;0,9888;25;0,950830833;36,47416626;14,64413537;;;;;
manfishing;0;0,117321506;6,43;310803;634x438;8,9538;0;0,99917885;53,95743002;0,261419126;;;;;
manfishing;1;0,097652443;4,81;231184;634x438;6,6601;1;0,998077163;49,22240917;0,777748969;;;;;
manfishing;2;0,091950931;4,63;193777;634x438;5,5825;2;0,997452382;47,90388703;1,053638564;;;;;
manfishing;3;0,087631412;4,36;166908;634x438;4,8084;3;0,996797052;46,79548874;1,359976761;;;;;
manfishing;4;0,087893791;4,42;149050;634x438;4,2939;4;0,996037488;45,85413787;1,689143608;;;;;
manfishing;5;0,084824085;4,38;133354;634x438;3,8417;5;0,995193225;44,8935945;2,107273526;;;;;
manfishing;6;0,083294612;4,23;122072;634x438;3,5167;6;0,994320201;44,10166206;2,528798093;;;;;
manfishing;7;0,081022997;4,39;111223;634x438;3,2042;7;0,993285686;43,27669033;3,057815854;;;;;
manfishing;8;0,0823595;4,19;102898;634x438;2,9643;8;0,992233009;42,60561894;3,568769236;;;;;
manfishing;9;0,079908065;4,07;94700;634x438;2,7282;9;0,991094864;41,93864634;4,16117257;;;;;
manfishing;10;0,07775449;3,96;88233;634x438;2,5418;10;0,99005397;41,37491036;4,737937475;;;;;
manfishing;11;0,06858727;3,65;82878;634x438;2,3876;11;0,988912877;40,89729264;5,288726359;;;;;
manfishing;12;0,071629386;3,71;77363;634x438;2,2287;12;0,987715943;40,37099631;5,970087963;;;;;
manfishing;13;0,06876772;3,6;72922;634x438;2,1008;13;0,986468026;39,94340515;6,58779151;;;;;
manfishing;14;0,072164278;3,66;69170;634x438;1,9927;14;0,985508581;39,5651924;7,187223014;;;;;
manfishing;15;0,067611687;3,52;65497;634x438;1,8868;15;0,984323794;39,19429339;7,828003688;;;;;
manfishing;16;0,067043946;3,51;61747;634x438;1,7788;16;0,982937438;38,79361282;8,584580518;;;;;
manfishing;17;0,066639375;3,45;58926;634x438;1,6975;17;0,981773787;38,45484429;9,28102478;;;;;
manfishing;18;0,066237594;3,43;56238;634x438;1,6201;18;0,980513181;38,14887655;9,958471976;;;;;
manfishing;19;0,064836312;3,42;53808;634x438;1,5501;19;0,979437106;37,86819112;10,62334409;;;;;
manfishing;20;0,064585171;3,4;51217;634x438;1,4755;20;0,978029849;37,56794916;11,3837525;;;;;
manfishing;21;0,062560326;3,25;49255;634x438;1,4189;21;0,976646469;37,26527225;12,20543144;;;;;
manfishing;22;0,062241716;3,32;47363;634x438;1,3644;22;0,975381116;37,02233682;12,90763508;;;;;
manfishing;23;0,061575144;3,24;45570;634x438;1,3128;23;0,974221923;36,78139259;13,64398086;;;;;
manfishing;24;0,059949421;3,17;43422;634x438;1,2509;24;0,972613264;36,50232731;14,54948528;;;;;
manfishing;25;0,060494212;3,15;40513;634x438;1,1671;25;0,969874566;36,07490027;16,05426156;;;;;
manfishing;26;0,05960931;3,1;37892;634x438;1,0916;26;0,967361241;35,6770834;17,59430112;;;;;
manfishing;27;0,058290698;3,21;35699;634x438;1,0284;27;0,964782951;35,32876965;19,06353322;;;;;
manfishing;28;0,058419888;3,13;33595;634x438;0,9678;28;0,962259113;35,00828688;20,52351166;;;;;
manfishing;29;0,056835164;3,11;31824;634x438;0,9168;29;0,959380741;34,67160415;22,17787573;;;;;
manfishing;30;0,056171313;2,94;30376;634x438;0,875;30;0,957040209;34,39613371;23,6301778;;;;;
manfishing;31;0,054575649;2,93;28029;634x438;0,8074;31;0,952733945;33,95598748;26,1505973;;;;;
monarch;0;0,156222821;7,08;419699;768x512;8,5387;0;0,998057952;53,04447319;0,322576735;;;;;
monarch;1;0,137114109;6,13;283214;768x512;5,762;1;0,995418776;48,46381538;0,926187303;;;;;
monarch;2;0,125137813;5,57;224476;768x512;4,5669;2;0,993942705;47,23021142;1,230436537;;;;;
monarch;3;0,119433471;5,26;183451;768x512;3,7323;3;0,992312;46,1211327;1,588426378;;;;;
monarch;4;0,114143639;5,08;156378;768x512;3,1815;4;0,990419588;45,22581102;1,952087402;;;;;
monarch;5;0,110367631;5,04;133721;768x512;2,7205;5;0,988279963;44,34148842;2,392938402;;;;;
monarch;6;0,107124994;4,88;117812;768x512;2,3968;6;0,986013163;43,6372951;2,814173381;;;;;
monarch;7;0,106117491;4,47;103266;768x512;2,1009;7;0,983578946;42,981078;3,273200141;;;;;
monarch;8;0,102361263;4,79;92395;768x512;1,8797;8;0,981413484;42,44188704;3,705882602;;;;;
monarch;9;0,100390599;4,56;82753;768x512;1,6836;9;0,979416819;41,90317361;4,195299784;;;;;
monarch;10;0,097765224;4,42;75931;768x512;1,5448;10;0,977796994;41,5229719;4,57913208;;;;;
monarch;11;0,096461451;4,44;70582;768x512;1,4359;11;0,976427687;41,15838158;4,980147468;;;;;
monarch;12;0,094111535;4,31;65049;768x512;1,3234;12;0,975057533;40,748423;5,473158942;;;;;
monarch;13;0,092486852;4,3;61260;768x512;1,2463;13;0,974147501;40,44229306;5,872879028;;;;;
monarch;14;0,091053559;4,24;58278;768x512;1,1856;14;0,973515668;40,2145949;6,189005534;;;;;
monarch;15;0,089969746;4,12;55515;768x512;1,1294;15;0,972716775;39,93924546;6,594104343;;;;;
monarch;16;0,088961684;4,09;52493;768x512;1,0679;16;0,971816741;39,59433442;7,139156765;;;;;
monarch;17;0,087696201;4,05;50431;768x512;1,026;17;0,971212924;39,36361489;7,528680589;;;;;
monarch;18;0,08686849;4;48437;768x512;0,9854;18;0,970590505;39,14969074;7,908812629;;;;;
monarch;19;0,086145808;3,99;46705;768x512;0,9502;19;0,969886846;38,91317078;8,351476881;;;;;
monarch;20;0,085149136;3,9;44785;768x512;0,9111;20;0,969038065;38,63902663;8,895650228;;;;;
monarch;21;0,084285184;3,98;43362;768x512;0,8822;21;0,968437198;38,42284138;9,349668715;;;;;
monarch;22;0,083635903;3,98;41960;768x512;0,8536;22;0,967819166;38,24460006;9,741377089;;;;;
monarch;23;0,083043431;3,8;40514;768x512;0,8242;23;0,967250884;38,03516495;10,22265879;;;;;
monarch;24;0,08236708;3,8;39107;768x512;0,7956;24;0,96623471;37,77018526;10,86580319;;;;;
monarch;25;0,080758116;3,8;36924;768x512;0,7512;25;0,96515862;37,44340372;11,71493785;;;;;
monarch;26;0,079925634;3,72;35134;768x512;0,7148;26;0,963788316;37,08017507;12,73687405;;;;;
monarch;27;0,079217793;3,93;33406;768x512;0,6796;27;0,962459677;36,79040421;13,61569892;;;;;
monarch;28;0,07794004;3,69;31840;768x512;0,6477;28;0,961097779;36,46921597;14,66083696;;;;;
monarch;29;0,077182359;3,68;30303;768x512;0,6165;29;0,959806065;36,12984757;15,85242123;;;;;
monarch;30;0,075978616;3,61;29098;768x512;0,592;30;0,958663303;35,86675782;16,84242333;;;;;
monarch;31;0,075877606;3,52;27220;768x512;0,5537;31;0,956551128;35,46869567;18,45911153;;;;;
monarch;32;0,074845334;3,61;25509;768x512;0,5189;32;0,954690654;35,08293687;20,17375183;;;;;
monarch;33;0,074605093;3,52;24302;768x512;0,4944;33;0,953038307;34,74743136;21,79401398;;;;;
monarch;34;0,07348639;3,5;23053;768x512;0,469;34;0,951082555;34,39708435;23,62500593;;;;;
ocean;0;0,16069355;7,03;391694;768x512;7,969;0;0,998497384;53,5889698;0,284566243;;;;;
ocean;1;0,136828139;6,06;262867;768x512;5,348;1;0,996386573;48,80450368;0,856307983;;;;;
ocean;2;0,127486238;5,69;209471;768x512;4,2616;2;0,995159374;47,64816568;1,117541843;;;;;
ocean;3;0,121715546;5,48;174795;768x512;3,5562;3;0,993798308;46,67040744;1,399715;;;;;
ocean;4;0,117330936;5,21;151998;768x512;3,0924;4;0,992285358;45,86093001;1,68650394;;;;;
ocean;5;0,113398357;4,96;132875;768x512;2,7033;5;0,990594157;45,05231443;2,031650119;;;;;
ocean;6;0,109390199;4,96;119127;768x512;2,4236;6;0,988928371;44,3845922;2,369305929;;;;;
ocean;7;0,104582328;4,69;107343;768x512;2,1838;7;0,987196659;43,7639897;2,733262804;;;;;
ocean;8;0,100164218;4,61;98711;768x512;2,0082;8;0,985645061;43,22590266;3,093784756;;;;;
ocean;9;0,095705669;4,37;90936;768x512;1,85;9;0,984005543;42,72467123;3,472267999;;;;;
ocean;10;0,09177642;4,11;85001;768x512;1,7293;10;0,982477494;42,30450808;3,824983385;;;;;
ocean;11;0,088503533;3,99;79896;768x512;1,6254;11;0,980904382;41,87184797;4,225669861;;;;;
ocean;12;0,085264316;3,88;74691;768x512;1,5195;12;0,979153935;41,42950842;4,678746541;;;;;
ocean;13;0,08257544;3,73;70657;768x512;1,4375;13;0,977473726;41,06646225;5,086676704;;;;;
ocean;14;0,081669009;3,82;67197;768x512;1,3671;14;0,97586129;40,7251637;5,502549913;;;;;
ocean;15;0,080411936;3,65;63972;768x512;1,3015;15;0,974274951;40,40673723;5,921157837;;;;;
ocean;16;0,079793074;3,67;60388;768x512;1,2285;16;0,972285178;40,00587755;6,49370575;;;;;
ocean;17;0,078536221;3,54;57675;768x512;1,1734;17;0,970522563;39,69174203;6,980815464;;;;;
ocean;18;0,076801277;3,6;55173;768x512;1,1224;18;0,968703935;39,39480236;7,474809435;;;;;
ocean;19;0,076079156;3,54;52929;768x512;1,0768;19;0,966881724;39,12540608;7,953160604;;;;;
ocean;20;0,075609535;3,48;50476;768x512;1,0269;20;0,964934641;38,80773024;8,55672031;;;;;
ocean;21;0,074815913;3,51;48536;768x512;0,9874;21;0,963096219;38,56595689;9,046585083;;;;;
ocean;22;0,074931374;3,32;46721;768x512;0,9505;22;0,961235486;38,3154333;9,583784315;;;;;
ocean;23;0,07342566;3,68;44883;768x512;0,9131;23;0,959108989;38,05848294;10,16791874;;;;;
ocean;24;0,071437276;3,35;42726;768x512;0,8692;24;0,95664634;37,74713928;10,9236162;;;;;
ocean;25;0,069860853;3,34;39917;768x512;0,8121;25;0,952809511;37,31986834;12,05295478;;;;;
paintedhouse;0;0,158237825;7,28;474541;768x512;9,6545;0;0,998902787;53,375936;0,298873054;;;;;
paintedhouse;1;0,147561261;6,53;346948;768x512;7,0586;1;0,997545755;48,78976907;0,859218174;;;;;
paintedhouse;2;0,13785133;6,07;285620;768x512;5,8109;2;0,996760725;47,55888094;1,1407547;;;;;
paintedhouse;3;0,132047008;5,96;245128;768x512;4,9871;3;0,99589701;46,51694992;1,450057983;;;;;
paintedhouse;4;0,127456598;5,74;218720;768x512;4,4498;4;0,994992606;45,64255339;1,773474799;;;;;
paintedhouse;5;0,125512454;5,67;197133;768x512;4,0106;5;0,993930903;44,78726105;2,159505208;;;;;
paintedhouse;6;0,122726027;5,56;180745;768x512;3,6772;6;0,992838258;44,03669611;2,566910638;;;;;
paintedhouse;7;0,119419781;5,38;166377;768x512;3,3849;7;0,991675578;43,36599679;2,995578342;;;;;
paintedhouse;8;0,116872835;5,34;155279;768x512;3,1591;8;0,990488532;42,75598243;3,447324117;;;;;
paintedhouse;9;0,111155743;5,11;144949;768x512;2,9489;9;0,989194347;42,16960415;3,945662604;;;;;
paintedhouse;10;0,108901847;5;136721;768x512;2,7815;10;0,987993158;41,66193617;4,434929742;;;;;
paintedhouse;11;0,105852061;4,89;129421;768x512;2,633;11;0,986711664;41,17244781;4,964043511;;;;;
paintedhouse;12;0,102548973;5,1;122515;768x512;2,4925;12;0,985266328;40,64114106;5,610043844;;;;;
paintedhouse;13;0,100000248;4,76;116926;768x512;2,3788;13;0,983916163;40,23277478;6,163152059;;;;;
paintedhouse;14;0,099136906;4,57;111693;768x512;2,2723;14;0,982602733;39,84748953;6,734903971;;;;;
paintedhouse;15;0,10110283;4,89;106971;768x512;2,1763;15;0,981136038;39,46225821;7,359605577;;;;;
paintedhouse;16;0,095616628;4,4;101983;768x512;2,0748;16;0,979432298;39,03415701;8,122031318;;;;;
paintedhouse;17;0,094327216;4,39;97986;768x512;1,9935;17;0,978122446;38,68889735;8,794084337;;;;;
paintedhouse;18;0,093526524;4,28;94416;768x512;1,9208;18;0,976648811;38,37748281;9,4478302;;;;;
paintedhouse;19;0,093113863;4,35;91018;768x512;1,8517;19;0,975143866;38,0502181;10,18728722;;;;;
paintedhouse;20;0,093394884;4,39;87396;768x512;1,778;20;0,973433148;37,69664725;11,05135769;;;;;
paintedhouse;21;0,09154675;4,31;84591;768x512;1,721;21;0,971778804;37,41339162;11,79617479;;;;;
paintedhouse;22;0,090579587;4,15;81774;768x512;1,6636;22;0,97028194;37,14611901;12,54493629;;;;;
paintedhouse;23;0,089985006;4,19;78964;768x512;1,6065;23;0,968720456;36,86972711;13,36926863;;;;;
paintedhouse;24;0,089040634;4,11;75991;768x512;1,546;24;0,966615287;36,53621081;14,43641239;;;;;
paintedhouse;25;0,087524901;4,1;71640;768x512;1,4575;25;0,963409012;36,05990563;16,10978699;;;;;
paintedhouse;26;0,086424109;4,07;67531;768x512;1,3739;26;0,959889291;35,60919278;17,87150319;;;;;
paintedhouse;27;0,085253866;4,02;63872;768x512;1,2994;27;0,956598531;35,19918534;19,64092;;;;;
paintedhouse;28;0,083883433;3,92;60478;768x512;1,2304;28;0,953021667;34,79101258;21,57640584;;;;;
parrots;0;0,145129507;6,83;382183;768x512;7,7755;0;0,997338288;52,78308482;0,342587789;;;;;
parrots;1;0,117822177;5,29;250216;768x512;5,0906;1;0,994342726;48,38405533;0,943354289;;;;;
parrots;2;0,105835891;4,78;190305;768x512;3,8717;2;0,992680602;47,25541486;1,223316616;;;;;
parrots;3;0,100893;4,48;152041;768x512;3,0932;3;0,990711763;46,30221888;1,523556179;;;;;
parrots;4;0,095433158;4,34;127954;768x512;2,6032;4;0,988538572;45,47824237;1,84185791;;;;;
parrots;5;0,09142963;4,17;107562;768x512;2,1883;5;0,986019438;44,68996895;2,208429125;;;;;
parrots;6;0,088218793;4,04;92902;768x512;1,89;6;0,983395277;44,02521588;2,573705037;;;;;
parrots;7;0,085605927;4,02;79778;768x512;1,623;7;0,980603992;43,42140541;2,957602607;;;;;
parrots;8;0,083306011;3,88;70710;768x512;1,4385;8;0,978245044;42,92766126;3,313707987;;;;;
parrots;9;0,083160321;3,85;62398;768x512;1,2694;9;0,975800218;42,4519921;3,697269864;;;;;
parrots;10;0,07797886;3,65;56466;768x512;1,1488;10;0,973838993;42,07942108;4,028452555;;;;;
parrots;11;0,076182326;3,54;51787;768x512;1,0536;11;0,972088683;41,74121794;4,354703267;;;;;
parrots;12;0,074516183;3,48;47275;768x512;0,9618;12;0,970228165;41,37641688;4,736294217;;;;;
parrots;13;0,072944399;3,43;44043;768x512;0,896;13;0,968755058;41,08290253;5,067457411;;;;;
parrots;14;0,071098935;3,39;41377;768x512;0,8418;14;0,967452456;40,85659379;5,338521322;;;;;
parrots;15;0,070375344;3,37;38942;768x512;0,7922;15;0,966024137;40,59901823;5,664721171;;;;;
parrots;16;0,069230061;3,24;36629;768x512;0,7452;16;0,964671635;40,33221528;6,02363756;;;;;
parrots;17;0,0686785;3,26;34756;768x512;0,7071;17;0,963493245;40,10563307;6,346248203;;;;;
parrots;18;0,067383637;3,2;33066;768x512;0,6727;18;0,962293534;39,89389034;6,663330078;;;;;
parrots;19;0,066581105;3,12;31473;768x512;0,6403;19;0,961026654;39,68523584;6,991281297;;;;;
parrots;20;0,065932904;3,17;30018;768x512;0,6107;20;0,959666362;39,45406703;7,373499552;;;;;
parrots;21;0,065149682;3,1;28926;768x512;0,5885;21;0,958626517;39,26937257;7,693839179;;;;;
parrots;22;0,064835491;3,21;27720;768x512;0,5639;22;0,95741542;39,09438353;8,010175069;;;;;
parrots;23;0,064376761;3,1;26673;768x512;0,5426;23;0,956303462;38,92205504;8,334409926;;;;;
parrots;24;0,063539428;3,07;25406;768x512;0,5168;24;0,954879043;38,69035195;8,791139391;;;;;
parrots;25;0,062417456;3;23729;768x512;0,4827;25;0,952768865;38,37672731;9,449473911;;;;;
parrots;26;0,061671465;2,99;22213;768x512;0,4519;26;0,95039488;38,08088215;10,11561161;;;;;
plane;0;0,241256466;10,8;386290;768x512;7,859;0;0,998471416;53,65564104;0,280231052;;;;;
plane;1;0,198114293;8,34;278403;768x512;5,6641;1;0,995802324;48,84248196;0,84885237;;;;;
plane;2;0,177192097;7,21;220175;768x512;4,4794;2;0,994934561;47,80125521;1,078834534;;;;;
plane;3;0,156514571;6,55;182161;768x512;3,706;3;0,993873227;46,81245694;1,354673598;;;;;
plane;4;0,141353199;5,97;158481;768x512;3,2243;4;0,992435937;45,88444502;1,677396986;;;;;
plane;5;0,131560857;5,97;138934;768x512;2,8266;5;0,990740774;44,97177313;2,06967926;;;;;
plane;6;0,125959475;5,43;124548;768x512;2,5339;6;0,988969726;44,21089971;2,465984768;;;;;
plane;7;0,120206172;5,16;111393;768x512;2,2662;7;0,986858432;43,47408144;2,921946208;;;;;
plane;8;0,118399659;5,12;101585;768x512;2,0667;8;0,985030871;42,87639423;3,353057014;;;;;
plane;9;0,110925122;4,79;91807;768x512;1,8678;9;0,982822361;42,27822289;3,848203871;;;;;
plane;10;0,107326404;4,63;85799;768x512;1,7455;10;0,981282276;41,87364483;4,223921882;;;;;
plane;11;0,104729338;4,61;80608;768x512;1,6399;11;0,979740139;41,48643052;4,617823283;;;;;
plane;12;0,099652648;4,44;75843;768x512;1,543;12;0,978207976;41,11342928;5,031962925;;;;;
plane;13;0,098048274;4,27;72332;768x512;1,4715;13;0,977043664;40,80036965;5,408083598;;;;;
plane;14;0,09647422;4,25;69720;768x512;1,4184;14;0,976221498;40,58826125;5,67876943;;;;;
plane;15;0,094373056;4,14;67683;768x512;1,377;15;0,975458807;40,38523525;5,950546265;;;;;
plane;16;0,091922171;4,03;65489;768x512;1,3323;16;0,974579111;40,12913789;6,311993917;;;;;
plane;17;0,091162549;4,03;63794;768x512;1,2978;17;0,974041085;39,95761191;6,56627655;;;;;
plane;18;0,089899186;3,94;62682;768x512;1,2752;18;0,973568484;39,80467478;6,801628113;;;;;
plane;19;0,088935244;3,9;61387;768x512;1,2489;19;0,973009298;39,63324028;7,075486925;;;;;
plane;20;0,08686885;3,83;59960;768x512;1,2198;20;0,972502091;39,47643909;7,335613675;;;;;
plane;21;0,085882317;3,89;58612;768x512;1,1924;21;0,971930015;39,31869768;7,606950548;;;;;
plane;22;0,085795997;3,89;57775;768x512;1,1754;22;0,971524842;39,23594192;7,753292508;;;;;
plane;23;0,084559075;3,77;56592;768x512;1,1513;23;0,971012108;39,09820089;8,003137377;;;;;
plane;24;0,083863573;3,75;55162;768x512;1,1222;24;0,970348521;38,91240116;8,352956984;;;;;
plane;25;0,081927798;3,67;53580;768x512;1,09;25;0,969393585;38,68642263;8,799096849;;;;;
plane;26;0,081014247;3,61;51546;768x512;1,0487;26;0,967864854;38,43894858;9,315056695;;;;;
plane;27;0,079753844;3,58;49650;768x512;1,0101;27;0,96629148;38,1958283;9,851390415;;;;;
plane;28;0,078883632;3,5;48514;768x512;0,987;28;0,965253006;38,01155455;10,27838559;;;;;
plane;29;0,078464221;3,48;46797;768x512;0,952;29;0,963626601;37,77904293;10,84366438;;;;;
plane;30;0,076705968;3,44;45187;768x512;0,9193;30;0,961715016;37,52733179;11,49071842;;;;;
plane;31;0,075000634;3,42;42490;768x512;0,8644;31;0,958913131;37,16619672;12,48707411;;;;;
plane;32;0,074446443;3,42;40463;768x512;0,8232;32;0,956157989;36,79724616;13,59426541;;;;;
plane;33;0,073012509;3,31;38328;768x512;0,7797;33;0,952528851;36,42398614;14,81432088;;;;;
rapids;0;0,161937323;7,4;489731;768x512;9,9636;0;0,999057121;53,1782997;0,312788222;;;;;
rapids;1;0,16058987;7,12;356074;768x512;7,2443;1;0,997919587;48,63824698;0,889724731;;;;;
rapids;2;0,149698966;6,74;293595;768x512;5,9732;2;0,997231362;47,42192776;1,177301195;;;;;
rapids;3;0,144587506;6,52;253206;768x512;5,1514;3;0,996497035;46,42112768;1,482407464;;;;;
rapids;4;0,141298419;6,39;227718;768x512;4,6329;4;0,99562217;45,57307738;1,802074009;;;;;
rapids;5;0,139062914;6,19;205741;768x512;4,1858;5;0,994589723;44,71530014;2,195585463;;;;;
rapids;6;0,135479096;6,07;189652;768x512;3,8584;6;0,993472171;43,96967198;2,606832716;;;;;
rapids;7;0,133184581;5,97;174953;768x512;3,5594;7;0,992187204;43,29396853;3,045674642;;;;;
rapids;8;0,12848772;5,86;163541;768x512;3,3272;8;0,990844005;42,66786688;3,517982483;;;;;
rapids;9;0,124923883;5,65;152566;768x512;3,1039;9;0,98932451;42,03896577;4,066153632;;;;;
rapids;10;0,121407575;5,45;144075;768x512;2,9312;10;0,987800116;41,51834983;4,584008111;;;;;
rapids;11;0,117992538;5,3;136458;768x512;2,7762;11;0,986214508;41,00766459;5,156011793;;;;;
rapids;12;0,114290509;5,09;128671;768x512;2,6178;12;0,98437098;40,46553635;5,841531542;;;;;
rapids;13;0,112470195;5,19;122762;768x512;2,4975;13;0,982678548;40,04146426;6,440712823;;;;;
rapids;14;0,110430401;4,97;117201;768x512;2,3844;14;0,980932597;39,64672359;7,053554111;;;;;
rapids;15;0,109108528;4,96;111976;768x512;2,2781;15;0,979081517;39,25043678;7,72745853;;;;;
rapids;16;0,107679985;4,94;106778;768x512;2,1724;16;0,977123159;38,84523125;8,483151754;;;;;
rapids;17;0,106048341;5,03;102365;768x512;2,0826;17;0,975127955;38,47918151;9,229160733;;;;;
rapids;18;0,10528156;4,8;98359;768x512;2,0011;18;0,973164773;38,14358526;9,97061242;;;;;
rapids;19;0,105024719;4,81;94695;768x512;1,9265;19;0,971236002;37,82458682;10,7305425;;;;;
rapids;20;0,103443586;4,71;90845;768x512;1,8482;20;0,968923365;37,48530336;11,60245853;;;;;
rapids;21;0,102592824;4,69;87466;768x512;1,7795;21;0,966873926;37,18226366;12,4409629;;;;;
rapids;22;0,101235661;4,7;84393;768x512;1,7169;22;0,964756476;36,90568058;13,25904677;;;;;
rapids;23;0,100145389;4,6;81623;768x512;1,6606;23;0,962681143;36,64209198;14,08870782;;;;;
rapids;24;0,099616037;4,56;78376;768x512;1,5945;24;0,960037822;36,3181559;15,17975532;;;;;
rapids;25;0,098084294;4,58;73370;768x512;1,4927;25;0,955551537;35,83320589;16,97304535;;;;;
rapids;26;0,096449581;4,41;68981;768x512;1,4034;26;0,950833101;35,3806867;18,83699799;;;;;
sailing1;0;0,162808846;7,42;447863;768x512;9,1117;0;0,998761606;52,98449186;0,327062819;;;;;
sailing1;1;0,147691682;6,51;315787;768x512;6,4247;1;0,997203502;48,53855609;0,910384284;;;;;
sailing1;2;0,139395184;6,18;256834;768x512;5,2253;2;0,996392636;47,4074203;1,181240506;;;;;
sailing1;3;0,136357957;6,07;218007;768x512;4,4353;3;0,99542473;46,4219647;1,482121785;;;;;
sailing1;4;0,132396489;5,9;193971;768x512;3,9463;4;0,99435169;45,59777327;1,791855706;;;;;
sailing1;5;0,129513073;5,75;173235;768x512;3,5244;5;0,993054866;44,77235078;2,166932;;;;;
sailing1;6;0,125904435;5,65;158460;768x512;3,2238;6;0,991739146;44,06513241;2,550158183;;;;;
sailing1;7;0,122617178;5,59;144906;768x512;2,9481;7;0,990277633;43,40798256;2,96675788;;;;;
sailing1;8;0,119;5,38;134832;768x512;2,7431;8;0,988874534;42,82876614;3,390031603;;;;;
sailing1;9;0,113312478;5,11;125120;768x512;2,5455;9;0,987404846;42,26760985;3,857619392;;;;;
sailing1;10;0,109434499;4,96;117751;768x512;2,3956;10;0,986075705;41,79089558;4,305174934;;;;;
sailing1;11;0,104648268;4,75;111322;768x512;2,2648;11;0,984625752;41,33208627;4,784887526;;;;;
sailing1;12;0,10101346;4,74;105017;768x512;2,1365;12;0,983146109;40,85704414;5,337967767;;;;;
sailing1;13;0,099017676;4,5;99896;768x512;2,0323;13;0,98176392;40,45317606;5,858180576;;;;;
sailing1;14;0,097499032;4,41;95302;768x512;1,9389;14;0,98028929;40,06195549;6,410395304;;;;;
sailing1;15;0,09594775;4,35;91178;768x512;1,855;15;0,978860943;39,71883892;6,937395732;;;;;
sailing1;16;0,095465808;4,4;86937;768x512;1,7687;16;0,977132253;39,30510867;7,630789863;;;;;
sailing1;17;0,093888375;4,24;83489;768x512;1,6985;17;0,975600729;38,96450046;8,253351;;;;;
sailing1;18;0,09184678;4,21;80436;768x512;1,6364;18;0,974074324;38,66989586;8,832644992;;;;;
sailing1;19;0,091415359;4,19;77379;768x512;1,5742;19;0,972404327;38,36376426;9,47772132;;;;;
sailing1;20;0,090992448;4,11;74223;768x512;1,51;20;0,970634727;38,02010244;10,25817532;;;;;
sailing1;21;0,091248429;4,22;71576;768x512;1,4562;21;0,968939124;37,72978036;10,96736569;;;;;
sailing1;22;0,092738252;4,6;69271;768x512;1,4093;22;0,967264524;37,4797689;11,61725362;;;;;
sailing1;23;0,089391155;4,29;67041;768x512;1,3639;23;0,965465194;37,22561653;12,31739044;;;;;
sailing1;24;0,088577454;4,18;64352;768x512;1,3092;24;0,963427703;36,91940831;13,21720208;;;;;
sailing1;25;0,08735432;3,99;60446;768x512;1,2297;25;0,960022534;36,44202762;14,7529068;;;;;
sailing1;26;0,084321064;3,92;56819;768x512;1,1559;26;0,956413718;36,02614877;16,23549313;;;;;
sailing1;27;0,083663423;3,91;53728;768x512;1,093;27;0,95276066;35,62784192;17,79492527;;;;;
sailing2;0;0,116504904;5,86;343516;480x720;7,9517;0;0,997771358;53,87201173;0,26661169;;;;;
sailing2;1;0,095096377;4,58;236498;480x720;5,4744;1;0,994685172;48,46096252;0,92679591;;;;;
sailing2;2;0,087803531;4,7;185884;480x720;4,3028;2;0,993026052;47,23348966;1,229508102;;;;;
sailing2;3;0,083086532;4,06;151091;480x720;3,4974;3;0,991141757;46,24180346;1,544898727;;;;;
sailing2;4;0,081971299;3,67;129063;480x720;2,9875;4;0,988972731;45,39585427;1,877132523;;;;;
sailing2;5;0,078385651;4,11;111125;480x720;2,5723;5;0,986315383;44,53988523;2,286082176;;;;;
sailing2;6;0,074934254;3,66;98134;480x720;2,2716;6;0,983200129;43,79065902;2,716529707;;;;;
sailing2;7;0,072429778;3,58;85919;480x720;1,9888;7;0,979765437;43,07797147;3,200981867;;;;;
sailing2;8;0,070398034;3,45;76602;480x720;1,7731;8;0,976213144;42,46857875;3,683176119;;;;;
sailing2;9;0,06886071;3,67;67464;480x720;1,5616;9;0,972356581;41,93229881;4,167258873;;;;;
sailing2;10;0,066604485;3,33;60843;480x720;1,4084;10;0,968869292;41,48202625;4,622508681;;;;;
sailing2;11;0,064875022;3,24;54884;480x720;1,2704;11;0,965364142;41,09008081;5,059088542;;;;;
sailing2;12;0,061654735;3,02;49325;480x720;1,1417;12;0,961917327;40,67389515;5,567892554;;;;;
sailing2;13;0,062165636;3,18;45132;480x720;1,0447;13;0,959328976;40,37167428;5,969156057;;;;;
sailing2;14;0,059163819;2,95;41821;480x720;0,968;14;0,956971452;40,08941389;6,369993248;;;;;
sailing2;15;0,059403039;3,03;38957;480x720;0,9017;15;0,955174907;39,83248748;6,758208912;;;;;
sailing2;16;0,057471065;2,87;36232;480x720;0,8387;16;0,953249499;39,54441066;7,221697531;;;;;
sailing2;17;0,062300816;3,18;34426;480x720;0,7968;17;0,952019181;39,33380265;7,580539159;;;;;
sailing2;18;0,056770484;2,92;32724;480x720;0,7575;18;0,950954132;39,12626672;7,951584684;;;;;
sailing3;0;0,127784998;7,29;353941;480x720;8,193;0;0,998117987;53,76671366;0,2731549;;;;;
sailing3;1;0,105113079;5,24;246528;480x720;5,7066;1;0,995604114;48,5272907;0,912748843;;;;;
sailing3;2;0,095055347;5,12;193845;480x720;4,4871;2;0,994209904;47,2890315;1,213884066;;;;;
sailing3;3;0,092057321;5,23;158819;480x720;3,6763;3;0,992638736;46,30343439;1,523129823;;;;;
sailing3;4;0,089933016;5,15;137167;480x720;3,1751;4;0,990794529;45,43289153;1,86119213;;;;;
sailing3;5;0,086570469;4,6;119253;480x720;2,7604;5;0,988516027;44,57998285;2,265072338;;;;;
sailing3;6;0,087303971;4,38;105574;480x720;2,4438;6;0,985914538;43,82889958;2,692715085;;;;;
sailing3;7;0,07796917;4,05;92880;480x720;2,15;7;0,982891735;43,09463305;3,188724923;;;;;
sailing3;8;0,076686188;3,95;83590;480x720;1,9349;8;0,97987545;42,5207243;3,639216821;;;;;
sailing3;9;0,075667045;4,11;74393;480x720;1,722;9;0,976553799;41,96132029;4,139504244;;;;;
sailing3;10;0,074811193;3,93;67566;480x720;1,564;10;0,973611672;41,50123425;4,602109375;;;;;
sailing3;11;0,074188022;3,87;62019;480x720;1,4356;11;0,970777166;41,10009593;5,047435378;;;;;
sailing3;12;0,068105429;3,58;56126;480x720;1,2992;12;0,96778589;40,65280495;5,594997106;;;;;
sailing3;13;0,066222995;3,44;52123;480x720;1,2065;13;0,965317591;40,3384257;6,0150299;;;;;
sailing3;14;0,071407166;4,52;48762;480x720;1,1287;14;0,96315413;40,05383031;6,422399691;;;;;
sailing3;15;0,066870996;3,56;45723;480x720;1,0584;15;0,961110816;39,76935252;6,857173032;;;;;
sailing3;16;0,065302113;3,47;42841;480x720;0,9916;16;0,958826848;39,44867316;7,382663002;;;;;
sailing3;17;0,062843017;3,29;40728;480x720;0,9427;17;0,957015222;39,20429112;7,810003858;;;;;
sailing3;18;0,062376616;3,3;38867;480x720;0,8996;18;0,955401094;38,99591006;8,193875386;;;;;
sailing3;19;0,061635054;3,28;37035;480x720;0,8572;19;0,953960703;38,77217484;8,62706115;;;;;
sailing3;20;0,060739763;3,19;35357;480x720;0,8184;20;0,952149639;38,5393693;9,10213831;;;;;
sailing3;21;0,061927295;3,57;33864;480x720;0,7838;21;0,950344465;38,33300479;9,545086806;;;;;
sailing4;0;0,156800812;8,2;426006;768x512;8,6671;0;0,998568518;53,56376332;0,28622267;;;;;
sailing4;1;0,141002687;6,86;299961;768x512;6,1027;1;0,996818951;48,79068182;0,859037611;;;;;
sailing4;2;0,13280723;6,1;244256;768x512;4,9694;2;0,99585622;47,58080763;1,135009766;;;;;
sailing4;3;0,127454058;5,9;207210;768x512;4,2156;3;0,994736007;46,55907854;1,43605974;;;;;
sailing4;4;0,12381448;5,74;183328;768x512;3,7298;4;0,993485257;45,72450405;1,740323385;;;;;
sailing4;5;0,121233574;5,55;163225;768x512;3,3208;5;0,9920923;44,89134136;2,108367072;;;;;
sailing4;6;0,118111138;5,48;148345;768x512;3,018;6;0,990641457;44,17368098;2,487208896;;;;;
sailing4;7;0,115830993;5,36;135686;768x512;2,7605;7;0,989101077;43,52053456;2,890858968;;;;;
sailing4;8;0,111273713;5,22;125762;768x512;2,5586;8;0,987665618;42,94485702;3,300613403;;;;;
sailing4;9;0,107154054;5,08;116542;768x512;2,371;9;0,985959975;42,37431536;3,763993157;;;;;
sailing4;10;0,104819359;4,97;109533;768x512;2,2284;10;0,984377343;41,89958068;4,198772007;;;;;
sailing4;11;0,101620372;4,75;103213;768x512;2,0998;11;0,982621675;41,41568783;4,693659465;;;;;
sailing4;12;0,098504065;4,53;97012;768x512;1,9737;12;0,980722421;40,91706021;5,264708625;;;;;
sailing4;13;0,09616033;4,46;92002;768x512;1,8717;13;0,978935774;40,51483635;5,775594923;;;;;
sailing4;14;0,094413316;4,34;87371;768x512;1,7775;14;0,977022425;40,13618068;6,30176629;;;;;
sailing4;15;0,093556704;4,46;83176;768x512;1,6922;15;0,975134808;39,76302903;6,867164612;;;;;
sailing4;16;0,092098331;4,28;78921;768x512;1,6056;16;0,972893593;39,35691385;7,540306091;;;;;
sailing4;17;0,089397695;4,2;75665;768x512;1,5394;17;0,970925708;39,04266344;8,106138441;;;;;
sailing4;18;0,090148107;4,63;72437;768x512;1,4737;18;0,968941035;38,7253384;8,720603095;;;;;
sailing4;19;0,097142002;4,62;69519;768x512;1,4143;19;0,966737722;38,42303275;9,349256727;;;;;
sailing4;20;0,091926601;4,43;66356;768x512;1,35;20;0,964311059;38,08780851;10,09949154;;;;;
sailing4;21;0,086369338;3,97;63798;768x512;1,2979;21;0,962096449;37,81194755;10,76181708;;;;;
sailing4;22;0,085858007;4,13;61517;768x512;1,2515;22;0,960074495;37,55277531;11,42359585;;;;;
sailing4;23;0,088420363;4,19;59262;768x512;1,2056;23;0,957792572;37,30590888;12,09175873;;;;;
sailing4;24;0,083602243;3,88;56608;768x512;1,1516;24;0,955039218;36,98991187;13,00436571;;;;;
sailing4;25;0,08270281;3,91;52965;768x512;1,0775;25;0,950619453;36,5353367;14,43931834;;;;;
statue;0;0,110893921;5,66;359835;480x720;8,3295;0;0,998234495;53,54419201;0,287515432;;;;;
statue;1;0,099532447;4,86;250823;480x720;5,806;1;0,996254931;48,64709568;0,887913773;;;;;
statue;2;0,092199252;4,55;198834;480x720;4,6026;2;0,995084112;47,40590693;1,181652199;;;;;
statue;3;0,087945852;4,35;164876;480x720;3,8165;3;0,993733899;46,41826921;1,483383488;;;;;
statue;4;0,085061235;4,23;143733;480x720;3,3271;4;0,992104727;45,55735629;1,808609182;;;;;
statue;5;0,082073419;4,08;125661;480x720;2,9088;5;0,99016027;44,71692784;2,194762731;;;;;
statue;6;0,079963894;3,92;112448;480x720;2,6029;6;0,988111129;43,99122048;2,593930363;;;;;
statue;7;0,079973565;4,14;100613;480x720;2,329;7;0,985841651;43,32492368;3,02404321;;;;;
statue;8;0,075791856;3,78;91499;480x720;2,118;8;0,983683391;42,73378693;3,464987461;;;;;
statue;9;0,074376573;3,81;83006;480x720;1,9214;9;0,981420085;42,21391857;3,905606674;;;;;
statue;10;0,071494796;3,67;76512;480x720;1,7711;10;0,979373493;41,76491287;4,331008873;;;;;
statue;11;0,070853734;3,8;71280;480x720;1,65;11;0,977501553;41,35315741;4,761728395;;;;;
statue;12;0,067404737;3,45;65933;480x720;1,5262;12;0,975412126;40,90051697;5,284801312;;;;;
statue;13;0,06867164;3,53;62175;480x720;1,4392;13;0,973768328;40,56716353;5,706423611;;;;;
statue;14;0,065447102;3,39;58572;480x720;1,3558;14;0,97203782;40,24188626;6,15023534;;;;;
statue;15;0,065223673;3,39;55541;480x720;1,2856;15;0,970333026;39,93718867;6,597228009;;;;;
statue;16;0,06401352;3,3;52374;480x720;1,2123;16;0,968346415;39,57615774;7,169099151;;;;;
statue;17;0,066750516;3,34;49890;480x720;1,1548;17;0,966585476;39,28735185;7,662053434;;;;;
statue;18;0,062270406;3,2;47817;480x720;1,1068;18;0,965181613;39,04205183;8,107280093;;;;;
statue;19;0,062061045;3,22;45711;480x720;1,0581;19;0,963405475;38,79032098;8,591089892;;;;;
statue;20;0,060870493;3,18;43423;480x720;1,0051;20;0,961380535;38,48389013;9,219159915;;;;;
statue;21;0,061450014;3,39;41700;480x720;0,9652;21;0,959691172;38,22097859;9,794505208;;;;;
statue;22;0,060379172;3,12;40232;480x720;0,9312;22;0,958206021;38,02619632;10,24379147;;;;;
statue;23;0,059823761;3,11;38553;480x720;0,8924;23;0,956258507;37,79287683;10,80917824;;;;;
statue;24;0,059284799;3,03;36739;480x720;0,8504;24;0,954136619;37,49858561;11,56702836;;;;;
statue;25;0,058004377;3,01;34349;480x720;0,7951;25;0,950976268;37,12254074;12,61322917;;;;;
stream;0;0,160618431;8,11;581661;768x512;11,8339;0;0,999460139;52,56481677;0,360245599;;;;;
stream;1;0,166928314;7,57;448492;768x512;9,1245;1;0,998961335;48,36129252;0,9483117;;;;;
stream;2;0,157187002;7,11;378432;768x512;7,6992;2;0,998659015;47,13996608;1,25627221;;;;;
stream;3;0,156052151;7,56;331800;768x512;6,7504;3;0,998314055;46,09732074;1,597159492;;;;;
stream;4;0,151654441;6,84;301497;768x512;6,1339;4;0,997922722;45,22612599;1,951945835;;;;;
stream;5;0,150639468;6,94;275900;768x512;5,6131;5;0,997457246;44,35698266;2,384416368;;;;;
stream;6;0,148483494;6,76;256949;768x512;5,2276;6;0,996936513;43,59768414;2,839958191;;;;;
stream;7;0,143959984;6,53;239601;768x512;4,8746;7;0,99631581;42,92688807;3,314297994;;;;;
stream;8;0,138981263;6,31;226025;768x512;4,5984;8;0,99564025;42,2912909;3,836641947;;;;;
stream;9;0,136189638;6,27;212963;768x512;4,3327;9;0,994844533;41,644607;4,452661302;;;;;
stream;10;0,131162867;6,01;202624;768x512;4,1223;10;0,994053951;41,11953468;5,024893867;;;;;
stream;11;0,126174535;5,72;193442;768x512;3,9355;11;0,99318148;40,58774005;5,679450989;;;;;
stream;12;0,121731906;5,58;184495;768x512;3,7535;12;0,992233128;40,05192239;6,425221761;;;;;
stream;13;0,116580705;5,28;177208;768x512;3,6053;13;0,991286673;39,60828237;7,116265191;;;;;
stream;14;0,116035204;5,3;170556;768x512;3,4699;14;0,990289931;39,20473163;7,809211731;;;;;
stream;15;0,114268729;5,35;164422;768x512;3,3451;15;0,989248748;38,7862347;8,599177043;;;;;
stream;16;0,112374345;5,16;158278;768x512;3,2201;16;0,988056804;38,37224254;9,459236993;;;;;
stream;17;0,112291395;5,24;153187;768x512;3,1165;17;0,986960083;38,01297427;10,27502611;;;;;
stream;18;0,109732759;5,11;148302;768x512;3,0172;18;0,985729307;37,66618052;11,12915802;;;;;
stream;19;0,111096073;5,13;143811;768x512;2,9258;19;0,98442497;37,32114377;12,04941559;;;;;
stream;20;0,108458627;4,96;139270;768x512;2,8334;20;0,983070492;36,96780222;13,0707389;;;;;
stream;21;0,107674875;5,03;135334;768x512;2,7533;21;0,981739029;36,65887111;14,03438059;;;;;
stream;22;0,106134852;5,04;131482;768x512;2,675;22;0,980290586;36,36537119;15,01561907;;;;;
stream;23;0,105022979;4,87;127978;768x512;2,6037;23;0,978772332;36,06919705;16,07535807;;;;;
stream;24;0,103558066;4,81;123621;768x512;2,515;24;0,976881978;35,71486494;17,44190301;;;;;
stream;25;0,102906484;4,74;117395;768x512;2,3884;25;0,973713682;35,18551601;19,70283678;;;;;
stream;26;0,101414121;4,73;111604;768x512;2,2705;26;0,970200833;34,69504758;22,058481;;;;;
stream;27;0,100324019;4,65;106512;768x512;2,1669;27;0,966769515;34,24640888;24,45904371;;;;;
stream;28;0,099149936;4,57;101648;768x512;2,068;28;0,963026833;33,81707584;27,00056034;;;;;
stream;29;0,097108902;4,54;97089;768x512;1,9752;29;0,959096684;33,39950915;29,72551897;;;;;
stream;30;0,096715001;4,48;93061;768x512;1,8933;30;0,955205502;33,03105733;32,35747528;;;;;
studentsculpture;0;0,151402971;6,92;502451;632x505;12,5943;0;0,99959674;53,36049832;0,299937336;;;;;
studentsculpture;1;0,148482404;6,73;394673;632x505;9,8927;1;0,999168125;48,67138582;0,882961524;;;;;
studentsculpture;2;0,142562061;6,64;341175;632x505;8,5518;2;0,998891399;47,311726;1,207557338;;;;;
studentsculpture;3;0,137414559;6,26;301131;632x505;7,548;3;0,99860207;46,16916903;1,570953962;;;;;
studentsculpture;4;0,135220495;6,1;274766;632x505;6,8872;4;0,998270395;45,2048211;1,961544889;;;;;
studentsculpture;5;0,134456284;6,03;251426;632x505;6,3021;5;0,997869855;44,24427218;2,447108034;;;;;
studentsculpture;6;0,134086642;6,04;234373;632x505;5,8747;6;0,99741641;43,38895818;2,979782345;;;;;
studentsculpture;7;0,13265083;6,13;217997;632x505;5,4642;7;0,996866621;42,53155293;3,630154155;;;;;
studentsculpture;8;0,129173742;5,84;205192;632x505;5,1433;8;0,996304997;41,83132633;4,265281781;;;;;
studentsculpture;9;0,125861695;5,69;192556;632x505;4,8265;9;0,995605407;41,11035918;5,035521369;;;;;
studentsculpture;10;0,122685027;5,63;182465;632x505;4,5736;10;0,994971756;40,52428297;5,763045703;;;;;
studentsculpture;11;0,120803474;5,47;173752;632x505;4,3552;11;0,994256984;39,98744743;6,521321594;;;;;
studentsculpture;12;0,115283111;5,33;164922;632x505;4,1339;12;0,993446251;39,42346763;7,425635;;;;;
studentsculpture;13;0,113077816;5,25;157910;632x505;3,9581;13;0,992628243;38,94256785;8,295137235;;;;;
studentsculpture;14;0,109451559;5,01;151505;632x505;3,7975;14;0,991826442;38,51873221;9,145493378;;;;;
studentsculpture;15;0,108359146;5,03;145590;632x505;3,6493;15;0,990976931;38,09713048;10,07783661;;;;;
studentsculpture;16;0,106928234;4,89;139704;632x505;3,5017;16;0,989989496;37,66249945;11,13859506;;;;;
studentsculpture;17;0,10523565;4,92;134601;632x505;3,3738;17;0,989112905;37,29006485;12,13595271;;;;;
studentsculpture;18;0,105762091;4,93;129690;632x505;3,2507;18;0,988142954;36,93199965;13,17893742;;;;;
studentsculpture;19;0,103552477;4,74;125275;632x505;3,1401;19;0,9871739;36,5985399;14,23070351;;;;;
studentsculpture;20;0,105461241;5,22;120781;632x505;3,0274;20;0,986074192;36,24867362;15,42456761;;;;;
studentsculpture;21;0,101424262;4,76;117138;632x505;2,9361;21;0,984994609;35,95047162;16,52088085;;;;;
studentsculpture;22;0,099665918;4,66;113660;632x505;2,8489;22;0,984021021;35,6703254;17,62170071;;;;;
studentsculpture;23;0,099466257;4,63;110182;632x505;2,7617;23;0,982943207;35,38112733;18,83508689;;;;;
studentsculpture;24;0,099630178;4,77;105941;632x505;2,6554;24;0,981489639;35,03119272;20,41555019;;;;;
studentsculpture;25;0,097309862;4,44;100277;632x505;2,5135;25;0,979167232;34,53918265;22,86452041;;;;;
studentsculpture;26;0,095206457;4,43;95049;632x505;2,3824;26;0,976827951;34,06240707;25,51758992;;;;;
studentsculpture;27;0,094196745;4,39;90122;632x505;2,2589;27;0,974417661;33,63117215;28,18143773;;;;;
studentsculpture;28;0,092445412;4,27;85842;632x505;2,1516;28;0,971969187;33,2310434;30,90124807;;;;;
studentsculpture;29;0,091603179;4,26;81800;632x505;2,0503;29;0,969287841;32,83326243;33,86523687;;;;;
studentsculpture;30;0,089971577;4,23;78189;632x505;1,9598;30;0,966833597;32,48801026;36,66733404;;;;;
studentsculpture;31;0,088189162;4,1;73407;632x505;1,84;31;0,96262219;31,98717223;41,149365;;;;;
studentsculpture;32;0,0871075;4,13;68731;632x505;1,7227;32;0,958421896;31,51605571;45,86430213;;;;;
studentsculpture;33;0,086401938;4,11;64995;632x505;1,6291;33;0,954778417;31,1003031;50,47194615;;;;;
studentsculpture;34;0,084646324;4,04;61226;632x505;1,5346;34;0,950410163;30,6961635;55,39416385;;;;;
womanhat;0;0,111844524;5,53;374937;480x720;8,679;0;0,998381068;52,81744379;0,339888117;;;;;
womanhat;1;0,104296308;5,13;263706;480x720;6,1043;1;0,996253464;48,44841602;0,929477238;;;;;
womanhat;2;0,091067379;4,44;210561;480x720;4,874;2;0,995036975;47,27906685;1,216672454;;;;;
womanhat;3;0,087904512;4,25;175884;480x720;4,0713;3;0,993690836;46,29877543;1,52476466;;;;;
womanhat;4;0,085338956;4,29;153663;480x720;3,557;4;0,992086358;45,47847726;1,841758295;;;;;
womanhat;5;0,08251179;4,2;135315;480x720;3,1322;5;0,990190692;44,65433807;2,226622299;;;;;
womanhat;6;0,079792924;3,92;121844;480x720;2,8204;6;0,988174713;43,93157105;2,629803241;;;;;
womanhat;7;0,076814088;3,86;109961;480x720;2,5453;7;0,985898776;43,26381827;3,066892361;;;;;
womanhat;8;0,073600011;3,64;100883;480x720;2,3352;8;0,983649168;42,66254927;3,522292631;;;;;
womanhat;9;0,070949385;3,71;92453;480x720;2,1401;9;0,981041612;42,13913342;3,973443287;;;;;
womanhat;10;0,06882232;3,46;85881;480x720;1,9879;10;0,978753858;41,68851262;4,407873264;;;;;
womanhat;11;0,069007501;3,53;79912;480x720;1,8498;11;0,976217994;41,20556685;4,926331983;;;;;
womanhat;12;0,065439463;2,95;74234;480x720;1,7183;12;0,973440812;40,73557308;5,489376929;;;;;
womanhat;13;0,064722101;3,44;69859;480x720;1,6171;13;0,97094798;40,36603945;5,976905864;;;;;
womanhat;14;0,063440468;3,19;65813;480x720;1,5234;14;0,968623155;40,01677789;6,477427662;;;;;
womanhat;15;0,062580956;3,21;62119;480x720;1,4379;15;0,966066671;39,66404876;7,025471644;;;;;
womanhat;16;0,061769465;3,15;58415;480x720;1,3521;16;0,963079142;39,28361571;7,668647762;;;;;
womanhat;17;0,060508512;3,05;55356;480x720;1,2813;17;0,960597853;38,95686955;8,267865548;;;;;
womanhat;18;0,060840883;3,23;52768;480x720;1,2214;18;0,958183831;38,68524534;8,801482446;;;;;
womanhat;19;0,059842631;3,11;50202;480x720;1,162;19;0,955770418;38,39236413;9,415512153;;;;;
womanhat;20;0,063465989;3,19;47662;480x720;1,1032;20;0,952895751;38,0794447;10,11896026;;;;;
womanhat;21;0,058651138;3;45582;480x720;1,0551;21;0,950553246;37,83124348;10,71410783;;;;;
woman;0;0,118254717;5,94;467847;480x720;10,8297;0;0,998836938;53,13191574;0,316146798;;;;;
woman;1;0,113050576;5,47;352941;480x720;8,1699;1;0,997457105;48,35923274;0,948761574;;;;;
woman;2;0,10572565;5,16;292380;480x720;6,768;2;0,996681753;47,06993983;1,276692708;;;;;
woman;3;0,102728405;5,09;251554;480x720;5,823;3;0,995788069;46,00132757;1,632854938;;;;;
woman;4;0,10056087;4,93;224835;480x720;5,2045;4;0,994787266;45,09917232;2,009847608;;;;;
woman;5;0,098812966;4,9;202303;480x720;4,6829;5;0,993513461;44,20694711;2,468230131;;;;;
woman;6;0,096445891;4,75;186064;480x720;4,307;6;0,992129773;43,44011988;2,944885224;;;;;
woman;7;0,092773542;4,6;170819;480x720;3,9541;7;0,990451435;42,7200792;3,475941358;;;;;
woman;8;0,090614327;4,49;159006;480x720;3,6806;8;0,988618765;42,05901369;4,047426698;;;;;
woman;9;0,08682476;4,38;147804;480x720;3,4213;9;0,986618161;41,42742328;4,680993441;;;;;
woman;10;0,083661833;4,16;138732;480x720;3,2113;10;0,984465167;40,88800223;5,300052083;;;;;
woman;11;0,081391047;4;130569;480x720;3,0224;11;0,982305791;40,37797205;5,960506366;;;;;
woman;12;0,078770792;3,9;122448;480x720;2,8344;12;0,979820718;39,84079528;6,74529321;;;;;
woman;13;0,077008688;3,86;116236;480x720;2,6906;13;0,977434493;39,41738941;7,436034915;;;;;
woman;14;0,075815275;4,1;110116;480x720;2,5489;14;0,975013513;39,02780065;8,133927469;;;;;
woman;15;0,074884394;3,8;104896;480x720;2,4281;15;0,972763008;38,64719286;8,878939043;;;;;
woman;16;0,075065303;3,94;99457;480x720;2,3022;16;0,970234121;38,24545015;9,739470486;;;;;
woman;17;0,072897849;3,68;95057;480x720;2,2003;17;0,967876901;37,90792076;10,52660397;;;;;
woman;18;0,071999317;3,64;91193;480x720;2,1109;18;0,965718831;37,61712308;11,25558449;;;;;
woman;19;0,071133335;3,64;87539;480x720;2,0263;19;0,963398864;37,3176025;12,05924479;;;;;
woman;20;0,070353304;3,64;83796;480x720;1,9397;20;0,961209837;36,99855014;12,97852527;;;;;
woman;21;0,070242333;3,59;80646;480x720;1,8668;21;0,958883492;36,71648008;13,84944444;;;;;
woman;22;0,069585222;3,66;77618;480x720;1,7967;22;0,956715606;36,4703932;14,65686343;;;;;
woman;23;0,069169001;3,61;75062;480x720;1,7375;23;0,954816575;36,22499109;15,50890914;;;;;
woman;24;0,069773942;3,69;71998;480x720;1,6666;24;0,952286307;35,93702747;16,57210262;;;;;
